interacao_id;usuario_id;conteudo_id;tipo_interacao;data_hora;tempo_consumido;percentual_conclusao;avaliacao_atribuida;_execucao_id;_origem;_ingerido_em
2653;1;186;avaliação;2026-08-02 01:42:02.0;18;63.7;4;94a6eddb-539d-4896-9461-d13184fee7bc;dados/brutos/interacoes.json;2026-09-28 19:48:08.793432
2654;1;784;compartilhamento;2026-09-02 10:53:05.0;352;44.3;;94a6eddb-539d-4896-9461-d13184fee7bc;dados/brutos/lote_2/interacoes.json;2026-09-28 19:48:08.793432
2655;1;890;conclusão;2026-06-19 16:08:34.0;40;100.0;4;94a6eddb-539d-4896-9461-d13184fee7bc;dados/brutos/interacoes.json;2026-09-28 19:48:08.793432
2656;1;916;visualização;2026-06-02 20:47:01.0;487;30.7;;94a6eddb-539d-4896-9461-d13184fee7bc;dados/brutos/interacoes.json;2026-09-28 19:48:08.878531
2657;2;131;avaliação;2026-03-06 04:24:08.0;35;96.8;4;94a6eddb-539d-4896-9461-d13184fee7bc;dados/brutos/interacoes.json;2026-09-28 19:48:08.878531
2658;2;131;visualização;2026-06-26 21:53:58.0;25;69.1;;94a6eddb-539d-4896-9461-d13184fee7bc;dados/brutos/interacoes.json;2026-09-28 19:48:08.793432
2659;2;134;compartilhamento;2026-09-25 00:58:37.0;39;57.7;;94a6eddb-539d-4896-9461-d13184fee7bc;dados/brutos/lote_2/interacoes.json;2026-09-28 19:48:08.793432
2660;2;194;visualização;2026-09-03 08:38:33.0;69;84.4;;94a6eddb-539d-4896-9461-d13184fee7bc;dados/brutos/lote_2/interacoes.json;2026-09-28 19:48:08.793432
2661;2;313;visualização;2026-05-28 03:54:56.0;90;31.8;;94a6eddb-539d-4896-9461-d13184fee7bc;dados/brutos/interacoes.json;2026-09-28 19:48:08.878531
2662;2;485;visualização;2026-09-18 13:01:49.0;8;10.6;;94a6eddb-539d-4896-9461-d13184fee7bc;dados/brutos/lote_2/interacoes.json;2026-09-28 19:48:08.793432
2663;2;524;visualização;2026-02-06 06:24:09.0;24;51.2;;94a6eddb-539d-4896-9461-d13184fee7bc;dados/brutos/interacoes.json;2026-09-28 19:48:08.793432
2664;2;563;curtida;2026-07-17 06:54:13.0;16;58.0;5;94a6eddb-539d-4896-9461-d13184fee7bc;dados/brutos/interacoes.json;2026-09-28 19:48:08.878531
2665;2;754;início;2026-02-18 10:11:20.0;112;10.3;;94a6eddb-539d-4896-9461-d13184fee7bc;dados/brutos/interacoes.json;2026-09-28 19:48:08.878531
2666;2;757;início;2026-08-28 00:39:34.0;39;6.0;;94a6eddb-539d-4896-9461-d13184fee7bc;dados/brutos/lote_2/interacoes.json;2026-09-28 19:48:08.793432
2667;2;817;conclusão;2026-03-27 20:29:38.0;73;100.0;5;94a6eddb-539d-4896-9461-d13184fee7bc;dados/brutos/interacoes.json;2026-09-28 19:48:08.878531
2668;2;852;curtida;2026-09-03 22:31:49.0;67;96.4;5;94a6eddb-539d-4896-9461-d13184fee7bc;dados/brutos/lote_2/interacoes.json;2026-09-28 19:48:08.793432
2669;3;48;início;2026-03-15 07:14:32.0;4;6.9;;94a6eddb-539d-4896-9461-d13184fee7bc;dados/brutos/interacoes.json;2026-09-28 19:48:08.793432
2670;3;169;início;2026-02-25 19:53:40.0;11;10.9;;94a6eddb-539d-4896-9461-d13184fee7bc;dados/brutos/interacoes.json;2026-09-28 19:48:08.878531
2671;3;391;visualização;2026-05-19 14:55:56.0;6;24.9;;94a6eddb-539d-4896-9461-d13184fee7bc;dados/brutos/interacoes.json;2026-09-28 19:48:08.793432
2672;3;423;curtida;2026-09-05 17:16:34.0;18;63.8;5;94a6eddb-539d-4896-9461-d13184fee7bc;dados/brutos/lote_2/interacoes.json;2026-09-28 19:48:08.793432
2673;3;560;visualização;2026-08-30 18:19:14.0;21;34.7;;94a6eddb-539d-4896-9461-d13184fee7bc;dados/brutos/lote_2/interacoes.json;2026-09-28 19:48:08.793432
2674;3;614;conclusão;2026-03-21 10:54:52.0;28;100.0;;94a6eddb-539d-4896-9461-d13184fee7bc;dados/brutos/interacoes.json;2026-09-28 19:48:08.793432
2675;3;628;início;2026-05-09 17:43:43.0;7;8.0;;94a6eddb-539d-4896-9461-d13184fee7bc;dados/brutos/interacoes.json;2026-09-28 19:48:08.878531
2676;4;94;conclusão;2026-09-10 02:43:35.0;251;100.0;3;94a6eddb-539d-4896-9461-d13184fee7bc;dados/brutos/lote_2/interacoes.json;2026-09-28 19:48:08.793432
2677;4;216;visualização;2026-08-22 07:24:28.0;88;49.0;;94a6eddb-539d-4896-9461-d13184fee7bc;dados/brutos/interacoes.json;2026-09-28 19:48:08.878531
2678;4;300;visualização;2026-02-22 04:27:44.0;27;43.4;;94a6eddb-539d-4896-9461-d13184fee7bc;dados/brutos/interacoes.json;2026-09-28 19:48:08.878531
2679;4;535;avaliação;2026-08-03 10:50:46.0;13;82.1;5;94a6eddb-539d-4896-9461-d13184fee7bc;dados/brutos/interacoes.json;2026-09-28 19:48:08.793432
2680;5;14;visualização;2026-04-07 22:56:30.0;22;27.5;;94a6eddb-539d-4896-9461-d13184fee7bc;dados/brutos/interacoes.json;2026-09-28 19:48:08.793432
2681;5;249;visualização;2026-01-15 05:17:57.0;4;30.3;;94a6eddb-539d-4896-9461-d13184fee7bc;dados/brutos/interacoes.json;2026-09-28 19:48:08.878531
2682;5;422;conclusão;2026-06-06 13:28:28.0;1182;100.0;5;94a6eddb-539d-4896-9461-d13184fee7bc;dados/brutos/interacoes.json;2026-09-28 19:48:08.878531
2683;5;472;compartilhamento;2026-07-20 04:03:21.0;304;65.7;;94a6eddb-539d-4896-9461-d13184fee7bc;dados/brutos/interacoes.json;2026-09-28 19:48:08.878531
2684;5;603;avaliação;2026-05-02 18:17:02.0;551;57.0;2;94a6eddb-539d-4896-9461-d13184fee7bc;dados/brutos/interacoes.json;2026-09-28 19:48:08.878531
2685;5;655;visualização;2026-08-11 22:03:53.0;114;41.7;;94a6eddb-539d-4896-9461-d13184fee7bc;dados/brutos/interacoes.json;2026-09-28 19:48:08.878531
2686;5;656;conclusão;2026-01-22 07:34:56.0;42;100.0;4;94a6eddb-539d-4896-9461-d13184fee7bc;dados/brutos/interacoes.json;2026-09-28 19:48:08.878531
2687;5;877;início;2026-01-25 01:41:29.0;4;11.6;;94a6eddb-539d-4896-9461-d13184fee7bc;dados/brutos/interacoes.json;2026-09-28 19:48:08.793432
2688;5;890;visualização;2026-03-26 22:38:15.0;23;59.5;;94a6eddb-539d-4896-9461-d13184fee7bc;dados/brutos/interacoes.json;2026-09-28 19:48:08.878531
2689;5;923;início;2026-09-08 20:21:15.0;1;1.2;;94a6eddb-539d-4896-9461-d13184fee7bc;dados/brutos/lote_2/interacoes.json;2026-09-28 19:48:08.793432
2690;5;934;conclusão;2026-09-25 15:58:21.0;14;100.0;4;94a6eddb-539d-4896-9461-d13184fee7bc;dados/brutos/lote_2/interacoes.json;2026-09-28 19:48:08.793432
2691;6;252;visualização;2026-05-21 15:26:13.0;356;63.5;;94a6eddb-539d-4896-9461-d13184fee7bc;dados/brutos/interacoes.json;2026-09-28 19:48:08.793432
2692;6;418;compartilhamento;2026-01-04 21:08:00.0;44;74.9;;94a6eddb-539d-4896-9461-d13184fee7bc;dados/brutos/interacoes.json;2026-09-28 19:48:08.878531
2693;6;509;visualização;2026-03-08 20:22:29.0;63;80.1;;94a6eddb-539d-4896-9461-d13184fee7bc;dados/brutos/interacoes.json;2026-09-28 19:48:08.793432
2694;6;568;conclusão;2026-08-28 09:09:19.0;21;100.0;5;94a6eddb-539d-4896-9461-d13184fee7bc;dados/brutos/lote_2/interacoes.json;2026-09-28 19:48:08.793432
2695;6;642;visualização;2026-09-05 11:12:34.0;20;22.7;;94a6eddb-539d-4896-9461-d13184fee7bc;dados/brutos/lote_2/interacoes.json;2026-09-28 19:48:08.793432
2696;6;964;visualização;2026-09-25 03:29:28.0;26;55.5;;94a6eddb-539d-4896-9461-d13184fee7bc;dados/brutos/lote_2/interacoes.json;2026-09-28 19:48:08.793432
2697;6;1022;visualização;2026-09-23 21:16:31.0;344;19.7;;94a6eddb-539d-4896-9461-d13184fee7bc;dados/brutos/lote_2/interacoes.json;2026-09-28 19:48:08.793432
2698;7;137;curtida;2026-01-03 20:27:12.0;768;75.6;5;94a6eddb-539d-4896-9461-d13184fee7bc;dados/brutos/interacoes.json;2026-09-28 19:48:08.793432
2699;7;179;visualização;2026-08-31 01:52:39.0;1442;61.9;;94a6eddb-539d-4896-9461-d13184fee7bc;dados/brutos/lote_2/interacoes.json;2026-09-28 19:48:08.793432
2700;7;339;início;2026-04-12 07:50:04.0;74;13.6;;94a6eddb-539d-4896-9461-d13184fee7bc;dados/brutos/interacoes.json;2026-09-28 19:48:08.793432
2701;7;359;visualização;2026-09-05 11:21:08.0;431;75.9;;94a6eddb-539d-4896-9461-d13184fee7bc;dados/brutos/lote_2/interacoes.json;2026-09-28 19:48:08.793432
2702;7;473;início;2026-09-11 22:14:15.0;107;7.6;;94a6eddb-539d-4896-9461-d13184fee7bc;dados/brutos/lote_2/interacoes.json;2026-09-28 19:48:08.793432
2703;7;556;visualização;2026-09-22 15:09:55.0;26;34.4;;94a6eddb-539d-4896-9461-d13184fee7bc;dados/brutos/lote_2/interacoes.json;2026-09-28 19:48:08.793432
2704;7;719;início;2026-08-30 05:25:35.0;26;2.9;;94a6eddb-539d-4896-9461-d13184fee7bc;dados/brutos/lote_2/interacoes.json;2026-09-28 19:48:08.793432
2705;7;951;curtida;2026-08-29 03:37:41.0;43;99.6;5;94a6eddb-539d-4896-9461-d13184fee7bc;dados/brutos/lote_2/interacoes.json;2026-09-28 19:48:08.793432
2706;8;53;conclusão;2026-09-20 23:58:19.0;40;100.0;3;94a6eddb-539d-4896-9461-d13184fee7bc;dados/brutos/lote_2/interacoes.json;2026-09-28 19:48:08.793432
2707;8;266;início;2026-09-07 13:27:43.0;22;8.5;;94a6eddb-539d-4896-9461-d13184fee7bc;dados/brutos/lote_2/interacoes.json;2026-09-28 19:48:08.793432
2708;8;566;visualização;2026-06-23 21:29:05.0;15;18.6;;94a6eddb-539d-4896-9461-d13184fee7bc;dados/brutos/interacoes.json;2026-09-28 19:48:08.878531
2709;8;737;visualização;2026-05-02 11:13:24.0;8;25.3;;94a6eddb-539d-4896-9461-d13184fee7bc;dados/brutos/interacoes.json;2026-09-28 19:48:08.793432
2710;8;892;conclusão;2026-01-11 18:51:51.0;70;100.0;5;94a6eddb-539d-4896-9461-d13184fee7bc;dados/brutos/interacoes.json;2026-09-28 19:48:08.878531
2711;8;900;visualização;2026-09-19 23:13:48.0;537;40.1;;94a6eddb-539d-4896-9461-d13184fee7bc;dados/brutos/lote_2/interacoes.json;2026-09-28 19:48:08.793432
2712;8;945;início;2026-07-08 18:27:10.0;87;7.3;;94a6eddb-539d-4896-9461-d13184fee7bc;dados/brutos/interacoes.json;2026-09-28 19:48:08.793432
2713;8;948;início;2026-01-28 21:14:30.0;3;10.9;;94a6eddb-539d-4896-9461-d13184fee7bc;dados/brutos/interacoes.json;2026-09-28 19:48:08.793432
2714;9;325;visualização;2026-07-28 14:15:52.0;1;28.0;;94a6eddb-539d-4896-9461-d13184fee7bc;dados/brutos/interacoes.json;2026-09-28 19:48:08.878531
2715;9;650;curtida;2026-04-02 15:08:28.0;145;49.5;5;94a6eddb-539d-4896-9461-d13184fee7bc;dados/brutos/interacoes.json;2026-09-28 19:48:08.878531
2716;9;707;visualização;2026-04-29 23:16:42.0;5;38.8;;94a6eddb-539d-4896-9461-d13184fee7bc;dados/brutos/interacoes.json;2026-09-28 19:48:08.793432
2717;9;790;conclusão;2026-04-03 14:49:19.0;63;100.0;4;94a6eddb-539d-4896-9461-d13184fee7bc;dados/brutos/interacoes.json;2026-09-28 19:48:08.793432
2718;10;171;avaliação;2026-02-12 17:46:30.0;568;52.5;4;94a6eddb-539d-4896-9461-d13184fee7bc;dados/brutos/interacoes.json;2026-09-28 19:48:08.878531
2719;10;206;início;2026-08-22 10:21:42.0;5;1.5;;94a6eddb-539d-4896-9461-d13184fee7bc;dados/brutos/interacoes.json;2026-09-28 19:48:08.878531
2720;10;534;início;2026-07-11 15:32:17.0;4;13.7;;94a6eddb-539d-4896-9461-d13184fee7bc;dados/brutos/interacoes.json;2026-09-28 19:48:08.878531
2721;10;691;conclusão;2026-03-11 09:36:18.0;20;100.0;3;94a6eddb-539d-4896-9461-d13184fee7bc;dados/brutos/interacoes.json;2026-09-28 19:48:08.878531
2722;10;755;início;2026-09-21 15:54:04.0;1;14.9;;94a6eddb-539d-4896-9461-d13184fee7bc;dados/brutos/lote_2/interacoes.json;2026-09-28 19:48:08.793432
2723;10;755;início;2026-09-22 08:16:36.0;1;8.0;;94a6eddb-539d-4896-9461-d13184fee7bc;dados/brutos/lote_2/interacoes.json;2026-09-28 19:48:08.793432
2724;10;762;conclusão;2026-02-13 04:40:14.0;609;100.0;3;94a6eddb-539d-4896-9461-d13184fee7bc;dados/brutos/interacoes.json;2026-09-28 19:48:08.793432
2725;10;785;conclusão;2026-06-24 04:16:21.0;10;100.0;;94a6eddb-539d-4896-9461-d13184fee7bc;dados/brutos/interacoes.json;2026-09-28 19:48:08.878531
2726;10;859;visualização;2026-09-17 18:15:46.0;31;69.4;;94a6eddb-539d-4896-9461-d13184fee7bc;dados/brutos/lote_2/interacoes.json;2026-09-28 19:48:08.793432
2727;11;28;avaliação;2026-08-14 04:53:58.0;19;54.0;4;94a6eddb-539d-4896-9461-d13184fee7bc;dados/brutos/interacoes.json;2026-09-28 19:48:08.793432
2728;11;145;curtida;2026-09-19 06:26:12.0;18;76.2;5;94a6eddb-539d-4896-9461-d13184fee7bc;dados/brutos/lote_2/interacoes.json;2026-09-28 19:48:08.793432
2729;11;253;início;2026-09-05 09:50:56.0;2;7.5;;94a6eddb-539d-4896-9461-d13184fee7bc;dados/brutos/lote_2/interacoes.json;2026-09-28 19:48:08.793432
2730;11;267;visualização;2026-06-15 11:09:54.0;306;30.8;;94a6eddb-539d-4896-9461-d13184fee7bc;dados/brutos/interacoes.json;2026-09-28 19:48:08.793432
2731;11;412;visualização;2026-06-29 20:17:17.0;22;61.8;;94a6eddb-539d-4896-9461-d13184fee7bc;dados/brutos/interacoes.json;2026-09-28 19:48:08.878531
2732;11;569;compartilhamento;2026-09-07 18:20:06.0;14;67.7;;94a6eddb-539d-4896-9461-d13184fee7bc;dados/brutos/lote_2/interacoes.json;2026-09-28 19:48:08.793432
2733;36;101;início;2026-05-18 14:29:08.0;5;10.0;;94a6eddb-539d-4896-9461-d13184fee7bc;dados/brutos/interacoes.json;2026-09-28 19:48:08.793432
2734;11;666;compartilhamento;2026-02-18 06:13:51.0;363;37.6;;94a6eddb-539d-4896-9461-d13184fee7bc;dados/brutos/interacoes.json;2026-09-28 19:48:08.793432
2735;11;703;curtida;2026-08-04 00:33:22.0;17;99.8;5;94a6eddb-539d-4896-9461-d13184fee7bc;dados/brutos/interacoes.json;2026-09-28 19:48:08.793432
2736;11;744;curtida;2026-09-13 23:19:02.0;11;52.4;5;94a6eddb-539d-4896-9461-d13184fee7bc;dados/brutos/lote_2/interacoes.json;2026-09-28 19:48:08.793432
2737;12;95;visualização;2026-02-21 21:27:27.0;469;40.7;;94a6eddb-539d-4896-9461-d13184fee7bc;dados/brutos/interacoes.json;2026-09-28 19:48:08.793432
2738;12;193;visualização;2026-04-26 22:54:53.0;10;36.0;;94a6eddb-539d-4896-9461-d13184fee7bc;dados/brutos/interacoes.json;2026-09-28 19:48:08.793432
2739;12;310;visualização;2026-05-02 02:53:07.0;4;10.0;;94a6eddb-539d-4896-9461-d13184fee7bc;dados/brutos/interacoes.json;2026-09-28 19:48:08.878531
2740;12;554;avaliação;2026-05-07 13:15:32.0;107;55.1;4;94a6eddb-539d-4896-9461-d13184fee7bc;dados/brutos/interacoes.json;2026-09-28 19:48:08.878531
2741;12;751;curtida;2026-06-06 07:57:25.0;518;74.0;5;94a6eddb-539d-4896-9461-d13184fee7bc;dados/brutos/interacoes.json;2026-09-28 19:48:08.793432
2742;12;910;curtida;2026-04-29 18:11:17.0;13;55.1;5;94a6eddb-539d-4896-9461-d13184fee7bc;dados/brutos/interacoes.json;2026-09-28 19:48:08.793432
2743;12;918;curtida;2026-07-01 04:09:02.0;418;66.6;5;94a6eddb-539d-4896-9461-d13184fee7bc;dados/brutos/interacoes.json;2026-09-28 19:48:08.793432
2744;12;974;conclusão;2026-09-01 21:47:38.0;71;100.0;5;94a6eddb-539d-4896-9461-d13184fee7bc;dados/brutos/lote_2/interacoes.json;2026-09-28 19:48:08.793432
2745;12;996;avaliação;2026-08-29 17:11:04.0;45;59.9;5;94a6eddb-539d-4896-9461-d13184fee7bc;dados/brutos/lote_2/interacoes.json;2026-09-28 19:48:08.793432
2746;13;128;compartilhamento;2026-03-30 15:27:54.0;11;63.1;;94a6eddb-539d-4896-9461-d13184fee7bc;dados/brutos/interacoes.json;2026-09-28 19:48:08.793432
2747;13;406;início;2026-06-03 03:21:49.0;1;2.2;;94a6eddb-539d-4896-9461-d13184fee7bc;dados/brutos/interacoes.json;2026-09-28 19:48:08.878531
2748;13;815;visualização;2026-08-31 13:57:56.0;4;39.0;;94a6eddb-539d-4896-9461-d13184fee7bc;dados/brutos/lote_2/interacoes.json;2026-09-28 19:48:08.793432
2749;14;183;visualização;2026-09-16 08:29:19.0;17;58.7;;94a6eddb-539d-4896-9461-d13184fee7bc;dados/brutos/lote_2/interacoes.json;2026-09-28 19:48:08.793432
2750;14;268;início;2026-04-12 01:36:47.0;4;13.2;;94a6eddb-539d-4896-9461-d13184fee7bc;dados/brutos/interacoes.json;2026-09-28 19:48:08.793432
2751;14;448;avaliação;2026-07-10 20:11:18.0;176;76.9;4;94a6eddb-539d-4896-9461-d13184fee7bc;dados/brutos/interacoes.json;2026-09-28 19:48:08.793432
2752;14;547;visualização;2026-02-22 06:40:30.0;4;64.6;;94a6eddb-539d-4896-9461-d13184fee7bc;dados/brutos/interacoes.json;2026-09-28 19:48:08.793432
2753;14;707;início;2026-08-15 10:49:55.0;1;4.1;;94a6eddb-539d-4896-9461-d13184fee7bc;dados/brutos/interacoes.json;2026-09-28 19:48:08.878531
2754;14;729;curtida;2026-07-09 11:27:58.0;33;48.9;5;94a6eddb-539d-4896-9461-d13184fee7bc;dados/brutos/interacoes.json;2026-09-28 19:48:08.793432
2755;14;904;visualização;2026-04-16 17:28:19.0;9;12.4;;94a6eddb-539d-4896-9461-d13184fee7bc;dados/brutos/interacoes.json;2026-09-28 19:48:08.878531
2756;15;40;conclusão;2026-05-14 20:40:37.0;16;100.0;4;94a6eddb-539d-4896-9461-d13184fee7bc;dados/brutos/interacoes.json;2026-09-28 19:48:08.793432
2757;15;95;visualização;2026-09-24 01:51:43.0;770;66.8;;94a6eddb-539d-4896-9461-d13184fee7bc;dados/brutos/lote_2/interacoes.json;2026-09-28 19:48:08.793432
2758;15;279;visualização;2026-09-15 15:04:44.0;25;75.7;;94a6eddb-539d-4896-9461-d13184fee7bc;dados/brutos/lote_2/interacoes.json;2026-09-28 19:48:08.793432
2759;15;637;início;2026-09-21 06:22:29.0;6;6.6;;94a6eddb-539d-4896-9461-d13184fee7bc;dados/brutos/lote_2/interacoes.json;2026-09-28 19:48:08.793432
2760;15;825;curtida;2026-04-29 01:28:10.0;41;42.4;5;94a6eddb-539d-4896-9461-d13184fee7bc;dados/brutos/interacoes.json;2026-09-28 19:48:08.793432
2761;15;826;visualização;2026-09-16 05:29:04.0;13;57.5;;94a6eddb-539d-4896-9461-d13184fee7bc;dados/brutos/lote_2/interacoes.json;2026-09-28 19:48:08.793432
2762;15;888;conclusão;2026-07-19 11:44:35.0;7;100.0;5;94a6eddb-539d-4896-9461-d13184fee7bc;dados/brutos/interacoes.json;2026-09-28 19:48:08.793432
2763;15;935;conclusão;2026-08-10 06:31:46.0;77;100.0;4;94a6eddb-539d-4896-9461-d13184fee7bc;dados/brutos/interacoes.json;2026-09-28 19:48:08.878531
2764;16;133;início;2026-04-04 01:41:46.0;2;10.5;;94a6eddb-539d-4896-9461-d13184fee7bc;dados/brutos/interacoes.json;2026-09-28 19:48:08.878531
2765;16;181;compartilhamento;2026-06-04 01:56:50.0;102;32.7;;94a6eddb-539d-4896-9461-d13184fee7bc;dados/brutos/interacoes.json;2026-09-28 19:48:08.793432
2766;16;240;conclusão;2026-08-11 20:10:15.0;36;100.0;5;94a6eddb-539d-4896-9461-d13184fee7bc;dados/brutos/interacoes.json;2026-09-28 19:48:08.878531
2767;16;241;visualização;2026-07-11 04:43:11.0;16;28.6;;94a6eddb-539d-4896-9461-d13184fee7bc;dados/brutos/interacoes.json;2026-09-28 19:48:08.878531
2768;16;258;avaliação;2026-04-17 14:02:13.0;1050;69.6;5;94a6eddb-539d-4896-9461-d13184fee7bc;dados/brutos/interacoes.json;2026-09-28 19:48:08.793432
2769;16;285;início;2026-06-12 13:57:49.0;1;10.7;;94a6eddb-539d-4896-9461-d13184fee7bc;dados/brutos/interacoes.json;2026-09-28 19:48:08.878531
2770;16;313;visualização;2026-06-22 06:41:01.0;37;13.2;;94a6eddb-539d-4896-9461-d13184fee7bc;dados/brutos/interacoes.json;2026-09-28 19:48:08.878531
2771;16;408;início;2026-02-27 17:04:02.0;92;13.1;;94a6eddb-539d-4896-9461-d13184fee7bc;dados/brutos/interacoes.json;2026-09-28 19:48:08.793432
2772;16;495;início;2026-08-12 05:17:06.0;1;2.5;;94a6eddb-539d-4896-9461-d13184fee7bc;dados/brutos/interacoes.json;2026-09-28 19:48:08.878531
2773;16;713;início;2026-05-22 14:41:37.0;4;6.8;;94a6eddb-539d-4896-9461-d13184fee7bc;dados/brutos/interacoes.json;2026-09-28 19:48:08.878531
2774;16;843;curtida;2026-03-25 10:48:52.0;14;58.2;5;94a6eddb-539d-4896-9461-d13184fee7bc;dados/brutos/interacoes.json;2026-09-28 19:48:08.793432
2775;16;999;visualização;2026-01-25 10:03:38.0;26;53.3;;94a6eddb-539d-4896-9461-d13184fee7bc;dados/brutos/interacoes.json;2026-09-28 19:48:08.793432
2776;17;42;compartilhamento;2026-03-30 18:21:19.0;46;77.2;;94a6eddb-539d-4896-9461-d13184fee7bc;dados/brutos/interacoes.json;2026-09-28 19:48:08.878531
2777;17;269;conclusão;2026-09-06 06:54:00.0;613;100.0;4;94a6eddb-539d-4896-9461-d13184fee7bc;dados/brutos/lote_2/interacoes.json;2026-09-28 19:48:08.793432
2778;17;338;curtida;2026-04-01 23:48:41.0;907;98.9;5;94a6eddb-539d-4896-9461-d13184fee7bc;dados/brutos/interacoes.json;2026-09-28 19:48:08.878531
2779;17;372;início;2026-09-08 06:31:05.0;5;14.8;;94a6eddb-539d-4896-9461-d13184fee7bc;dados/brutos/lote_2/interacoes.json;2026-09-28 19:48:08.793432
2780;17;428;avaliação;2026-09-11 17:19:26.0;25;83.5;5;94a6eddb-539d-4896-9461-d13184fee7bc;dados/brutos/lote_2/interacoes.json;2026-09-28 19:48:08.793432
2781;18;204;início;2026-09-21 03:51:32.0;4;7.2;;94a6eddb-539d-4896-9461-d13184fee7bc;dados/brutos/lote_2/interacoes.json;2026-09-28 19:48:08.793432
2782;18;231;visualização;2026-08-16 02:17:06.0;16;18.9;;94a6eddb-539d-4896-9461-d13184fee7bc;dados/brutos/interacoes.json;2026-09-28 19:48:08.793432
2783;18;474;visualização;2026-05-25 00:01:17.0;12;40.5;;94a6eddb-539d-4896-9461-d13184fee7bc;dados/brutos/interacoes.json;2026-09-28 19:48:08.878531
2784;18;845;início;2026-03-04 13:43:52.0;3;12.8;;94a6eddb-539d-4896-9461-d13184fee7bc;dados/brutos/interacoes.json;2026-09-28 19:48:08.878531
2785;18;889;conclusão;2026-09-05 19:15:03.0;40;100.0;4;94a6eddb-539d-4896-9461-d13184fee7bc;dados/brutos/lote_2/interacoes.json;2026-09-28 19:48:08.793432
2786;19;46;compartilhamento;2026-08-19 01:51:44.0;15;40.1;;94a6eddb-539d-4896-9461-d13184fee7bc;dados/brutos/interacoes.json;2026-09-28 19:48:08.793432
2787;19;198;visualização;2026-03-21 21:45:06.0;421;36.4;;94a6eddb-539d-4896-9461-d13184fee7bc;dados/brutos/interacoes.json;2026-09-28 19:48:08.878531
2788;19;259;curtida;2026-02-13 02:57:42.0;55;59.6;5;94a6eddb-539d-4896-9461-d13184fee7bc;dados/brutos/interacoes.json;2026-09-28 19:48:08.793432
2789;19;290;início;2026-03-25 18:47:30.0;1;2.2;;94a6eddb-539d-4896-9461-d13184fee7bc;dados/brutos/interacoes.json;2026-09-28 19:48:08.878531
2790;19;331;início;2026-03-23 10:36:29.0;3;3.7;;94a6eddb-539d-4896-9461-d13184fee7bc;dados/brutos/interacoes.json;2026-09-28 19:48:08.793432
2791;19;690;curtida;2026-04-09 15:34:15.0;10;89.0;5;94a6eddb-539d-4896-9461-d13184fee7bc;dados/brutos/interacoes.json;2026-09-28 19:48:08.793432
2792;19;697;visualização;2026-09-24 16:19:40.0;8;23.1;;94a6eddb-539d-4896-9461-d13184fee7bc;dados/brutos/lote_2/interacoes.json;2026-09-28 19:48:08.793432
2793;19;707;curtida;2026-08-28 19:26:42.0;12;93.4;5;94a6eddb-539d-4896-9461-d13184fee7bc;dados/brutos/lote_2/interacoes.json;2026-09-28 19:48:08.793432
2794;19;820;visualização;2026-09-08 02:26:01.0;24;34.5;;94a6eddb-539d-4896-9461-d13184fee7bc;dados/brutos/lote_2/interacoes.json;2026-09-28 19:48:08.793432
2795;20;69;compartilhamento;2026-02-05 16:37:41.0;282;79.9;;94a6eddb-539d-4896-9461-d13184fee7bc;dados/brutos/interacoes.json;2026-09-28 19:48:08.793432
2796;20;397;início;2026-09-08 22:04:57.0;29;4.5;;94a6eddb-539d-4896-9461-d13184fee7bc;dados/brutos/lote_2/interacoes.json;2026-09-28 19:48:08.793432
2797;20;451;conclusão;2026-09-11 22:39:15.0;15;100.0;5;94a6eddb-539d-4896-9461-d13184fee7bc;dados/brutos/lote_2/interacoes.json;2026-09-28 19:48:08.793432
2798;20;482;conclusão;2026-01-16 20:39:25.0;83;100.0;5;94a6eddb-539d-4896-9461-d13184fee7bc;dados/brutos/interacoes.json;2026-09-28 19:48:08.878531
2799;20;611;visualização;2026-04-16 21:17:31.0;13;58.2;;94a6eddb-539d-4896-9461-d13184fee7bc;dados/brutos/interacoes.json;2026-09-28 19:48:08.793432
2800;20;624;avaliação;2026-04-07 02:58:43.0;996;82.0;5;94a6eddb-539d-4896-9461-d13184fee7bc;dados/brutos/interacoes.json;2026-09-28 19:48:08.878531
2801;20;804;visualização;2026-09-24 12:51:22.0;20;51.7;;94a6eddb-539d-4896-9461-d13184fee7bc;dados/brutos/lote_2/interacoes.json;2026-09-28 19:48:08.793432
2802;20;985;início;2026-06-03 05:18:18.0;2;12.6;;94a6eddb-539d-4896-9461-d13184fee7bc;dados/brutos/interacoes.json;2026-09-28 19:48:08.878531
2803;21;164;visualização;2026-08-24 07:10:50.0;27;36.2;;94a6eddb-539d-4896-9461-d13184fee7bc;dados/brutos/interacoes.json;2026-09-28 19:48:08.878531
2804;21;430;visualização;2026-02-17 06:42:02.0;2201;75.3;;94a6eddb-539d-4896-9461-d13184fee7bc;dados/brutos/interacoes.json;2026-09-28 19:48:08.793432
2805;21;433;curtida;2026-06-11 01:40:47.0;46;79.9;5;94a6eddb-539d-4896-9461-d13184fee7bc;dados/brutos/interacoes.json;2026-09-28 19:48:08.878531
2806;21;679;visualização;2026-07-18 18:30:08.0;2;13.6;;94a6eddb-539d-4896-9461-d13184fee7bc;dados/brutos/interacoes.json;2026-09-28 19:48:08.878531
2807;21;776;conclusão;2026-01-04 09:51:05.0;29;100.0;4;94a6eddb-539d-4896-9461-d13184fee7bc;dados/brutos/interacoes.json;2026-09-28 19:48:08.793432
2808;21;845;conclusão;2026-05-04 16:22:03.0;24;100.0;;94a6eddb-539d-4896-9461-d13184fee7bc;dados/brutos/interacoes.json;2026-09-28 19:48:08.878531
2809;21;945;visualização;2026-08-21 05:32:27.0;821;68.2;;94a6eddb-539d-4896-9461-d13184fee7bc;dados/brutos/interacoes.json;2026-09-28 19:48:08.878531
2810;22;15;compartilhamento;2026-08-03 07:41:09.0;2093;94.5;;94a6eddb-539d-4896-9461-d13184fee7bc;dados/brutos/interacoes.json;2026-09-28 19:48:08.878531
2811;22;54;início;2026-08-28 10:55:05.0;42;3.7;;94a6eddb-539d-4896-9461-d13184fee7bc;dados/brutos/lote_2/interacoes.json;2026-09-28 19:48:08.793432
2812;22;97;início;2026-08-30 12:03:57.0;275;10.7;;94a6eddb-539d-4896-9461-d13184fee7bc;dados/brutos/lote_2/interacoes.json;2026-09-28 19:48:08.793432
2813;22;103;início;2026-09-15 08:23:50.0;2;10.6;;94a6eddb-539d-4896-9461-d13184fee7bc;dados/brutos/lote_2/interacoes.json;2026-09-28 19:48:08.793432
2814;22;120;início;2026-09-20 12:39:13.0;4;12.7;;94a6eddb-539d-4896-9461-d13184fee7bc;dados/brutos/lote_2/interacoes.json;2026-09-28 19:48:08.793432
2815;22;204;compartilhamento;2026-04-10 08:30:33.0;26;52.8;;94a6eddb-539d-4896-9461-d13184fee7bc;dados/brutos/interacoes.json;2026-09-28 19:48:08.878531
2816;22;232;conclusão;2026-09-22 13:45:07.0;6;100.0;5;94a6eddb-539d-4896-9461-d13184fee7bc;dados/brutos/lote_2/interacoes.json;2026-09-28 19:48:08.793432
2817;22;295;início;2026-07-25 11:58:36.0;1;2.5;;94a6eddb-539d-4896-9461-d13184fee7bc;dados/brutos/interacoes.json;2026-09-28 19:48:08.878531
2818;22;315;início;2026-09-14 18:34:45.0;14;14.2;;94a6eddb-539d-4896-9461-d13184fee7bc;dados/brutos/lote_2/interacoes.json;2026-09-28 19:48:08.793432
2819;22;359;curtida;2026-01-31 16:56:29.0;567;99.9;5;94a6eddb-539d-4896-9461-d13184fee7bc;dados/brutos/interacoes.json;2026-09-28 19:48:08.878531
2820;22;421;início;2026-03-23 11:01:06.0;34;2.8;;94a6eddb-539d-4896-9461-d13184fee7bc;dados/brutos/interacoes.json;2026-09-28 19:48:08.793432
2821;22;438;visualização;2026-05-16 15:21:04.0;65;57.0;;94a6eddb-539d-4896-9461-d13184fee7bc;dados/brutos/interacoes.json;2026-09-28 19:48:08.878531
2822;22;615;visualização;2026-01-12 13:52:51.0;20;80.0;;94a6eddb-539d-4896-9461-d13184fee7bc;dados/brutos/interacoes.json;2026-09-28 19:48:08.793432
2823;22;718;visualização;2026-04-15 01:51:34.0;40;54.2;;94a6eddb-539d-4896-9461-d13184fee7bc;dados/brutos/interacoes.json;2026-09-28 19:48:08.878531
2824;22;768;visualização;2026-08-28 09:32:12.0;16;47.7;;94a6eddb-539d-4896-9461-d13184fee7bc;dados/brutos/lote_2/interacoes.json;2026-09-28 19:48:08.793432
2825;22;810;início;2026-04-23 22:10:41.0;6;5.7;;94a6eddb-539d-4896-9461-d13184fee7bc;dados/brutos/interacoes.json;2026-09-28 19:48:08.793432
2826;22;842;visualização;2026-01-28 20:49:42.0;275;37.2;;94a6eddb-539d-4896-9461-d13184fee7bc;dados/brutos/interacoes.json;2026-09-28 19:48:08.878531
2827;22;916;visualização;2026-01-15 08:48:47.0;371;23.4;;94a6eddb-539d-4896-9461-d13184fee7bc;dados/brutos/interacoes.json;2026-09-28 19:48:08.793432
2828;23;106;compartilhamento;2026-08-27 16:32:24.0;1668;53.6;;94a6eddb-539d-4896-9461-d13184fee7bc;dados/brutos/lote_2/interacoes.json;2026-09-28 19:48:08.793432
2829;23;190;curtida;2026-08-03 06:43:37.0;254;97.1;5;94a6eddb-539d-4896-9461-d13184fee7bc;dados/brutos/interacoes.json;2026-09-28 19:48:08.793432
2830;23;590;início;2026-03-18 01:48:06.0;2;7.8;;94a6eddb-539d-4896-9461-d13184fee7bc;dados/brutos/interacoes.json;2026-09-28 19:48:08.793432
2831;23;660;visualização;2026-02-23 19:37:06.0;30;37.2;;94a6eddb-539d-4896-9461-d13184fee7bc;dados/brutos/interacoes.json;2026-09-28 19:48:08.793432
2832;23;788;visualização;2026-09-24 02:08:21.0;3;16.6;;94a6eddb-539d-4896-9461-d13184fee7bc;dados/brutos/lote_2/interacoes.json;2026-09-28 19:48:08.793432
2833;23;949;visualização;2026-05-08 14:00:36.0;14;74.6;;94a6eddb-539d-4896-9461-d13184fee7bc;dados/brutos/interacoes.json;2026-09-28 19:48:08.793432
2834;24;36;curtida;2026-06-01 01:47:51.0;50;46.0;5;94a6eddb-539d-4896-9461-d13184fee7bc;dados/brutos/interacoes.json;2026-09-28 19:48:08.793432
2835;24;181;visualização;2026-09-04 03:50:48.0;258;82.7;;94a6eddb-539d-4896-9461-d13184fee7bc;dados/brutos/lote_2/interacoes.json;2026-09-28 19:48:08.793432
2836;24;223;início;2026-09-14 15:17:56.0;5;7.3;;94a6eddb-539d-4896-9461-d13184fee7bc;dados/brutos/lote_2/interacoes.json;2026-09-28 19:48:08.793432
2837;24;400;visualização;2026-06-10 05:35:03.0;13;36.7;;94a6eddb-539d-4896-9461-d13184fee7bc;dados/brutos/interacoes.json;2026-09-28 19:48:08.878531
2838;24;493;visualização;2026-03-27 02:05:30.0;346;66.2;;94a6eddb-539d-4896-9461-d13184fee7bc;dados/brutos/interacoes.json;2026-09-28 19:48:08.793432
2839;24;573;visualização;2026-08-30 17:10:16.0;20;46.5;;94a6eddb-539d-4896-9461-d13184fee7bc;dados/brutos/lote_2/interacoes.json;2026-09-28 19:48:08.793432
2840;24;601;avaliação;2026-09-03 01:48:17.0;25;91.0;4;94a6eddb-539d-4896-9461-d13184fee7bc;dados/brutos/lote_2/interacoes.json;2026-09-28 19:48:08.793432
2841;24;692;conclusão;2026-09-19 10:15:43.0;967;100.0;4;94a6eddb-539d-4896-9461-d13184fee7bc;dados/brutos/lote_2/interacoes.json;2026-09-28 19:48:08.793432
2842;24;808;visualização;2026-03-31 04:40:04.0;3;20.9;;94a6eddb-539d-4896-9461-d13184fee7bc;dados/brutos/interacoes.json;2026-09-28 19:48:08.793432
2843;24;901;conclusão;2026-04-29 08:56:57.0;186;100.0;;94a6eddb-539d-4896-9461-d13184fee7bc;dados/brutos/interacoes.json;2026-09-28 19:48:08.793432
2844;24;938;início;2026-06-06 03:09:15.0;75;12.3;;94a6eddb-539d-4896-9461-d13184fee7bc;dados/brutos/interacoes.json;2026-09-28 19:48:08.878531
2845;25;142;conclusão;2026-05-27 03:23:06.0;19;100.0;5;94a6eddb-539d-4896-9461-d13184fee7bc;dados/brutos/interacoes.json;2026-09-28 19:48:08.878531
2846;25;354;avaliação;2026-05-23 07:33:27.0;1144;65.4;4;94a6eddb-539d-4896-9461-d13184fee7bc;dados/brutos/interacoes.json;2026-09-28 19:48:08.793432
2847;25;531;visualização;2026-07-31 00:07:33.0;15;64.0;;94a6eddb-539d-4896-9461-d13184fee7bc;dados/brutos/interacoes.json;2026-09-28 19:48:08.793432
2848;25;784;compartilhamento;2026-04-08 07:44:22.0;597;75.2;;94a6eddb-539d-4896-9461-d13184fee7bc;dados/brutos/interacoes.json;2026-09-28 19:48:08.878531
2849;25;879;visualização;2026-07-30 13:52:35.0;749;84.2;;94a6eddb-539d-4896-9461-d13184fee7bc;dados/brutos/interacoes.json;2026-09-28 19:48:08.793432
2850;25;934;conclusão;2026-05-13 06:03:14.0;14;100.0;5;94a6eddb-539d-4896-9461-d13184fee7bc;dados/brutos/interacoes.json;2026-09-28 19:48:08.793432
2851;26;185;visualização;2026-07-13 00:39:22.0;20;75.1;;94a6eddb-539d-4896-9461-d13184fee7bc;dados/brutos/interacoes.json;2026-09-28 19:48:08.793432
2852;26;221;visualização;2026-09-10 01:31:54.0;20;28.1;;94a6eddb-539d-4896-9461-d13184fee7bc;dados/brutos/lote_2/interacoes.json;2026-09-28 19:48:08.793432
2853;26;528;curtida;2026-01-04 23:19:35.0;7;50.0;5;94a6eddb-539d-4896-9461-d13184fee7bc;dados/brutos/interacoes.json;2026-09-28 19:48:08.878531
2854;26;538;visualização;2026-09-15 09:27:18.0;38;72.3;;94a6eddb-539d-4896-9461-d13184fee7bc;dados/brutos/lote_2/interacoes.json;2026-09-28 19:48:08.793432
2855;26;645;visualização;2026-09-20 23:40:54.0;17;57.6;;94a6eddb-539d-4896-9461-d13184fee7bc;dados/brutos/lote_2/interacoes.json;2026-09-28 19:48:08.793432
2856;26;664;início;2026-04-19 15:53:25.0;1;14.4;;94a6eddb-539d-4896-9461-d13184fee7bc;dados/brutos/interacoes.json;2026-09-28 19:48:08.878531
2857;26;826;conclusão;2026-02-18 21:58:24.0;23;100.0;4;94a6eddb-539d-4896-9461-d13184fee7bc;dados/brutos/interacoes.json;2026-09-28 19:48:08.793432
2858;26;873;visualização;2026-09-23 00:30:58.0;2;21.1;;94a6eddb-539d-4896-9461-d13184fee7bc;dados/brutos/lote_2/interacoes.json;2026-09-28 19:48:08.793432
2859;27;163;curtida;2026-02-10 23:39:28.0;22;92.5;5;94a6eddb-539d-4896-9461-d13184fee7bc;dados/brutos/interacoes.json;2026-09-28 19:48:08.793432
2860;27;295;início;2026-02-03 06:01:57.0;1;11.5;;94a6eddb-539d-4896-9461-d13184fee7bc;dados/brutos/interacoes.json;2026-09-28 19:48:08.793432
2861;27;408;início;2026-09-10 12:35:56.0;44;6.3;;94a6eddb-539d-4896-9461-d13184fee7bc;dados/brutos/lote_2/interacoes.json;2026-09-28 19:48:08.793432
2862;27;409;início;2026-05-03 13:06:49.0;1;5.9;;94a6eddb-539d-4896-9461-d13184fee7bc;dados/brutos/interacoes.json;2026-09-28 19:48:08.878531
2863;27;884;conclusão;2026-07-03 06:11:08.0;52;100.0;4;94a6eddb-539d-4896-9461-d13184fee7bc;dados/brutos/interacoes.json;2026-09-28 19:48:08.793432
2864;27;902;início;2026-04-09 09:23:56.0;2;6.0;;94a6eddb-539d-4896-9461-d13184fee7bc;dados/brutos/interacoes.json;2026-09-28 19:48:08.793432
2865;28;125;visualização;2026-02-12 05:56:35.0;33;68.9;;94a6eddb-539d-4896-9461-d13184fee7bc;dados/brutos/interacoes.json;2026-09-28 19:48:08.793432
2866;28;156;início;2026-03-31 17:32:03.0;20;4.4;;94a6eddb-539d-4896-9461-d13184fee7bc;dados/brutos/interacoes.json;2026-09-28 19:48:08.793432
2867;28;184;visualização;2026-07-05 04:58:21.0;5;74.6;;94a6eddb-539d-4896-9461-d13184fee7bc;dados/brutos/interacoes.json;2026-09-28 19:48:08.793432
2868;28;197;início;2026-04-17 09:10:14.0;2;6.6;;94a6eddb-539d-4896-9461-d13184fee7bc;dados/brutos/interacoes.json;2026-09-28 19:48:08.793432
2869;28;207;compartilhamento;2026-08-29 02:35:12.0;16;54.5;;94a6eddb-539d-4896-9461-d13184fee7bc;dados/brutos/lote_2/interacoes.json;2026-09-28 19:48:08.793432
2870;28;259;compartilhamento;2026-06-09 17:15:51.0;76;81.9;;94a6eddb-539d-4896-9461-d13184fee7bc;dados/brutos/interacoes.json;2026-09-28 19:48:08.793432
2871;28;439;visualização;2026-02-13 11:50:50.0;21;29.1;;94a6eddb-539d-4896-9461-d13184fee7bc;dados/brutos/interacoes.json;2026-09-28 19:48:08.793432
2872;28;513;visualização;2026-09-20 08:51:47.0;15;44.6;;94a6eddb-539d-4896-9461-d13184fee7bc;dados/brutos/lote_2/interacoes.json;2026-09-28 19:48:08.793432
2873;28;546;conclusão;2026-09-17 00:28:11.0;34;100.0;;94a6eddb-539d-4896-9461-d13184fee7bc;dados/brutos/lote_2/interacoes.json;2026-09-28 19:48:08.793432
2874;28;582;visualização;2026-05-05 22:45:20.0;15;60.1;;94a6eddb-539d-4896-9461-d13184fee7bc;dados/brutos/interacoes.json;2026-09-28 19:48:08.793432
2875;28;618;visualização;2026-09-26 08:26:04.0;105;30.5;;94a6eddb-539d-4896-9461-d13184fee7bc;dados/brutos/lote_2/interacoes.json;2026-09-28 19:48:08.793432
2876;28;830;conclusão;2026-09-03 06:59:46.0;11;100.0;5;94a6eddb-539d-4896-9461-d13184fee7bc;dados/brutos/lote_2/interacoes.json;2026-09-28 19:48:08.793432
2877;28;965;conclusão;2026-03-15 13:11:33.0;9;100.0;;94a6eddb-539d-4896-9461-d13184fee7bc;dados/brutos/interacoes.json;2026-09-28 19:48:08.793432
2878;29;86;visualização;2026-02-14 23:02:48.0;27;42.1;;94a6eddb-539d-4896-9461-d13184fee7bc;dados/brutos/interacoes.json;2026-09-28 19:48:08.793432
2879;29;163;visualização;2026-01-15 22:08:37.0;9;41.2;;94a6eddb-539d-4896-9461-d13184fee7bc;dados/brutos/interacoes.json;2026-09-28 19:48:08.878531
2880;29;334;visualização;2026-04-30 18:17:58.0;11;34.9;;94a6eddb-539d-4896-9461-d13184fee7bc;dados/brutos/interacoes.json;2026-09-28 19:48:08.878531
2881;29;338;compartilhamento;2026-05-05 13:19:12.0;364;39.7;;94a6eddb-539d-4896-9461-d13184fee7bc;dados/brutos/interacoes.json;2026-09-28 19:48:08.878531
2882;29;369;curtida;2026-03-14 19:20:45.0;14;48.0;5;94a6eddb-539d-4896-9461-d13184fee7bc;dados/brutos/interacoes.json;2026-09-28 19:48:08.793432
2883;29;484;visualização;2026-08-31 23:35:24.0;41;58.8;;94a6eddb-539d-4896-9461-d13184fee7bc;dados/brutos/lote_2/interacoes.json;2026-09-28 19:48:08.793432
2884;29;822;visualização;2026-07-08 00:47:13.0;118;36.3;;94a6eddb-539d-4896-9461-d13184fee7bc;dados/brutos/interacoes.json;2026-09-28 19:48:08.793432
2885;29;878;início;2026-09-26 10:00:22.0;27;6.3;;94a6eddb-539d-4896-9461-d13184fee7bc;dados/brutos/lote_2/interacoes.json;2026-09-28 19:48:08.793432
2886;29;900;visualização;2026-01-30 12:34:45.0;1026;76.6;;94a6eddb-539d-4896-9461-d13184fee7bc;dados/brutos/interacoes.json;2026-09-28 19:48:08.878531
2887;29;939;visualização;2026-09-01 05:01:16.0;10;38.0;;94a6eddb-539d-4896-9461-d13184fee7bc;dados/brutos/lote_2/interacoes.json;2026-09-28 19:48:08.793432
2888;30;87;visualização;2026-08-30 06:30:42.0;40;51.1;;94a6eddb-539d-4896-9461-d13184fee7bc;dados/brutos/lote_2/interacoes.json;2026-09-28 19:48:08.793432
2889;30;383;início;2026-06-12 20:48:55.0;55;8.8;;94a6eddb-539d-4896-9461-d13184fee7bc;dados/brutos/interacoes.json;2026-09-28 19:48:08.793432
2890;30;393;avaliação;2026-04-11 20:55:32.0;16;55.4;5;94a6eddb-539d-4896-9461-d13184fee7bc;dados/brutos/interacoes.json;2026-09-28 19:48:08.793432
2891;30;463;curtida;2026-08-25 04:52:52.0;16;56.4;5;94a6eddb-539d-4896-9461-d13184fee7bc;dados/brutos/interacoes.json;2026-09-28 19:48:08.793432
2892;30;637;visualização;2026-02-11 05:42:13.0;62;74.1;;94a6eddb-539d-4896-9461-d13184fee7bc;dados/brutos/interacoes.json;2026-09-28 19:48:08.793432
2893;30;757;conclusão;2026-09-25 05:35:48.0;656;100.0;4;94a6eddb-539d-4896-9461-d13184fee7bc;dados/brutos/lote_2/interacoes.json;2026-09-28 19:48:08.793432
2894;30;893;compartilhamento;2026-07-18 23:40:24.0;770;75.2;;94a6eddb-539d-4896-9461-d13184fee7bc;dados/brutos/interacoes.json;2026-09-28 19:48:08.878531
2895;30;1005;visualização;2026-09-18 21:53:22.0;7;20.1;;94a6eddb-539d-4896-9461-d13184fee7bc;dados/brutos/lote_2/interacoes.json;2026-09-28 19:48:08.793432
2896;31;374;visualização;2026-05-24 17:34:45.0;10;49.2;;94a6eddb-539d-4896-9461-d13184fee7bc;dados/brutos/interacoes.json;2026-09-28 19:48:08.878531
2897;31;606;visualização;2026-03-17 21:17:33.0;3;63.1;;94a6eddb-539d-4896-9461-d13184fee7bc;dados/brutos/interacoes.json;2026-09-28 19:48:08.878531
2898;31;633;visualização;2026-03-09 01:35:55.0;108;20.3;;94a6eddb-539d-4896-9461-d13184fee7bc;dados/brutos/interacoes.json;2026-09-28 19:48:08.793432
2899;31;796;início;2026-09-20 10:02:02.0;5;7.8;;94a6eddb-539d-4896-9461-d13184fee7bc;dados/brutos/lote_2/interacoes.json;2026-09-28 19:48:08.793432
2900;31;905;visualização;2026-09-17 04:31:15.0;5;60.7;;94a6eddb-539d-4896-9461-d13184fee7bc;dados/brutos/lote_2/interacoes.json;2026-09-28 19:48:08.793432
2901;31;927;visualização;2026-09-11 20:26:25.0;24;52.9;;94a6eddb-539d-4896-9461-d13184fee7bc;dados/brutos/lote_2/interacoes.json;2026-09-28 19:48:08.793432
2902;31;952;curtida;2026-07-31 17:28:36.0;27;59.1;5;94a6eddb-539d-4896-9461-d13184fee7bc;dados/brutos/interacoes.json;2026-09-28 19:48:08.793432
2903;32;30;visualização;2026-08-29 15:42:25.0;436;18.1;;94a6eddb-539d-4896-9461-d13184fee7bc;dados/brutos/lote_2/interacoes.json;2026-09-28 19:48:08.793432
2904;32;36;visualização;2026-09-12 11:30:13.0;28;26.1;;94a6eddb-539d-4896-9461-d13184fee7bc;dados/brutos/lote_2/interacoes.json;2026-09-28 19:48:08.793432
2905;32;51;curtida;2026-09-19 04:14:44.0;887;99.4;5;94a6eddb-539d-4896-9461-d13184fee7bc;dados/brutos/lote_2/interacoes.json;2026-09-28 19:48:08.793432
2906;32;113;visualização;2026-04-29 02:14:07.0;55;51.6;;94a6eddb-539d-4896-9461-d13184fee7bc;dados/brutos/interacoes.json;2026-09-28 19:48:08.793432
2907;32;147;início;2026-01-24 20:21:18.0;2;13.7;;94a6eddb-539d-4896-9461-d13184fee7bc;dados/brutos/interacoes.json;2026-09-28 19:48:08.793432
2908;32;253;visualização;2026-01-20 19:17:35.0;3;18.6;;94a6eddb-539d-4896-9461-d13184fee7bc;dados/brutos/interacoes.json;2026-09-28 19:48:08.878531
2909;32;379;curtida;2026-02-18 11:52:38.0;514;77.9;5;94a6eddb-539d-4896-9461-d13184fee7bc;dados/brutos/interacoes.json;2026-09-28 19:48:08.878531
2910;32;425;conclusão;2026-02-16 00:44:32.0;27;100.0;5;94a6eddb-539d-4896-9461-d13184fee7bc;dados/brutos/interacoes.json;2026-09-28 19:48:08.793432
2911;32;512;visualização;2026-07-03 23:05:43.0;16;39.4;;94a6eddb-539d-4896-9461-d13184fee7bc;dados/brutos/interacoes.json;2026-09-28 19:48:08.793432
2912;32;574;início;2026-01-10 02:22:52.0;1;8.0;;94a6eddb-539d-4896-9461-d13184fee7bc;dados/brutos/interacoes.json;2026-09-28 19:48:08.793432
2913;32;647;início;2026-08-26 15:24:24.0;1;2.0;;94a6eddb-539d-4896-9461-d13184fee7bc;dados/brutos/lote_2/interacoes.json;2026-09-28 19:48:08.793432
2914;32;800;conclusão;2026-09-20 15:17:03.0;364;100.0;;94a6eddb-539d-4896-9461-d13184fee7bc;dados/brutos/lote_2/interacoes.json;2026-09-28 19:48:08.793432
2915;33;56;início;2026-09-22 05:26:01.0;2;8.2;;94a6eddb-539d-4896-9461-d13184fee7bc;dados/brutos/lote_2/interacoes.json;2026-09-28 19:48:08.793432
2916;33;292;visualização;2026-06-03 17:31:27.0;6;31.4;;94a6eddb-539d-4896-9461-d13184fee7bc;dados/brutos/interacoes.json;2026-09-28 19:48:08.878531
2917;33;309;avaliação;2026-08-03 22:15:50.0;40;85.4;4;94a6eddb-539d-4896-9461-d13184fee7bc;dados/brutos/interacoes.json;2026-09-28 19:48:08.793432
2918;33;476;início;2026-05-08 12:12:45.0;1;1.1;;94a6eddb-539d-4896-9461-d13184fee7bc;dados/brutos/interacoes.json;2026-09-28 19:48:08.793432
2919;33;868;conclusão;2026-01-22 10:57:28.0;1587;100.0;3;94a6eddb-539d-4896-9461-d13184fee7bc;dados/brutos/interacoes.json;2026-09-28 19:48:08.793432
2920;34;93;compartilhamento;2026-05-16 21:33:06.0;2205;70.7;;94a6eddb-539d-4896-9461-d13184fee7bc;dados/brutos/interacoes.json;2026-09-28 19:48:08.793432
2921;34;434;início;2026-04-20 20:47:07.0;1;6.7;;94a6eddb-539d-4896-9461-d13184fee7bc;dados/brutos/interacoes.json;2026-09-28 19:48:08.878531
2922;34;623;visualização;2026-09-06 23:06:56.0;2026;58.7;;94a6eddb-539d-4896-9461-d13184fee7bc;dados/brutos/lote_2/interacoes.json;2026-09-28 19:48:08.793432
2923;35;60;início;2026-06-21 01:15:08.0;1;10.2;;94a6eddb-539d-4896-9461-d13184fee7bc;dados/brutos/interacoes.json;2026-09-28 19:48:08.878531
2924;35;87;avaliação;2026-01-26 23:46:25.0;51;64.8;4;94a6eddb-539d-4896-9461-d13184fee7bc;dados/brutos/interacoes.json;2026-09-28 19:48:08.793432
2925;35;270;visualização;2026-09-07 02:24:49.0;13;45.7;;94a6eddb-539d-4896-9461-d13184fee7bc;dados/brutos/lote_2/interacoes.json;2026-09-28 19:48:08.793432
2926;35;298;visualização;2026-03-09 13:41:49.0;22;34.1;;94a6eddb-539d-4896-9461-d13184fee7bc;dados/brutos/interacoes.json;2026-09-28 19:48:08.878531
2927;35;381;conclusão;2026-06-16 22:34:20.0;63;100.0;5;94a6eddb-539d-4896-9461-d13184fee7bc;dados/brutos/interacoes.json;2026-09-28 19:48:08.793432
2928;35;441;curtida;2026-09-08 20:33:07.0;7;60.1;5;94a6eddb-539d-4896-9461-d13184fee7bc;dados/brutos/lote_2/interacoes.json;2026-09-28 19:48:08.793432
2929;35;525;avaliação;2026-06-14 00:47:33.0;79;87.9;4;94a6eddb-539d-4896-9461-d13184fee7bc;dados/brutos/interacoes.json;2026-09-28 19:48:08.793432
2930;35;577;avaliação;2026-02-02 21:55:36.0;864;63.9;5;94a6eddb-539d-4896-9461-d13184fee7bc;dados/brutos/interacoes.json;2026-09-28 19:48:08.793432
2931;35;795;visualização;2026-09-09 08:18:52.0;69;82.8;;94a6eddb-539d-4896-9461-d13184fee7bc;dados/brutos/lote_2/interacoes.json;2026-09-28 19:48:08.793432
2932;35;874;visualização;2026-07-20 02:46:28.0;282;56.5;;94a6eddb-539d-4896-9461-d13184fee7bc;dados/brutos/interacoes.json;2026-09-28 19:48:08.878531
2933;36;50;início;2026-07-29 16:46:49.0;4;9.7;;94a6eddb-539d-4896-9461-d13184fee7bc;dados/brutos/interacoes.json;2026-09-28 19:48:08.793432
2934;36;78;visualização;2026-08-11 20:17:32.0;33;30.5;;94a6eddb-539d-4896-9461-d13184fee7bc;dados/brutos/interacoes.json;2026-09-28 19:48:08.793432
2935;36;402;avaliação;2026-09-03 17:46:39.0;1109;81.3;4;94a6eddb-539d-4896-9461-d13184fee7bc;dados/brutos/lote_2/interacoes.json;2026-09-28 19:48:08.793432
2936;36;512;conclusão;2026-04-25 22:55:07.0;42;100.0;5;94a6eddb-539d-4896-9461-d13184fee7bc;dados/brutos/interacoes.json;2026-09-28 19:48:08.793432
2937;36;638;visualização;2026-06-08 03:52:25.0;1;10.2;;94a6eddb-539d-4896-9461-d13184fee7bc;dados/brutos/interacoes.json;2026-09-28 19:48:08.878531
2938;36;641;curtida;2026-06-24 09:35:14.0;475;74.3;5;94a6eddb-539d-4896-9461-d13184fee7bc;dados/brutos/interacoes.json;2026-09-28 19:48:08.793432
2939;36;650;início;2026-09-20 09:05:30.0;16;5.5;;94a6eddb-539d-4896-9461-d13184fee7bc;dados/brutos/lote_2/interacoes.json;2026-09-28 19:48:08.793432
2940;36;725;início;2026-04-16 05:05:37.0;4;10.3;;94a6eddb-539d-4896-9461-d13184fee7bc;dados/brutos/interacoes.json;2026-09-28 19:48:08.793432
2941;36;996;visualização;2026-02-18 21:28:56.0;35;46.8;;94a6eddb-539d-4896-9461-d13184fee7bc;dados/brutos/interacoes.json;2026-09-28 19:48:08.878531
2942;37;26;conclusão;2026-09-02 23:15:15.0;14;100.0;;94a6eddb-539d-4896-9461-d13184fee7bc;dados/brutos/lote_2/interacoes.json;2026-09-28 19:48:08.793432
2943;37;445;conclusão;2026-06-11 15:22:42.0;637;100.0;4;94a6eddb-539d-4896-9461-d13184fee7bc;dados/brutos/interacoes.json;2026-09-28 19:48:08.878531
2944;37;654;visualização;2026-09-16 22:55:18.0;1222;46.8;;94a6eddb-539d-4896-9461-d13184fee7bc;dados/brutos/lote_2/interacoes.json;2026-09-28 19:48:08.793432
2945;37;806;compartilhamento;2026-09-02 09:26:37.0;25;32.4;;94a6eddb-539d-4896-9461-d13184fee7bc;dados/brutos/lote_2/interacoes.json;2026-09-28 19:48:08.793432
2946;37;820;conclusão;2026-05-18 15:40:29.0;70;100.0;5;94a6eddb-539d-4896-9461-d13184fee7bc;dados/brutos/interacoes.json;2026-09-28 19:48:08.878531
2947;38;55;avaliação;2026-06-08 19:43:49.0;28;83.8;5;94a6eddb-539d-4896-9461-d13184fee7bc;dados/brutos/interacoes.json;2026-09-28 19:48:08.793432
2948;38;186;início;2026-04-30 09:56:20.0;4;14.5;;94a6eddb-539d-4896-9461-d13184fee7bc;dados/brutos/interacoes.json;2026-09-28 19:48:08.793432
2949;38;203;visualização;2026-07-06 01:35:35.0;25;30.9;;94a6eddb-539d-4896-9461-d13184fee7bc;dados/brutos/interacoes.json;2026-09-28 19:48:08.793432
2950;38;270;conclusão;2026-07-19 00:11:42.0;28;100.0;4;94a6eddb-539d-4896-9461-d13184fee7bc;dados/brutos/interacoes.json;2026-09-28 19:48:08.878531
2951;38;270;visualização;2026-09-12 19:09:01.0;13;47.0;;94a6eddb-539d-4896-9461-d13184fee7bc;dados/brutos/lote_2/interacoes.json;2026-09-28 19:48:08.793432
2952;38;356;conclusão;2026-06-30 19:42:01.0;1146;100.0;3;94a6eddb-539d-4896-9461-d13184fee7bc;dados/brutos/interacoes.json;2026-09-28 19:48:08.793432
2953;38;400;curtida;2026-05-03 13:02:40.0;18;49.7;5;94a6eddb-539d-4896-9461-d13184fee7bc;dados/brutos/interacoes.json;2026-09-28 19:48:08.793432
2954;38;703;conclusão;2026-09-12 08:04:57.0;18;100.0;5;94a6eddb-539d-4896-9461-d13184fee7bc;dados/brutos/lote_2/interacoes.json;2026-09-28 19:48:08.793432
2955;38;769;visualização;2026-06-13 12:05:36.0;56;47.1;;94a6eddb-539d-4896-9461-d13184fee7bc;dados/brutos/interacoes.json;2026-09-28 19:48:08.793432
2956;38;843;visualização;2026-06-02 22:59:04.0;18;74.0;;94a6eddb-539d-4896-9461-d13184fee7bc;dados/brutos/interacoes.json;2026-09-28 19:48:08.793432
2957;38;965;conclusão;2026-02-14 04:13:11.0;9;100.0;5;94a6eddb-539d-4896-9461-d13184fee7bc;dados/brutos/interacoes.json;2026-09-28 19:48:08.878531
2958;39;79;avaliação;2026-05-18 17:43:27.0;68;91.0;4;94a6eddb-539d-4896-9461-d13184fee7bc;dados/brutos/interacoes.json;2026-09-28 19:48:08.878531
2959;39;147;início;2026-07-26 22:03:48.0;1;10.6;;94a6eddb-539d-4896-9461-d13184fee7bc;dados/brutos/interacoes.json;2026-09-28 19:48:08.878531
2960;39;252;avaliação;2026-09-13 21:09:45.0;345;61.5;4;94a6eddb-539d-4896-9461-d13184fee7bc;dados/brutos/lote_2/interacoes.json;2026-09-28 19:48:08.793432
2961;39;270;visualização;2026-02-10 12:58:45.0;11;42.2;;94a6eddb-539d-4896-9461-d13184fee7bc;dados/brutos/interacoes.json;2026-09-28 19:48:08.878531
2962;39;449;conclusão;2026-09-11 00:13:25.0;78;100.0;3;94a6eddb-539d-4896-9461-d13184fee7bc;dados/brutos/lote_2/interacoes.json;2026-09-28 19:48:08.793432
2963;39;483;visualização;2026-08-30 00:10:39.0;6;39.7;;94a6eddb-539d-4896-9461-d13184fee7bc;dados/brutos/lote_2/interacoes.json;2026-09-28 19:48:08.793432
2964;39;521;visualização;2026-02-13 03:30:40.0;7;48.0;;94a6eddb-539d-4896-9461-d13184fee7bc;dados/brutos/interacoes.json;2026-09-28 19:48:08.793432
2965;39;774;visualização;2026-02-22 23:51:18.0;23;82.4;;94a6eddb-539d-4896-9461-d13184fee7bc;dados/brutos/interacoes.json;2026-09-28 19:48:08.878531
2966;40;11;início;2026-09-26 07:00:58.0;5;11.3;;94a6eddb-539d-4896-9461-d13184fee7bc;dados/brutos/lote_2/interacoes.json;2026-09-28 19:48:08.793432
2967;40;55;início;2026-06-03 05:51:21.0;1;3.9;;94a6eddb-539d-4896-9461-d13184fee7bc;dados/brutos/interacoes.json;2026-09-28 19:48:08.793432
2968;40;251;conclusão;2026-09-07 16:39:19.0;1672;100.0;5;94a6eddb-539d-4896-9461-d13184fee7bc;dados/brutos/lote_2/interacoes.json;2026-09-28 19:48:08.793432
2969;40;260;conclusão;2026-04-27 10:46:21.0;61;100.0;5;94a6eddb-539d-4896-9461-d13184fee7bc;dados/brutos/interacoes.json;2026-09-28 19:48:08.793432
2970;40;276;visualização;2026-05-09 19:19:32.0;12;13.8;;94a6eddb-539d-4896-9461-d13184fee7bc;dados/brutos/interacoes.json;2026-09-28 19:48:08.878531
2971;40;383;visualização;2026-01-26 05:45:25.0;68;10.8;;94a6eddb-539d-4896-9461-d13184fee7bc;dados/brutos/interacoes.json;2026-09-28 19:48:08.793432
2972;40;530;início;2026-08-27 16:54:12.0;6;10.9;;94a6eddb-539d-4896-9461-d13184fee7bc;dados/brutos/lote_2/interacoes.json;2026-09-28 19:48:08.793432
2973;40;532;início;2026-06-12 04:02:26.0;15;3.5;;94a6eddb-539d-4896-9461-d13184fee7bc;dados/brutos/interacoes.json;2026-09-28 19:48:08.878531
2974;40;558;início;2026-05-28 16:07:28.0;1;7.1;;94a6eddb-539d-4896-9461-d13184fee7bc;dados/brutos/interacoes.json;2026-09-28 19:48:08.793432
2975;40;581;visualização;2026-01-17 01:57:27.0;748;64.0;;94a6eddb-539d-4896-9461-d13184fee7bc;dados/brutos/interacoes.json;2026-09-28 19:48:08.878531
2976;40;634;avaliação;2026-07-30 20:54:36.0;6;67.2;5;94a6eddb-539d-4896-9461-d13184fee7bc;dados/brutos/interacoes.json;2026-09-28 19:48:08.878531
2977;40;694;início;2026-01-08 01:27:08.0;103;9.8;;94a6eddb-539d-4896-9461-d13184fee7bc;dados/brutos/interacoes.json;2026-09-28 19:48:08.793432
2978;40;701;conclusão;2026-01-27 11:30:42.0;79;100.0;;94a6eddb-539d-4896-9461-d13184fee7bc;dados/brutos/interacoes.json;2026-09-28 19:48:08.793432
2979;40;761;avaliação;2026-08-28 20:56:49.0;9;79.7;5;94a6eddb-539d-4896-9461-d13184fee7bc;dados/brutos/lote_2/interacoes.json;2026-09-28 19:48:08.793432
2980;40;876;curtida;2026-03-21 15:24:27.0;27;88.3;5;94a6eddb-539d-4896-9461-d13184fee7bc;dados/brutos/interacoes.json;2026-09-28 19:48:08.793432
2981;41;269;visualização;2026-02-21 21:33:22.0;186;30.5;;94a6eddb-539d-4896-9461-d13184fee7bc;dados/brutos/interacoes.json;2026-09-28 19:48:08.878531
2982;41;329;início;2026-09-21 20:46:44.0;2;4.6;;94a6eddb-539d-4896-9461-d13184fee7bc;dados/brutos/lote_2/interacoes.json;2026-09-28 19:48:08.793432
2983;41;377;início;2026-09-24 15:18:32.0;5;7.9;;94a6eddb-539d-4896-9461-d13184fee7bc;dados/brutos/lote_2/interacoes.json;2026-09-28 19:48:08.793432
2984;41;382;visualização;2026-09-16 23:21:14.0;8;12.0;;94a6eddb-539d-4896-9461-d13184fee7bc;dados/brutos/lote_2/interacoes.json;2026-09-28 19:48:08.793432
2985;41;545;avaliação;2026-06-20 00:10:29.0;34;78.1;5;94a6eddb-539d-4896-9461-d13184fee7bc;dados/brutos/interacoes.json;2026-09-28 19:48:08.793432
2986;41;635;início;2026-04-21 14:27:10.0;1;3.8;;94a6eddb-539d-4896-9461-d13184fee7bc;dados/brutos/interacoes.json;2026-09-28 19:48:08.878531
2987;41;638;visualização;2026-06-01 12:36:28.0;12;81.1;;94a6eddb-539d-4896-9461-d13184fee7bc;dados/brutos/interacoes.json;2026-09-28 19:48:08.793432
2988;41;653;visualização;2026-04-09 23:21:56.0;9;26.9;;94a6eddb-539d-4896-9461-d13184fee7bc;dados/brutos/interacoes.json;2026-09-28 19:48:08.793432
2989;41;760;visualização;2026-06-18 15:56:29.0;5;38.6;;94a6eddb-539d-4896-9461-d13184fee7bc;dados/brutos/interacoes.json;2026-09-28 19:48:08.878531
2990;41;1013;compartilhamento;2026-08-28 17:34:12.0;9;60.3;;94a6eddb-539d-4896-9461-d13184fee7bc;dados/brutos/lote_2/interacoes.json;2026-09-28 19:48:08.793432
2991;42;79;visualização;2026-05-12 07:19:40.0;9;12.4;;94a6eddb-539d-4896-9461-d13184fee7bc;dados/brutos/interacoes.json;2026-09-28 19:48:08.878531
2992;42;81;visualização;2026-06-08 21:16:03.0;390;44.7;;94a6eddb-539d-4896-9461-d13184fee7bc;dados/brutos/interacoes.json;2026-09-28 19:48:08.878531
2993;42;87;compartilhamento;2026-05-08 23:12:26.0;53;67.8;;94a6eddb-539d-4896-9461-d13184fee7bc;dados/brutos/interacoes.json;2026-09-28 19:48:08.793432
2994;42;114;início;2026-04-11 03:12:47.0;4;14.7;;94a6eddb-539d-4896-9461-d13184fee7bc;dados/brutos/interacoes.json;2026-09-28 19:48:08.878531
2995;42;156;visualização;2026-04-26 23:00:44.0;150;32.9;;94a6eddb-539d-4896-9461-d13184fee7bc;dados/brutos/interacoes.json;2026-09-28 19:48:08.793432
2996;42;211;início;2026-08-09 16:03:00.0;3;10.0;;94a6eddb-539d-4896-9461-d13184fee7bc;dados/brutos/interacoes.json;2026-09-28 19:48:08.793432
2997;42;358;visualização;2026-09-26 08:04:58.0;465;79.3;;94a6eddb-539d-4896-9461-d13184fee7bc;dados/brutos/lote_2/interacoes.json;2026-09-28 19:48:08.793432
2998;42;475;início;2026-04-23 23:23:08.0;2;1.1;;94a6eddb-539d-4896-9461-d13184fee7bc;dados/brutos/interacoes.json;2026-09-28 19:48:08.878531
2999;42;522;conclusão;2026-09-14 11:06:00.0;60;100.0;;94a6eddb-539d-4896-9461-d13184fee7bc;dados/brutos/lote_2/interacoes.json;2026-09-28 19:48:08.793432
3000;42;768;visualização;2026-09-14 14:50:21.0;10;30.4;;94a6eddb-539d-4896-9461-d13184fee7bc;dados/brutos/lote_2/interacoes.json;2026-09-28 19:48:08.793432
3001;43;18;conclusão;2026-09-08 16:14:59.0;54;100.0;5;94a6eddb-539d-4896-9461-d13184fee7bc;dados/brutos/lote_2/interacoes.json;2026-09-28 19:48:08.793432
3002;43;52;conclusão;2026-06-16 22:59:46.0;70;100.0;3;94a6eddb-539d-4896-9461-d13184fee7bc;dados/brutos/interacoes.json;2026-09-28 19:48:08.793432
3003;43;173;visualização;2026-03-16 23:10:58.0;21;68.3;;94a6eddb-539d-4896-9461-d13184fee7bc;dados/brutos/interacoes.json;2026-09-28 19:48:08.878531
3004;43;188;curtida;2026-04-12 15:15:40.0;431;86.5;5;94a6eddb-539d-4896-9461-d13184fee7bc;dados/brutos/interacoes.json;2026-09-28 19:48:08.878531
3005;43;275;visualização;2026-06-05 13:54:06.0;35;46.8;;94a6eddb-539d-4896-9461-d13184fee7bc;dados/brutos/interacoes.json;2026-09-28 19:48:08.878531
3006;43;456;conclusão;2026-08-09 09:08:49.0;275;100.0;5;94a6eddb-539d-4896-9461-d13184fee7bc;dados/brutos/interacoes.json;2026-09-28 19:48:08.793432
3007;43;519;conclusão;2026-09-04 20:47:04.0;43;100.0;4;94a6eddb-539d-4896-9461-d13184fee7bc;dados/brutos/lote_2/interacoes.json;2026-09-28 19:48:08.793432
3008;43;690;início;2026-04-09 08:58:00.0;1;13.1;;94a6eddb-539d-4896-9461-d13184fee7bc;dados/brutos/interacoes.json;2026-09-28 19:48:08.793432
3009;43;691;visualização;2026-08-07 00:36:53.0;9;46.8;;94a6eddb-539d-4896-9461-d13184fee7bc;dados/brutos/interacoes.json;2026-09-28 19:48:08.793432
3010;43;933;compartilhamento;2026-07-01 13:09:32.0;3;30.4;;94a6eddb-539d-4896-9461-d13184fee7bc;dados/brutos/interacoes.json;2026-09-28 19:48:08.878531
3011;43;975;visualização;2026-06-06 15:14:18.0;16;23.7;;94a6eddb-539d-4896-9461-d13184fee7bc;dados/brutos/interacoes.json;2026-09-28 19:48:08.793432
3012;44;41;início;2026-07-25 12:41:05.0;3;6.7;;94a6eddb-539d-4896-9461-d13184fee7bc;dados/brutos/interacoes.json;2026-09-28 19:48:08.793432
3013;44;211;visualização;2026-05-15 03:30:51.0;25;78.7;;94a6eddb-539d-4896-9461-d13184fee7bc;dados/brutos/interacoes.json;2026-09-28 19:48:08.793432
3014;44;250;curtida;2026-08-27 07:34:16.0;45;74.2;5;94a6eddb-539d-4896-9461-d13184fee7bc;dados/brutos/lote_2/interacoes.json;2026-09-28 19:48:08.793432
3015;44;402;visualização;2026-07-24 06:51:19.0;812;59.6;;94a6eddb-539d-4896-9461-d13184fee7bc;dados/brutos/interacoes.json;2026-09-28 19:48:08.793432
3016;44;444;início;2026-09-13 20:04:54.0;15;13.0;;94a6eddb-539d-4896-9461-d13184fee7bc;dados/brutos/lote_2/interacoes.json;2026-09-28 19:48:08.793432
3017;44;634;conclusão;2026-08-22 04:52:50.0;10;100.0;4;94a6eddb-539d-4896-9461-d13184fee7bc;dados/brutos/interacoes.json;2026-09-28 19:48:08.793432
3018;44;672;curtida;2026-05-16 11:44:14.0;16;44.7;5;94a6eddb-539d-4896-9461-d13184fee7bc;dados/brutos/interacoes.json;2026-09-28 19:48:08.793432
3019;44;736;conclusão;2026-09-25 07:09:19.0;54;100.0;3;94a6eddb-539d-4896-9461-d13184fee7bc;dados/brutos/lote_2/interacoes.json;2026-09-28 19:48:08.793432
3020;44;881;visualização;2026-07-15 17:34:41.0;18;25.0;;94a6eddb-539d-4896-9461-d13184fee7bc;dados/brutos/interacoes.json;2026-09-28 19:48:08.793432
3021;44;882;visualização;2026-08-27 11:37:36.0;2;26.4;;94a6eddb-539d-4896-9461-d13184fee7bc;dados/brutos/lote_2/interacoes.json;2026-09-28 19:48:08.793432
3022;45;114;conclusão;2026-05-05 04:45:59.0;31;100.0;5;94a6eddb-539d-4896-9461-d13184fee7bc;dados/brutos/interacoes.json;2026-09-28 19:48:08.878531
3023;45;202;curtida;2026-08-07 13:18:50.0;41;87.8;5;94a6eddb-539d-4896-9461-d13184fee7bc;dados/brutos/interacoes.json;2026-09-28 19:48:08.793432
3024;45;203;visualização;2026-07-28 19:45:52.0;53;65.2;;94a6eddb-539d-4896-9461-d13184fee7bc;dados/brutos/interacoes.json;2026-09-28 19:48:08.878531
3025;45;347;avaliação;2026-04-22 09:14:57.0;19;79.9;5;94a6eddb-539d-4896-9461-d13184fee7bc;dados/brutos/interacoes.json;2026-09-28 19:48:08.878531
3026;45;402;conclusão;2026-09-04 20:14:16.0;1364;100.0;4;94a6eddb-539d-4896-9461-d13184fee7bc;dados/brutos/lote_2/interacoes.json;2026-09-28 19:48:08.793432
3027;45;880;conclusão;2026-09-18 09:00:03.0;50;100.0;4;94a6eddb-539d-4896-9461-d13184fee7bc;dados/brutos/lote_2/interacoes.json;2026-09-28 19:48:08.793432
3028;45;1033;visualização;2026-09-04 18:45:18.0;9;27.6;;94a6eddb-539d-4896-9461-d13184fee7bc;dados/brutos/lote_2/interacoes.json;2026-09-28 19:48:08.793432
3029;46;95;visualização;2026-05-08 11:36:39.0;235;20.4;;94a6eddb-539d-4896-9461-d13184fee7bc;dados/brutos/interacoes.json;2026-09-28 19:48:08.878531
3030;46;265;conclusão;2026-03-15 01:19:38.0;45;100.0;4;94a6eddb-539d-4896-9461-d13184fee7bc;dados/brutos/interacoes.json;2026-09-28 19:48:08.793432
3031;46;324;compartilhamento;2026-02-27 15:00:26.0;23;92.0;;94a6eddb-539d-4896-9461-d13184fee7bc;dados/brutos/interacoes.json;2026-09-28 19:48:08.878531
3032;46;725;curtida;2026-06-01 09:22:23.0;21;50.9;5;94a6eddb-539d-4896-9461-d13184fee7bc;dados/brutos/interacoes.json;2026-09-28 19:48:08.793432
3033;46;777;curtida;2026-09-07 07:10:55.0;49;95.8;5;94a6eddb-539d-4896-9461-d13184fee7bc;dados/brutos/lote_2/interacoes.json;2026-09-28 19:48:08.793432
3034;46;837;compartilhamento;2026-05-19 02:15:10.0;39;94.2;;94a6eddb-539d-4896-9461-d13184fee7bc;dados/brutos/interacoes.json;2026-09-28 19:48:08.793432
3035;47;65;avaliação;2026-09-05 07:41:52.0;10;75.3;4;94a6eddb-539d-4896-9461-d13184fee7bc;dados/brutos/lote_2/interacoes.json;2026-09-28 19:48:08.793432
3036;47;205;visualização;2026-09-15 00:34:43.0;382;52.9;;94a6eddb-539d-4896-9461-d13184fee7bc;dados/brutos/lote_2/interacoes.json;2026-09-28 19:48:08.793432
3037;47;207;compartilhamento;2026-01-25 20:06:34.0;10;35.8;;94a6eddb-539d-4896-9461-d13184fee7bc;dados/brutos/interacoes.json;2026-09-28 19:48:08.793432
3038;47;428;visualização;2026-08-11 07:06:37.0;15;50.8;;94a6eddb-539d-4896-9461-d13184fee7bc;dados/brutos/interacoes.json;2026-09-28 19:48:08.793432
3039;47;532;conclusão;2026-03-20 20:37:01.0;429;100.0;;94a6eddb-539d-4896-9461-d13184fee7bc;dados/brutos/interacoes.json;2026-09-28 19:48:08.878531
3040;47;579;curtida;2026-06-09 05:15:00.0;24;86.1;5;94a6eddb-539d-4896-9461-d13184fee7bc;dados/brutos/interacoes.json;2026-09-28 19:48:08.793432
3041;47;848;visualização;2026-06-05 17:59:05.0;49;80.0;;94a6eddb-539d-4896-9461-d13184fee7bc;dados/brutos/interacoes.json;2026-09-28 19:48:08.793432
3042;48;53;visualização;2026-02-24 11:57:20.0;10;27.0;;94a6eddb-539d-4896-9461-d13184fee7bc;dados/brutos/interacoes.json;2026-09-28 19:48:08.793432
3043;48;271;visualização;2026-01-29 13:51:35.0;324;45.4;;94a6eddb-539d-4896-9461-d13184fee7bc;dados/brutos/interacoes.json;2026-09-28 19:48:08.793432
3044;48;288;curtida;2026-01-04 19:55:49.0;6;80.8;5;94a6eddb-539d-4896-9461-d13184fee7bc;dados/brutos/interacoes.json;2026-09-28 19:48:08.793432
3045;48;688;início;2026-01-25 06:07:15.0;1;3.7;;94a6eddb-539d-4896-9461-d13184fee7bc;dados/brutos/interacoes.json;2026-09-28 19:48:08.878531
3046;48;715;visualização;2026-09-09 13:48:20.0;5;10.6;;94a6eddb-539d-4896-9461-d13184fee7bc;dados/brutos/lote_2/interacoes.json;2026-09-28 19:48:08.793432
3047;48;717;início;2026-08-10 03:48:27.0;2;5.8;;94a6eddb-539d-4896-9461-d13184fee7bc;dados/brutos/interacoes.json;2026-09-28 19:48:08.878531
3048;48;881;início;2026-09-19 21:25:24.0;8;10.6;;94a6eddb-539d-4896-9461-d13184fee7bc;dados/brutos/lote_2/interacoes.json;2026-09-28 19:48:08.793432
3049;48;983;conclusão;2026-07-22 18:39:55.0;6;100.0;4;94a6eddb-539d-4896-9461-d13184fee7bc;dados/brutos/interacoes.json;2026-09-28 19:48:08.793432
3050;48;1014;avaliação;2026-08-31 12:06:34.0;784;55.2;4;94a6eddb-539d-4896-9461-d13184fee7bc;dados/brutos/lote_2/interacoes.json;2026-09-28 19:48:08.793432
3051;49;10;visualização;2026-01-14 12:27:08.0;10;84.5;;94a6eddb-539d-4896-9461-d13184fee7bc;dados/brutos/interacoes.json;2026-09-28 19:48:08.793432
3052;49;155;curtida;2026-08-27 16:59:56.0;1232;98.6;5;94a6eddb-539d-4896-9461-d13184fee7bc;dados/brutos/lote_2/interacoes.json;2026-09-28 19:48:08.793432
3053;49;292;visualização;2026-02-01 21:24:10.0;9;42.1;;94a6eddb-539d-4896-9461-d13184fee7bc;dados/brutos/interacoes.json;2026-09-28 19:48:08.793432
3054;49;332;visualização;2026-02-23 20:58:56.0;3;64.4;;94a6eddb-539d-4896-9461-d13184fee7bc;dados/brutos/interacoes.json;2026-09-28 19:48:08.878531
3055;49;505;conclusão;2026-04-23 09:53:30.0;26;100.0;4;94a6eddb-539d-4896-9461-d13184fee7bc;dados/brutos/interacoes.json;2026-09-28 19:48:08.878531
3056;49;622;compartilhamento;2026-01-09 08:46:49.0;6;50.5;;94a6eddb-539d-4896-9461-d13184fee7bc;dados/brutos/interacoes.json;2026-09-28 19:48:08.793432
3057;49;747;visualização;2026-03-12 18:05:46.0;258;50.1;;94a6eddb-539d-4896-9461-d13184fee7bc;dados/brutos/interacoes.json;2026-09-28 19:48:08.793432
3058;49;770;curtida;2026-03-07 14:02:07.0;13;68.9;5;94a6eddb-539d-4896-9461-d13184fee7bc;dados/brutos/interacoes.json;2026-09-28 19:48:08.793432
3059;49;883;curtida;2026-06-04 03:52:37.0;517;79.2;5;94a6eddb-539d-4896-9461-d13184fee7bc;dados/brutos/interacoes.json;2026-09-28 19:48:08.793432
3060;50;7;início;2026-07-23 12:33:58.0;9;10.5;;94a6eddb-539d-4896-9461-d13184fee7bc;dados/brutos/interacoes.json;2026-09-28 19:48:08.793432
3061;50;39;visualização;2026-08-29 16:50:02.0;5;31.2;;94a6eddb-539d-4896-9461-d13184fee7bc;dados/brutos/lote_2/interacoes.json;2026-09-28 19:48:08.793432
3062;50;118;compartilhamento;2026-05-11 16:46:30.0;43;45.0;;94a6eddb-539d-4896-9461-d13184fee7bc;dados/brutos/interacoes.json;2026-09-28 19:48:08.793432
3063;50;138;compartilhamento;2026-06-13 09:55:47.0;1190;72.3;;94a6eddb-539d-4896-9461-d13184fee7bc;dados/brutos/interacoes.json;2026-09-28 19:48:08.878531
3064;50;151;conclusão;2026-03-08 15:31:28.0;299;100.0;3;94a6eddb-539d-4896-9461-d13184fee7bc;dados/brutos/interacoes.json;2026-09-28 19:48:08.793432
3065;50;232;visualização;2026-08-01 09:57:01.0;4;81.4;;94a6eddb-539d-4896-9461-d13184fee7bc;dados/brutos/interacoes.json;2026-09-28 19:48:08.878531
3066;50;278;início;2026-03-12 21:09:07.0;4;7.2;;94a6eddb-539d-4896-9461-d13184fee7bc;dados/brutos/interacoes.json;2026-09-28 19:48:08.878531
3067;50;401;visualização;2026-06-25 03:07:14.0;8;46.7;;94a6eddb-539d-4896-9461-d13184fee7bc;dados/brutos/interacoes.json;2026-09-28 19:48:08.878531
3068;50;690;visualização;2026-04-16 08:13:06.0;3;27.1;;94a6eddb-539d-4896-9461-d13184fee7bc;dados/brutos/interacoes.json;2026-09-28 19:48:08.793432
3069;50;785;avaliação;2026-07-19 00:05:31.0;7;73.1;3;94a6eddb-539d-4896-9461-d13184fee7bc;dados/brutos/interacoes.json;2026-09-28 19:48:08.793432
3070;50;993;curtida;2026-07-27 15:16:40.0;15;89.7;5;94a6eddb-539d-4896-9461-d13184fee7bc;dados/brutos/interacoes.json;2026-09-28 19:48:08.793432
3071;51;159;início;2026-09-15 07:41:41.0;2;12.3;;94a6eddb-539d-4896-9461-d13184fee7bc;dados/brutos/lote_2/interacoes.json;2026-09-28 19:48:08.793432
3072;51;301;visualização;2026-05-18 17:39:04.0;26;59.7;;94a6eddb-539d-4896-9461-d13184fee7bc;dados/brutos/interacoes.json;2026-09-28 19:48:08.793432
3073;51;362;início;2026-01-12 18:09:09.0;1;10.2;;94a6eddb-539d-4896-9461-d13184fee7bc;dados/brutos/interacoes.json;2026-09-28 19:48:08.793432
3074;51;707;compartilhamento;2026-05-04 20:21:37.0;4;35.0;;94a6eddb-539d-4896-9461-d13184fee7bc;dados/brutos/interacoes.json;2026-09-28 19:48:08.793432
3075;51;861;início;2026-04-27 01:25:15.0;4;10.6;;94a6eddb-539d-4896-9461-d13184fee7bc;dados/brutos/interacoes.json;2026-09-28 19:48:08.878531
3076;51;959;compartilhamento;2026-09-16 14:38:20.0;185;48.9;;94a6eddb-539d-4896-9461-d13184fee7bc;dados/brutos/lote_2/interacoes.json;2026-09-28 19:48:08.793432
3077;52;22;visualização;2026-07-30 09:23:39.0;25;35.3;;94a6eddb-539d-4896-9461-d13184fee7bc;dados/brutos/interacoes.json;2026-09-28 19:48:08.793432
3078;52;136;conclusão;2026-04-12 13:38:23.0;33;100.0;5;94a6eddb-539d-4896-9461-d13184fee7bc;dados/brutos/interacoes.json;2026-09-28 19:48:08.878531
3079;52;453;conclusão;2026-09-20 07:08:12.0;360;100.0;;94a6eddb-539d-4896-9461-d13184fee7bc;dados/brutos/lote_2/interacoes.json;2026-09-28 19:48:08.793432
3080;52;525;visualização;2026-01-02 18:53:18.0;41;45.8;;94a6eddb-539d-4896-9461-d13184fee7bc;dados/brutos/interacoes.json;2026-09-28 19:48:08.793432
3081;52;600;conclusão;2026-01-02 22:54:05.0;58;100.0;;94a6eddb-539d-4896-9461-d13184fee7bc;dados/brutos/interacoes.json;2026-09-28 19:48:08.793432
3082;52;780;visualização;2026-07-13 20:02:30.0;215;60.5;;94a6eddb-539d-4896-9461-d13184fee7bc;dados/brutos/interacoes.json;2026-09-28 19:48:08.793432
3083;52;840;visualização;2026-07-08 12:53:29.0;27;57.7;;94a6eddb-539d-4896-9461-d13184fee7bc;dados/brutos/interacoes.json;2026-09-28 19:48:08.793432
3084;53;76;avaliação;2026-07-09 11:58:47.0;595;75.8;2;94a6eddb-539d-4896-9461-d13184fee7bc;dados/brutos/interacoes.json;2026-09-28 19:48:08.878531
3085;53;94;visualização;2026-09-21 18:27:40.0;70;27.7;;94a6eddb-539d-4896-9461-d13184fee7bc;dados/brutos/lote_2/interacoes.json;2026-09-28 19:48:08.793432
3086;53;428;compartilhamento;2026-01-14 23:11:45.0;28;95.7;;94a6eddb-539d-4896-9461-d13184fee7bc;dados/brutos/interacoes.json;2026-09-28 19:48:08.793432
3087;53;467;início;2026-05-17 14:53:29.0;1;6.4;;94a6eddb-539d-4896-9461-d13184fee7bc;dados/brutos/interacoes.json;2026-09-28 19:48:08.793432
3088;53;471;compartilhamento;2026-07-17 12:34:33.0;3;66.3;;94a6eddb-539d-4896-9461-d13184fee7bc;dados/brutos/interacoes.json;2026-09-28 19:48:08.793432
3089;53;676;início;2026-09-25 16:59:45.0;102;13.7;;94a6eddb-539d-4896-9461-d13184fee7bc;dados/brutos/lote_2/interacoes.json;2026-09-28 19:48:08.793432
3090;53;694;curtida;2026-05-28 14:20:50.0;707;67.3;5;94a6eddb-539d-4896-9461-d13184fee7bc;dados/brutos/interacoes.json;2026-09-28 19:48:08.793432
3091;53;765;visualização;2026-01-13 13:57:36.0;432;18.3;;94a6eddb-539d-4896-9461-d13184fee7bc;dados/brutos/interacoes.json;2026-09-28 19:48:08.793432
3092;53;813;conclusão;2026-07-25 18:10:57.0;82;100.0;3;94a6eddb-539d-4896-9461-d13184fee7bc;dados/brutos/interacoes.json;2026-09-28 19:48:08.793432
3093;53;864;início;2026-08-20 17:41:38.0;1;12.2;;94a6eddb-539d-4896-9461-d13184fee7bc;dados/brutos/interacoes.json;2026-09-28 19:48:08.793432
3094;53;923;visualização;2026-03-10 07:36:24.0;14;25.6;;94a6eddb-539d-4896-9461-d13184fee7bc;dados/brutos/interacoes.json;2026-09-28 19:48:08.793432
3095;53;935;início;2026-08-29 17:06:38.0;9;11.2;;94a6eddb-539d-4896-9461-d13184fee7bc;dados/brutos/lote_2/interacoes.json;2026-09-28 19:48:08.793432
3096;54;65;visualização;2026-07-13 03:28:31.0;10;84.5;;94a6eddb-539d-4896-9461-d13184fee7bc;dados/brutos/interacoes.json;2026-09-28 19:48:08.793432
3097;54;152;curtida;2026-04-10 12:16:48.0;894;50.8;5;94a6eddb-539d-4896-9461-d13184fee7bc;dados/brutos/interacoes.json;2026-09-28 19:48:08.793432
3098;54;218;conclusão;2026-09-16 00:46:27.0;23;100.0;4;94a6eddb-539d-4896-9461-d13184fee7bc;dados/brutos/lote_2/interacoes.json;2026-09-28 19:48:08.793432
3099;54;247;compartilhamento;2026-09-11 03:35:23.0;52;61.6;;94a6eddb-539d-4896-9461-d13184fee7bc;dados/brutos/lote_2/interacoes.json;2026-09-28 19:48:08.793432
3100;54;268;início;2026-02-02 09:02:42.0;3;10.5;;94a6eddb-539d-4896-9461-d13184fee7bc;dados/brutos/interacoes.json;2026-09-28 19:48:08.793432
3101;54;299;avaliação;2026-06-06 09:31:41.0;43;58.5;4;94a6eddb-539d-4896-9461-d13184fee7bc;dados/brutos/interacoes.json;2026-09-28 19:48:08.878531
3102;54;349;conclusão;2026-07-21 15:24:35.0;44;100.0;4;94a6eddb-539d-4896-9461-d13184fee7bc;dados/brutos/interacoes.json;2026-09-28 19:48:08.793432
3103;54;409;visualização;2026-04-23 15:38:37.0;3;20.1;;94a6eddb-539d-4896-9461-d13184fee7bc;dados/brutos/interacoes.json;2026-09-28 19:48:08.793432
3104;54;483;visualização;2026-02-10 02:19:08.0;10;75.3;;94a6eddb-539d-4896-9461-d13184fee7bc;dados/brutos/interacoes.json;2026-09-28 19:48:08.878531
3105;54;504;conclusão;2026-07-28 05:14:34.0;16;100.0;4;94a6eddb-539d-4896-9461-d13184fee7bc;dados/brutos/interacoes.json;2026-09-28 19:48:08.878531
3106;54;964;compartilhamento;2026-02-16 02:32:11.0;39;85.7;;94a6eddb-539d-4896-9461-d13184fee7bc;dados/brutos/interacoes.json;2026-09-28 19:48:08.793432
3107;55;155;conclusão;2026-02-11 00:41:53.0;1250;100.0;5;94a6eddb-539d-4896-9461-d13184fee7bc;dados/brutos/interacoes.json;2026-09-28 19:48:08.793432
3108;55;222;conclusão;2026-03-19 17:20:20.0;26;100.0;4;94a6eddb-539d-4896-9461-d13184fee7bc;dados/brutos/interacoes.json;2026-09-28 19:48:08.793432
3109;55;240;curtida;2026-09-01 14:58:17.0;18;49.3;5;94a6eddb-539d-4896-9461-d13184fee7bc;dados/brutos/lote_2/interacoes.json;2026-09-28 19:48:08.793432
3110;55;278;curtida;2026-05-19 03:41:55.0;65;96.6;5;94a6eddb-539d-4896-9461-d13184fee7bc;dados/brutos/interacoes.json;2026-09-28 19:48:08.878531
3111;55;508;visualização;2026-08-27 19:19:35.0;20;30.5;;94a6eddb-539d-4896-9461-d13184fee7bc;dados/brutos/lote_2/interacoes.json;2026-09-28 19:48:08.793432
3112;55;536;conclusão;2026-09-11 04:32:08.0;57;100.0;5;94a6eddb-539d-4896-9461-d13184fee7bc;dados/brutos/lote_2/interacoes.json;2026-09-28 19:48:08.793432
3113;55;596;avaliação;2026-02-26 00:45:31.0;43;92.9;3;94a6eddb-539d-4896-9461-d13184fee7bc;dados/brutos/interacoes.json;2026-09-28 19:48:08.878531
3114;55;619;visualização;2026-08-10 11:48:24.0;3;64.4;;94a6eddb-539d-4896-9461-d13184fee7bc;dados/brutos/interacoes.json;2026-09-28 19:48:08.793432
3115;55;636;compartilhamento;2026-08-29 09:57:45.0;4;30.9;;94a6eddb-539d-4896-9461-d13184fee7bc;dados/brutos/lote_2/interacoes.json;2026-09-28 19:48:08.793432
3116;55;768;visualização;2026-03-31 21:23:52.0;3;11.3;;94a6eddb-539d-4896-9461-d13184fee7bc;dados/brutos/interacoes.json;2026-09-28 19:48:08.793432
3117;55;805;visualização;2026-08-31 16:49:08.0;12;29.9;;94a6eddb-539d-4896-9461-d13184fee7bc;dados/brutos/lote_2/interacoes.json;2026-09-28 19:48:08.793432
3118;55;810;avaliação;2026-06-24 08:13:12.0;92;81.8;5;94a6eddb-539d-4896-9461-d13184fee7bc;dados/brutos/interacoes.json;2026-09-28 19:48:08.793432
3119;55;937;visualização;2026-09-26 22:38:25.0;27;75.8;;94a6eddb-539d-4896-9461-d13184fee7bc;dados/brutos/lote_2/interacoes.json;2026-09-28 19:48:08.793432
3120;56;4;visualização;2026-05-15 07:44:31.0;1;21.8;;94a6eddb-539d-4896-9461-d13184fee7bc;dados/brutos/interacoes.json;2026-09-28 19:48:08.793432
3121;56;203;curtida;2026-06-07 05:33:23.0;45;56.0;5;94a6eddb-539d-4896-9461-d13184fee7bc;dados/brutos/interacoes.json;2026-09-28 19:48:08.878531
3122;56;237;visualização;2026-09-10 14:14:43.0;10;50.1;;94a6eddb-539d-4896-9461-d13184fee7bc;dados/brutos/lote_2/interacoes.json;2026-09-28 19:48:08.793432
3123;56;523;visualização;2026-09-23 15:18:09.0;12;24.4;;94a6eddb-539d-4896-9461-d13184fee7bc;dados/brutos/lote_2/interacoes.json;2026-09-28 19:48:08.793432
3124;56;982;conclusão;2026-06-18 17:56:46.0;39;100.0;5;94a6eddb-539d-4896-9461-d13184fee7bc;dados/brutos/interacoes.json;2026-09-28 19:48:08.793432
3125;57;46;início;2026-04-26 09:55:17.0;4;11.8;;94a6eddb-539d-4896-9461-d13184fee7bc;dados/brutos/interacoes.json;2026-09-28 19:48:08.878531
3126;57;165;curtida;2026-04-11 15:11:01.0;40;68.3;5;94a6eddb-539d-4896-9461-d13184fee7bc;dados/brutos/interacoes.json;2026-09-28 19:48:08.793432
3127;57;174;conclusão;2026-05-17 23:52:07.0;63;100.0;3;94a6eddb-539d-4896-9461-d13184fee7bc;dados/brutos/interacoes.json;2026-09-28 19:48:08.878531
3128;57;270;visualização;2026-04-01 19:38:06.0;20;73.6;;94a6eddb-539d-4896-9461-d13184fee7bc;dados/brutos/interacoes.json;2026-09-28 19:48:08.793432
3129;57;274;visualização;2026-06-22 23:49:04.0;4;69.2;;94a6eddb-539d-4896-9461-d13184fee7bc;dados/brutos/interacoes.json;2026-09-28 19:48:08.793432
3130;57;418;avaliação;2026-08-09 08:21:57.0;55;94.1;2;94a6eddb-539d-4896-9461-d13184fee7bc;dados/brutos/interacoes.json;2026-09-28 19:48:08.793432
3131;57;543;visualização;2026-01-15 10:30:00.0;12;19.6;;94a6eddb-539d-4896-9461-d13184fee7bc;dados/brutos/interacoes.json;2026-09-28 19:48:08.793432
3132;57;774;visualização;2026-04-08 15:59:59.0;9;32.6;;94a6eddb-539d-4896-9461-d13184fee7bc;dados/brutos/interacoes.json;2026-09-28 19:48:08.878531
3133;57;812;curtida;2026-01-01 14:37:08.0;20;73.5;5;94a6eddb-539d-4896-9461-d13184fee7bc;dados/brutos/interacoes.json;2026-09-28 19:48:08.878531
3134;58;151;curtida;2026-07-13 06:35:55.0;159;53.2;5;94a6eddb-539d-4896-9461-d13184fee7bc;dados/brutos/interacoes.json;2026-09-28 19:48:08.793432
3135;58;230;visualização;2026-05-04 23:26:29.0;24;43.1;;94a6eddb-539d-4896-9461-d13184fee7bc;dados/brutos/interacoes.json;2026-09-28 19:48:08.878531
3136;58;324;curtida;2026-03-10 16:35:55.0;20;83.7;5;94a6eddb-539d-4896-9461-d13184fee7bc;dados/brutos/interacoes.json;2026-09-28 19:48:08.793432
3137;58;350;avaliação;2026-05-05 22:52:08.0;4;58.2;5;94a6eddb-539d-4896-9461-d13184fee7bc;dados/brutos/interacoes.json;2026-09-28 19:48:08.878531
3138;58;586;curtida;2026-08-16 04:47:05.0;22;67.5;5;94a6eddb-539d-4896-9461-d13184fee7bc;dados/brutos/interacoes.json;2026-09-28 19:48:08.878531
3139;58;711;visualização;2026-09-22 14:30:20.0;249;73.1;;94a6eddb-539d-4896-9461-d13184fee7bc;dados/brutos/lote_2/interacoes.json;2026-09-28 19:48:08.793432
3140;58;802;visualização;2026-07-01 01:54:18.0;30;59.3;;94a6eddb-539d-4896-9461-d13184fee7bc;dados/brutos/interacoes.json;2026-09-28 19:48:08.793432
3141;58;853;início;2026-02-04 15:37:24.0;2;10.6;;94a6eddb-539d-4896-9461-d13184fee7bc;dados/brutos/interacoes.json;2026-09-28 19:48:08.878531
3142;58;959;visualização;2026-06-12 04:05:49.0;58;15.4;;94a6eddb-539d-4896-9461-d13184fee7bc;dados/brutos/interacoes.json;2026-09-28 19:48:08.878531
3143;59;74;início;2026-06-04 11:05:29.0;7;11.3;;94a6eddb-539d-4896-9461-d13184fee7bc;dados/brutos/interacoes.json;2026-09-28 19:48:08.793432
3144;59;452;visualização;2026-01-24 06:08:02.0;48;78.8;;94a6eddb-539d-4896-9461-d13184fee7bc;dados/brutos/interacoes.json;2026-09-28 19:48:08.793432
3145;59;531;início;2026-06-24 21:14:21.0;1;6.2;;94a6eddb-539d-4896-9461-d13184fee7bc;dados/brutos/interacoes.json;2026-09-28 19:48:08.793432
3146;59;663;conclusão;2026-09-02 19:21:13.0;364;100.0;3;94a6eddb-539d-4896-9461-d13184fee7bc;dados/brutos/lote_2/interacoes.json;2026-09-28 19:48:08.793432
3147;59;1000;conclusão;2026-09-13 06:20:29.0;54;100.0;4;94a6eddb-539d-4896-9461-d13184fee7bc;dados/brutos/lote_2/interacoes.json;2026-09-28 19:48:08.793432
3148;60;83;curtida;2026-01-08 02:24:51.0;23;65.5;5;94a6eddb-539d-4896-9461-d13184fee7bc;dados/brutos/interacoes.json;2026-09-28 19:48:08.793432
3149;60;203;curtida;2026-02-09 21:11:16.0;49;60.3;5;94a6eddb-539d-4896-9461-d13184fee7bc;dados/brutos/interacoes.json;2026-09-28 19:48:08.878531
3150;60;225;início;2026-02-13 23:56:08.0;37;6.8;;94a6eddb-539d-4896-9461-d13184fee7bc;dados/brutos/interacoes.json;2026-09-28 19:48:08.793432
3151;60;486;início;2026-08-26 09:56:27.0;4;11.1;;94a6eddb-539d-4896-9461-d13184fee7bc;dados/brutos/lote_2/interacoes.json;2026-09-28 19:48:08.793432
3152;60;534;início;2026-03-24 00:46:51.0;3;10.5;;94a6eddb-539d-4896-9461-d13184fee7bc;dados/brutos/interacoes.json;2026-09-28 19:48:08.793432
3153;60;694;início;2026-06-28 18:52:51.0;145;13.8;;94a6eddb-539d-4896-9461-d13184fee7bc;dados/brutos/interacoes.json;2026-09-28 19:48:08.793432
3154;60;707;início;2026-09-17 04:35:00.0;1;6.5;;94a6eddb-539d-4896-9461-d13184fee7bc;dados/brutos/lote_2/interacoes.json;2026-09-28 19:48:08.793432
3155;60;868;início;2026-02-05 20:12:24.0;187;11.8;;94a6eddb-539d-4896-9461-d13184fee7bc;dados/brutos/interacoes.json;2026-09-28 19:48:08.878531
3156;60;888;início;2026-06-30 17:26:59.0;1;2.1;;94a6eddb-539d-4896-9461-d13184fee7bc;dados/brutos/interacoes.json;2026-09-28 19:48:08.878531
3157;61;177;compartilhamento;2026-08-15 07:12:07.0;12;61.8;;94a6eddb-539d-4896-9461-d13184fee7bc;dados/brutos/interacoes.json;2026-09-28 19:48:08.878531
3158;61;304;curtida;2026-09-14 08:50:35.0;25;83.1;5;94a6eddb-539d-4896-9461-d13184fee7bc;dados/brutos/lote_2/interacoes.json;2026-09-28 19:48:08.793432
3159;61;590;curtida;2026-04-11 23:31:19.0;11;41.8;5;94a6eddb-539d-4896-9461-d13184fee7bc;dados/brutos/interacoes.json;2026-09-28 19:48:08.793432
3160;61;600;avaliação;2026-02-26 21:19:16.0;36;62.7;4;94a6eddb-539d-4896-9461-d13184fee7bc;dados/brutos/interacoes.json;2026-09-28 19:48:08.878531
3161;61;743;conclusão;2026-01-05 15:55:41.0;64;100.0;4;94a6eddb-539d-4896-9461-d13184fee7bc;dados/brutos/interacoes.json;2026-09-28 19:48:08.878531
3162;61;787;visualização;2026-08-29 15:39:56.0;35;50.3;;94a6eddb-539d-4896-9461-d13184fee7bc;dados/brutos/lote_2/interacoes.json;2026-09-28 19:48:08.793432
3163;61;961;conclusão;2026-09-20 04:20:06.0;82;100.0;5;94a6eddb-539d-4896-9461-d13184fee7bc;dados/brutos/lote_2/interacoes.json;2026-09-28 19:48:08.793432
3164;62;430;compartilhamento;2026-07-16 15:24:01.0;2078;71.1;;94a6eddb-539d-4896-9461-d13184fee7bc;dados/brutos/interacoes.json;2026-09-28 19:48:08.878531
3165;62;558;compartilhamento;2026-05-05 12:04:50.0;10;56.0;;94a6eddb-539d-4896-9461-d13184fee7bc;dados/brutos/interacoes.json;2026-09-28 19:48:08.878531
3166;62;593;avaliação;2026-08-24 04:22:54.0;19;71.1;2;94a6eddb-539d-4896-9461-d13184fee7bc;dados/brutos/interacoes.json;2026-09-28 19:48:08.878531
3167;62;641;conclusão;2026-04-19 07:42:03.0;640;100.0;4;94a6eddb-539d-4896-9461-d13184fee7bc;dados/brutos/interacoes.json;2026-09-28 19:48:08.793432
3168;62;642;visualização;2026-09-03 06:31:40.0;46;51.5;;94a6eddb-539d-4896-9461-d13184fee7bc;dados/brutos/lote_2/interacoes.json;2026-09-28 19:48:08.793432
3169;62;653;curtida;2026-04-02 09:13:11.0;28;77.5;5;94a6eddb-539d-4896-9461-d13184fee7bc;dados/brutos/interacoes.json;2026-09-28 19:48:08.878531
3170;62;712;conclusão;2026-05-01 07:31:20.0;28;100.0;4;94a6eddb-539d-4896-9461-d13184fee7bc;dados/brutos/interacoes.json;2026-09-28 19:48:08.878531
3171;62;724;avaliação;2026-09-16 12:55:55.0;7;52.4;5;94a6eddb-539d-4896-9461-d13184fee7bc;dados/brutos/lote_2/interacoes.json;2026-09-28 19:48:08.793432
3172;62;814;visualização;2026-08-21 16:00:47.0;22;79.6;;94a6eddb-539d-4896-9461-d13184fee7bc;dados/brutos/interacoes.json;2026-09-28 19:48:08.793432
3173;62;913;conclusão;2026-04-26 01:32:15.0;2125;100.0;4;94a6eddb-539d-4896-9461-d13184fee7bc;dados/brutos/interacoes.json;2026-09-28 19:48:08.878531
3174;62;976;visualização;2026-09-20 16:03:40.0;20;71.3;;94a6eddb-539d-4896-9461-d13184fee7bc;dados/brutos/lote_2/interacoes.json;2026-09-28 19:48:08.793432
3175;62;1024;início;2026-09-25 11:12:24.0;2;10.8;;94a6eddb-539d-4896-9461-d13184fee7bc;dados/brutos/lote_2/interacoes.json;2026-09-28 19:48:08.793432
3176;63;72;curtida;2026-09-03 18:46:45.0;11;54.1;5;94a6eddb-539d-4896-9461-d13184fee7bc;dados/brutos/lote_2/interacoes.json;2026-09-28 19:48:08.793432
3177;63;118;conclusão;2026-09-20 23:34:08.0;97;100.0;5;94a6eddb-539d-4896-9461-d13184fee7bc;dados/brutos/lote_2/interacoes.json;2026-09-28 19:48:08.793432
3178;63;567;início;2026-02-11 02:49:11.0;5;9.9;;94a6eddb-539d-4896-9461-d13184fee7bc;dados/brutos/interacoes.json;2026-09-28 19:48:08.793432
3179;63;569;conclusão;2026-01-17 04:19:20.0;20;100.0;4;94a6eddb-539d-4896-9461-d13184fee7bc;dados/brutos/interacoes.json;2026-09-28 19:48:08.793432
3180;63;604;visualização;2026-04-14 11:17:37.0;8;28.8;;94a6eddb-539d-4896-9461-d13184fee7bc;dados/brutos/interacoes.json;2026-09-28 19:48:08.793432
3181;63;628;conclusão;2026-09-01 12:26:27.0;88;100.0;5;94a6eddb-539d-4896-9461-d13184fee7bc;dados/brutos/lote_2/interacoes.json;2026-09-28 19:48:08.793432
3182;63;707;curtida;2026-08-23 04:45:44.0;11;92.0;5;94a6eddb-539d-4896-9461-d13184fee7bc;dados/brutos/interacoes.json;2026-09-28 19:48:08.793432
3183;64;74;visualização;2026-03-26 16:02:19.0;31;50.3;;94a6eddb-539d-4896-9461-d13184fee7bc;dados/brutos/interacoes.json;2026-09-28 19:48:08.793432
3184;64;268;início;2026-05-20 22:59:59.0;1;3.4;;94a6eddb-539d-4896-9461-d13184fee7bc;dados/brutos/interacoes.json;2026-09-28 19:48:08.793432
3185;64;361;início;2026-05-10 08:20:05.0;1;7.5;;94a6eddb-539d-4896-9461-d13184fee7bc;dados/brutos/interacoes.json;2026-09-28 19:48:08.878531
3186;64;379;avaliação;2026-09-04 15:51:30.0;441;66.8;3;94a6eddb-539d-4896-9461-d13184fee7bc;dados/brutos/lote_2/interacoes.json;2026-09-28 19:48:08.793432
3187;64;481;conclusão;2026-05-17 05:49:07.0;43;100.0;5;94a6eddb-539d-4896-9461-d13184fee7bc;dados/brutos/interacoes.json;2026-09-28 19:48:08.878531
3188;64;581;visualização;2026-07-20 00:31:30.0;856;73.3;;94a6eddb-539d-4896-9461-d13184fee7bc;dados/brutos/interacoes.json;2026-09-28 19:48:08.793432
3189;64;601;visualização;2026-05-08 04:47:18.0;11;42.3;;94a6eddb-539d-4896-9461-d13184fee7bc;dados/brutos/interacoes.json;2026-09-28 19:48:08.878531
3190;64;614;curtida;2026-06-29 08:06:54.0;23;85.7;5;94a6eddb-539d-4896-9461-d13184fee7bc;dados/brutos/interacoes.json;2026-09-28 19:48:08.793432
3191;64;633;início;2026-09-22 07:26:23.0;46;8.7;;94a6eddb-539d-4896-9461-d13184fee7bc;dados/brutos/lote_2/interacoes.json;2026-09-28 19:48:08.793432
3192;64;649;início;2026-03-11 15:39:47.0;7;12.6;;94a6eddb-539d-4896-9461-d13184fee7bc;dados/brutos/interacoes.json;2026-09-28 19:48:08.793432
3193;64;984;conclusão;2026-09-06 02:09:14.0;24;100.0;5;94a6eddb-539d-4896-9461-d13184fee7bc;dados/brutos/lote_2/interacoes.json;2026-09-28 19:48:08.793432
3194;65;27;visualização;2026-02-11 04:54:35.0;24;80.7;;94a6eddb-539d-4896-9461-d13184fee7bc;dados/brutos/interacoes.json;2026-09-28 19:48:08.793432
3195;65;145;compartilhamento;2026-03-05 19:38:18.0;14;60.6;;94a6eddb-539d-4896-9461-d13184fee7bc;dados/brutos/interacoes.json;2026-09-28 19:48:08.793432
3196;65;152;compartilhamento;2026-02-18 21:02:57.0;1415;80.4;;94a6eddb-539d-4896-9461-d13184fee7bc;dados/brutos/interacoes.json;2026-09-28 19:48:08.878531
3197;65;240;visualização;2026-03-10 18:39:32.0;19;54.9;;94a6eddb-539d-4896-9461-d13184fee7bc;dados/brutos/interacoes.json;2026-09-28 19:48:08.793432
3198;65;260;visualização;2026-07-14 00:24:16.0;23;38.3;;94a6eddb-539d-4896-9461-d13184fee7bc;dados/brutos/interacoes.json;2026-09-28 19:48:08.878531
3199;65;627;visualização;2026-09-12 07:28:50.0;30;50.4;;94a6eddb-539d-4896-9461-d13184fee7bc;dados/brutos/lote_2/interacoes.json;2026-09-28 19:48:08.793432
3200;65;758;curtida;2026-05-01 05:39:16.0;18;48.7;5;94a6eddb-539d-4896-9461-d13184fee7bc;dados/brutos/interacoes.json;2026-09-28 19:48:08.793432
3201;65;824;visualização;2026-09-17 17:28:50.0;1465;45.6;;94a6eddb-539d-4896-9461-d13184fee7bc;dados/brutos/lote_2/interacoes.json;2026-09-28 19:48:08.793432
3202;65;885;conclusão;2026-09-14 00:38:39.0;26;100.0;3;94a6eddb-539d-4896-9461-d13184fee7bc;dados/brutos/lote_2/interacoes.json;2026-09-28 19:48:08.793432
3203;65;937;início;2026-05-15 18:29:11.0;1;3.7;;94a6eddb-539d-4896-9461-d13184fee7bc;dados/brutos/interacoes.json;2026-09-28 19:48:08.793432
3204;65;945;curtida;2026-06-05 10:44:04.0;798;66.3;5;94a6eddb-539d-4896-9461-d13184fee7bc;dados/brutos/interacoes.json;2026-09-28 19:48:08.793432
3205;65;1008;conclusão;2026-09-02 09:26:15.0;75;100.0;4;94a6eddb-539d-4896-9461-d13184fee7bc;dados/brutos/lote_2/interacoes.json;2026-09-28 19:48:08.793432
3206;66;38;visualização;2026-01-16 08:11:50.0;4;84.1;;94a6eddb-539d-4896-9461-d13184fee7bc;dados/brutos/interacoes.json;2026-09-28 19:48:08.878531
3207;66;176;conclusão;2026-02-17 12:35:29.0;87;100.0;;94a6eddb-539d-4896-9461-d13184fee7bc;dados/brutos/interacoes.json;2026-09-28 19:48:08.793432
3208;66;268;início;2026-03-29 13:29:57.0;3;9.4;;94a6eddb-539d-4896-9461-d13184fee7bc;dados/brutos/interacoes.json;2026-09-28 19:48:08.793432
3209;66;337;avaliação;2026-08-31 08:03:32.0;26;94.4;5;94a6eddb-539d-4896-9461-d13184fee7bc;dados/brutos/lote_2/interacoes.json;2026-09-28 19:48:08.793432
3210;66;509;conclusão;2026-04-06 08:44:22.0;79;100.0;5;94a6eddb-539d-4896-9461-d13184fee7bc;dados/brutos/interacoes.json;2026-09-28 19:48:08.793432
3211;66;631;visualização;2026-03-04 15:55:25.0;4;40.1;;94a6eddb-539d-4896-9461-d13184fee7bc;dados/brutos/interacoes.json;2026-09-28 19:48:08.878531
3212;66;838;visualização;2026-02-25 16:27:29.0;367;20.5;;94a6eddb-539d-4896-9461-d13184fee7bc;dados/brutos/interacoes.json;2026-09-28 19:48:08.878531
3213;66;914;início;2026-04-21 01:43:16.0;186;13.0;;94a6eddb-539d-4896-9461-d13184fee7bc;dados/brutos/interacoes.json;2026-09-28 19:48:08.793432
3214;66;984;início;2026-05-12 03:33:58.0;1;7.7;;94a6eddb-539d-4896-9461-d13184fee7bc;dados/brutos/interacoes.json;2026-09-28 19:48:08.793432
3215;67;76;visualização;2026-08-30 12:06:48.0;257;32.8;;94a6eddb-539d-4896-9461-d13184fee7bc;dados/brutos/lote_2/interacoes.json;2026-09-28 19:48:08.793432
3216;67;159;visualização;2026-02-21 21:56:28.0;8;58.2;;94a6eddb-539d-4896-9461-d13184fee7bc;dados/brutos/interacoes.json;2026-09-28 19:48:08.793432
3217;67;494;conclusão;2026-02-27 02:32:31.0;35;100.0;;94a6eddb-539d-4896-9461-d13184fee7bc;dados/brutos/interacoes.json;2026-09-28 19:48:08.878531
3218;67;584;curtida;2026-01-11 00:09:29.0;13;48.9;5;94a6eddb-539d-4896-9461-d13184fee7bc;dados/brutos/interacoes.json;2026-09-28 19:48:08.878531
3219;67;624;visualização;2026-01-26 20:46:40.0;608;50.1;;94a6eddb-539d-4896-9461-d13184fee7bc;dados/brutos/interacoes.json;2026-09-28 19:48:08.793432
3220;67;700;início;2026-09-10 15:51:21.0;4;11.0;;94a6eddb-539d-4896-9461-d13184fee7bc;dados/brutos/lote_2/interacoes.json;2026-09-28 19:48:08.793432
3221;67;756;avaliação;2026-04-03 08:06:49.0;59;92.1;3;94a6eddb-539d-4896-9461-d13184fee7bc;dados/brutos/interacoes.json;2026-09-28 19:48:08.793432
3222;67;815;compartilhamento;2026-06-25 23:34:39.0;9;96.4;;94a6eddb-539d-4896-9461-d13184fee7bc;dados/brutos/interacoes.json;2026-09-28 19:48:08.878531
3223;67;963;avaliação;2026-07-16 13:36:36.0;52;83.7;5;94a6eddb-539d-4896-9461-d13184fee7bc;dados/brutos/interacoes.json;2026-09-28 19:48:08.793432
3224;67;965;compartilhamento;2026-04-06 23:41:34.0;6;72.5;;94a6eddb-539d-4896-9461-d13184fee7bc;dados/brutos/interacoes.json;2026-09-28 19:48:08.878531
3225;67;973;curtida;2026-09-02 23:05:00.0;11;90.8;5;94a6eddb-539d-4896-9461-d13184fee7bc;dados/brutos/lote_2/interacoes.json;2026-09-28 19:48:08.793432
3226;67;1030;visualização;2026-09-13 05:49:11.0;735;70.4;;94a6eddb-539d-4896-9461-d13184fee7bc;dados/brutos/lote_2/interacoes.json;2026-09-28 19:48:08.793432
3227;68;1;visualização;2026-02-14 07:23:13.0;2376;68.3;;94a6eddb-539d-4896-9461-d13184fee7bc;dados/brutos/interacoes.json;2026-09-28 19:48:08.793432
3228;68;116;conclusão;2026-08-10 15:53:44.0;21;100.0;4;94a6eddb-539d-4896-9461-d13184fee7bc;dados/brutos/interacoes.json;2026-09-28 19:48:08.793432
3229;68;245;visualização;2026-03-17 06:48:46.0;10;43.1;;94a6eddb-539d-4896-9461-d13184fee7bc;dados/brutos/interacoes.json;2026-09-28 19:48:08.878531
3230;68;392;visualização;2026-08-17 13:09:46.0;11;42.0;;94a6eddb-539d-4896-9461-d13184fee7bc;dados/brutos/interacoes.json;2026-09-28 19:48:08.878531
3231;68;421;visualização;2026-09-18 10:10:32.0;127;10.3;;94a6eddb-539d-4896-9461-d13184fee7bc;dados/brutos/lote_2/interacoes.json;2026-09-28 19:48:08.793432
3232;68;532;visualização;2026-09-05 16:43:25.0;147;34.3;;94a6eddb-539d-4896-9461-d13184fee7bc;dados/brutos/lote_2/interacoes.json;2026-09-28 19:48:08.793432
3233;68;582;conclusão;2026-02-09 23:14:03.0;25;100.0;5;94a6eddb-539d-4896-9461-d13184fee7bc;dados/brutos/interacoes.json;2026-09-28 19:48:08.793432
3234;68;617;curtida;2026-08-20 05:07:56.0;52;60.4;5;94a6eddb-539d-4896-9461-d13184fee7bc;dados/brutos/interacoes.json;2026-09-28 19:48:08.878531
3235;68;622;conclusão;2026-07-13 10:25:46.0;13;100.0;4;94a6eddb-539d-4896-9461-d13184fee7bc;dados/brutos/interacoes.json;2026-09-28 19:48:08.878531
3236;68;669;curtida;2026-05-17 15:24:09.0;30;57.2;5;94a6eddb-539d-4896-9461-d13184fee7bc;dados/brutos/interacoes.json;2026-09-28 19:48:08.878531
3237;68;729;avaliação;2026-09-18 12:33:21.0;51;74.8;3;94a6eddb-539d-4896-9461-d13184fee7bc;dados/brutos/lote_2/interacoes.json;2026-09-28 19:48:08.793432
3238;68;849;visualização;2026-06-09 01:50:42.0;43;53.5;;94a6eddb-539d-4896-9461-d13184fee7bc;dados/brutos/interacoes.json;2026-09-28 19:48:08.793432
3239;69;43;conclusão;2026-06-04 02:41:18.0;47;100.0;5;94a6eddb-539d-4896-9461-d13184fee7bc;dados/brutos/interacoes.json;2026-09-28 19:48:08.878531
3240;69;77;visualização;2026-08-01 15:21:10.0;18;25.2;;94a6eddb-539d-4896-9461-d13184fee7bc;dados/brutos/interacoes.json;2026-09-28 19:48:08.793432
3241;69;311;curtida;2026-06-29 20:33:57.0;860;79.8;5;94a6eddb-539d-4896-9461-d13184fee7bc;dados/brutos/interacoes.json;2026-09-28 19:48:08.793432
3242;69;411;conclusão;2026-01-21 05:28:05.0;27;100.0;4;94a6eddb-539d-4896-9461-d13184fee7bc;dados/brutos/interacoes.json;2026-09-28 19:48:08.878531
3243;69;631;curtida;2026-01-24 06:38:01.0;8;81.0;5;94a6eddb-539d-4896-9461-d13184fee7bc;dados/brutos/interacoes.json;2026-09-28 19:48:08.793432
3244;69;713;conclusão;2026-01-22 21:22:15.0;60;100.0;5;94a6eddb-539d-4896-9461-d13184fee7bc;dados/brutos/interacoes.json;2026-09-28 19:48:08.878531
3245;69;832;compartilhamento;2026-07-27 02:17:55.0;36;57.4;;94a6eddb-539d-4896-9461-d13184fee7bc;dados/brutos/interacoes.json;2026-09-28 19:48:08.793432
3246;69;837;curtida;2026-05-03 23:53:07.0;39;93.6;5;94a6eddb-539d-4896-9461-d13184fee7bc;dados/brutos/interacoes.json;2026-09-28 19:48:08.793432
3247;69;947;início;2026-01-15 19:33:42.0;166;8.1;;94a6eddb-539d-4896-9461-d13184fee7bc;dados/brutos/interacoes.json;2026-09-28 19:48:08.878531
3248;69;1026;curtida;2026-09-06 01:28:05.0;12;76.9;5;94a6eddb-539d-4896-9461-d13184fee7bc;dados/brutos/lote_2/interacoes.json;2026-09-28 19:48:08.793432
3249;69;1029;conclusão;2026-09-19 03:15:38.0;45;100.0;5;94a6eddb-539d-4896-9461-d13184fee7bc;dados/brutos/lote_2/interacoes.json;2026-09-28 19:48:08.793432
3250;70;102;visualização;2026-01-14 10:30:10.0;435;25.6;;94a6eddb-539d-4896-9461-d13184fee7bc;dados/brutos/interacoes.json;2026-09-28 19:48:08.793432
3251;70;287;compartilhamento;2026-04-22 04:24:19.0;27;52.8;;94a6eddb-539d-4896-9461-d13184fee7bc;dados/brutos/interacoes.json;2026-09-28 19:48:08.793432
3252;70;422;início;2026-09-02 06:05:50.0;148;12.5;;94a6eddb-539d-4896-9461-d13184fee7bc;dados/brutos/lote_2/interacoes.json;2026-09-28 19:48:08.793432
3253;70;431;avaliação;2026-03-02 13:07:43.0;302;57.4;1;94a6eddb-539d-4896-9461-d13184fee7bc;dados/brutos/interacoes.json;2026-09-28 19:48:08.878531
3254;70;553;visualização;2026-06-16 11:59:47.0;4;25.3;;94a6eddb-539d-4896-9461-d13184fee7bc;dados/brutos/interacoes.json;2026-09-28 19:48:08.793432
3255;70;579;avaliação;2026-05-25 13:19:16.0;18;67.2;4;94a6eddb-539d-4896-9461-d13184fee7bc;dados/brutos/interacoes.json;2026-09-28 19:48:08.793432
3256;70;699;início;2026-09-10 21:33:17.0;1;1.6;;94a6eddb-539d-4896-9461-d13184fee7bc;dados/brutos/lote_2/interacoes.json;2026-09-28 19:48:08.793432
3257;70;782;início;2026-01-06 18:30:16.0;1;1.5;;94a6eddb-539d-4896-9461-d13184fee7bc;dados/brutos/interacoes.json;2026-09-28 19:48:08.793432
3258;70;790;visualização;2026-08-26 23:36:50.0;37;59.1;;94a6eddb-539d-4896-9461-d13184fee7bc;dados/brutos/lote_2/interacoes.json;2026-09-28 19:48:08.793432
3259;70;831;início;2026-09-06 16:34:52.0;7;10.1;;94a6eddb-539d-4896-9461-d13184fee7bc;dados/brutos/lote_2/interacoes.json;2026-09-28 19:48:08.793432
3260;71;79;visualização;2026-07-12 23:45:54.0;29;39.8;;94a6eddb-539d-4896-9461-d13184fee7bc;dados/brutos/interacoes.json;2026-09-28 19:48:08.793432
3261;71;142;conclusão;2026-09-14 00:12:47.0;19;100.0;3;94a6eddb-539d-4896-9461-d13184fee7bc;dados/brutos/lote_2/interacoes.json;2026-09-28 19:48:08.793432
3262;71;150;visualização;2026-02-23 10:41:08.0;511;79.1;;94a6eddb-539d-4896-9461-d13184fee7bc;dados/brutos/interacoes.json;2026-09-28 19:48:08.793432
3263;71;179;visualização;2026-07-05 02:58:23.0;1088;46.7;;94a6eddb-539d-4896-9461-d13184fee7bc;dados/brutos/interacoes.json;2026-09-28 19:48:08.878531
3264;71;200;visualização;2026-05-17 03:56:24.0;11;17.3;;94a6eddb-539d-4896-9461-d13184fee7bc;dados/brutos/interacoes.json;2026-09-28 19:48:08.793432
3265;71;311;compartilhamento;2026-05-05 09:24:43.0;425;39.5;;94a6eddb-539d-4896-9461-d13184fee7bc;dados/brutos/interacoes.json;2026-09-28 19:48:08.793432
3266;71;474;visualização;2026-09-19 03:12:48.0;12;39.8;;94a6eddb-539d-4896-9461-d13184fee7bc;dados/brutos/lote_2/interacoes.json;2026-09-28 19:48:08.793432
3267;71;565;início;2026-06-18 06:17:21.0;92;7.8;;94a6eddb-539d-4896-9461-d13184fee7bc;dados/brutos/interacoes.json;2026-09-28 19:48:08.878531
3268;71;634;início;2026-06-22 14:09:07.0;1;1.5;;94a6eddb-539d-4896-9461-d13184fee7bc;dados/brutos/interacoes.json;2026-09-28 19:48:08.878531
3269;71;646;visualização;2026-09-10 17:50:51.0;18;16.6;;94a6eddb-539d-4896-9461-d13184fee7bc;dados/brutos/lote_2/interacoes.json;2026-09-28 19:48:08.793432
3270;71;796;visualização;2026-09-21 16:40:31.0;15;22.7;;94a6eddb-539d-4896-9461-d13184fee7bc;dados/brutos/lote_2/interacoes.json;2026-09-28 19:48:08.793432
3271;71;859;curtida;2026-01-28 12:34:37.0;32;71.3;5;94a6eddb-539d-4896-9461-d13184fee7bc;dados/brutos/interacoes.json;2026-09-28 19:48:08.793432
3272;71;927;visualização;2026-02-21 21:17:17.0;8;17.9;;94a6eddb-539d-4896-9461-d13184fee7bc;dados/brutos/interacoes.json;2026-09-28 19:48:08.878531
3273;72;45;início;2026-09-12 07:36:02.0;3;9.4;;94a6eddb-539d-4896-9461-d13184fee7bc;dados/brutos/lote_2/interacoes.json;2026-09-28 19:48:08.793432
3274;72;64;visualização;2026-07-04 04:13:29.0;9;44.5;;94a6eddb-539d-4896-9461-d13184fee7bc;dados/brutos/interacoes.json;2026-09-28 19:48:08.793432
3275;72;157;conclusão;2026-03-29 01:31:26.0;16;100.0;4;94a6eddb-539d-4896-9461-d13184fee7bc;dados/brutos/interacoes.json;2026-09-28 19:48:08.793432
3276;72;517;início;2026-08-22 19:57:57.0;1;2.9;;94a6eddb-539d-4896-9461-d13184fee7bc;dados/brutos/interacoes.json;2026-09-28 19:48:08.793432
3277;72;642;visualização;2026-08-01 17:46:50.0;25;28.6;;94a6eddb-539d-4896-9461-d13184fee7bc;dados/brutos/interacoes.json;2026-09-28 19:48:08.793432
3278;72;673;curtida;2026-09-10 11:07:23.0;46;70.5;5;94a6eddb-539d-4896-9461-d13184fee7bc;dados/brutos/lote_2/interacoes.json;2026-09-28 19:48:08.793432
3279;72;779;compartilhamento;2026-09-06 07:09:34.0;41;48.3;;94a6eddb-539d-4896-9461-d13184fee7bc;dados/brutos/lote_2/interacoes.json;2026-09-28 19:48:08.793432
3280;72;847;visualização;2026-09-12 22:20:47.0;6;47.6;;94a6eddb-539d-4896-9461-d13184fee7bc;dados/brutos/lote_2/interacoes.json;2026-09-28 19:48:08.793432
3281;72;853;curtida;2026-05-10 06:07:06.0;14;57.6;5;94a6eddb-539d-4896-9461-d13184fee7bc;dados/brutos/interacoes.json;2026-09-28 19:48:08.878531
3282;72;895;início;2026-07-23 03:02:30.0;3;14.5;;94a6eddb-539d-4896-9461-d13184fee7bc;dados/brutos/interacoes.json;2026-09-28 19:48:08.878531
3283;73;174;visualização;2026-06-07 17:48:35.0;31;50.1;;94a6eddb-539d-4896-9461-d13184fee7bc;dados/brutos/interacoes.json;2026-09-28 19:48:08.793432
3284;73;209;visualização;2026-07-28 21:29:04.0;7;67.2;;94a6eddb-539d-4896-9461-d13184fee7bc;dados/brutos/interacoes.json;2026-09-28 19:48:08.793432
3285;73;256;visualização;2026-01-22 19:59:21.0;4;82.7;;94a6eddb-539d-4896-9461-d13184fee7bc;dados/brutos/interacoes.json;2026-09-28 19:48:08.793432
3286;73;416;curtida;2026-09-24 03:29:08.0;46;62.8;5;94a6eddb-539d-4896-9461-d13184fee7bc;dados/brutos/lote_2/interacoes.json;2026-09-28 19:48:08.793432
3287;73;610;avaliação;2026-02-11 12:32:26.0;56;98.7;4;94a6eddb-539d-4896-9461-d13184fee7bc;dados/brutos/interacoes.json;2026-09-28 19:48:08.878531
3288;73;967;avaliação;2026-03-31 17:20:20.0;23;82.6;5;94a6eddb-539d-4896-9461-d13184fee7bc;dados/brutos/interacoes.json;2026-09-28 19:48:08.793432
3289;74;247;avaliação;2026-07-03 23:22:44.0;76;90.4;4;94a6eddb-539d-4896-9461-d13184fee7bc;dados/brutos/interacoes.json;2026-09-28 19:48:08.793432
3290;74;298;início;2026-02-09 05:21:47.0;9;13.7;;94a6eddb-539d-4896-9461-d13184fee7bc;dados/brutos/interacoes.json;2026-09-28 19:48:08.793432
3291;74;598;início;2026-08-07 13:12:28.0;2;8.5;;94a6eddb-539d-4896-9461-d13184fee7bc;dados/brutos/interacoes.json;2026-09-28 19:48:08.878531
3292;74;600;avaliação;2026-09-25 11:56:45.0;49;85.1;5;94a6eddb-539d-4896-9461-d13184fee7bc;dados/brutos/lote_2/interacoes.json;2026-09-28 19:48:08.793432
3293;74;637;avaliação;2026-02-03 15:15:33.0;52;62.2;4;94a6eddb-539d-4896-9461-d13184fee7bc;dados/brutos/interacoes.json;2026-09-28 19:48:08.793432
3294;74;754;visualização;2026-09-12 09:41:44.0;298;27.4;;94a6eddb-539d-4896-9461-d13184fee7bc;dados/brutos/lote_2/interacoes.json;2026-09-28 19:48:08.793432
3295;74;882;visualização;2026-09-06 03:31:44.0;1;12.1;;94a6eddb-539d-4896-9461-d13184fee7bc;dados/brutos/lote_2/interacoes.json;2026-09-28 19:48:08.793432
3296;74;889;visualização;2026-04-08 22:29:38.0;23;59.0;;94a6eddb-539d-4896-9461-d13184fee7bc;dados/brutos/interacoes.json;2026-09-28 19:48:08.793432
3297;75;97;visualização;2026-02-17 22:00:28.0;833;32.4;;94a6eddb-539d-4896-9461-d13184fee7bc;dados/brutos/interacoes.json;2026-09-28 19:48:08.878531
3298;75;901;início;2026-02-16 20:02:06.0;20;11.1;;94a6eddb-539d-4896-9461-d13184fee7bc;dados/brutos/interacoes.json;2026-09-28 19:48:08.878531
3299;75;966;início;2026-05-11 00:03:42.0;1;4.7;;94a6eddb-539d-4896-9461-d13184fee7bc;dados/brutos/interacoes.json;2026-09-28 19:48:08.793432
3300;76;130;visualização;2026-06-02 11:48:11.0;146;22.0;;94a6eddb-539d-4896-9461-d13184fee7bc;dados/brutos/interacoes.json;2026-09-28 19:48:08.793432
3301;76;256;conclusão;2026-08-20 23:10:26.0;6;100.0;5;94a6eddb-539d-4896-9461-d13184fee7bc;dados/brutos/interacoes.json;2026-09-28 19:48:08.793432
3302;76;329;visualização;2026-08-30 11:03:51.0;34;68.8;;94a6eddb-539d-4896-9461-d13184fee7bc;dados/brutos/lote_2/interacoes.json;2026-09-28 19:48:08.793432
3303;76;348;início;2026-07-09 21:23:25.0;1;14.9;;94a6eddb-539d-4896-9461-d13184fee7bc;dados/brutos/interacoes.json;2026-09-28 19:48:08.793432
3304;76;491;conclusão;2026-09-10 05:20:43.0;601;100.0;3;94a6eddb-539d-4896-9461-d13184fee7bc;dados/brutos/lote_2/interacoes.json;2026-09-28 19:48:08.793432
3305;76;532;curtida;2026-05-11 09:11:47.0;354;82.6;5;94a6eddb-539d-4896-9461-d13184fee7bc;dados/brutos/interacoes.json;2026-09-28 19:48:08.878531
3306;76;554;conclusão;2026-08-06 08:49:36.0;196;100.0;4;94a6eddb-539d-4896-9461-d13184fee7bc;dados/brutos/interacoes.json;2026-09-28 19:48:08.878531
3307;76;563;visualização;2026-09-15 13:00:29.0;6;19.6;;94a6eddb-539d-4896-9461-d13184fee7bc;dados/brutos/lote_2/interacoes.json;2026-09-28 19:48:08.793432
3308;76;592;início;2026-02-08 18:11:46.0;59;11.2;;94a6eddb-539d-4896-9461-d13184fee7bc;dados/brutos/interacoes.json;2026-09-28 19:48:08.878531
3309;76;662;curtida;2026-05-10 19:05:58.0;16;44.2;5;94a6eddb-539d-4896-9461-d13184fee7bc;dados/brutos/interacoes.json;2026-09-28 19:48:08.793432
3310;76;757;início;2026-09-12 19:51:11.0;22;3.4;;94a6eddb-539d-4896-9461-d13184fee7bc;dados/brutos/lote_2/interacoes.json;2026-09-28 19:48:08.793432
3311;76;1002;visualização;2026-09-08 17:38:37.0;8;60.1;;94a6eddb-539d-4896-9461-d13184fee7bc;dados/brutos/lote_2/interacoes.json;2026-09-28 19:48:08.793432
3312;77;76;curtida;2026-05-13 23:33:05.0;670;85.4;5;94a6eddb-539d-4896-9461-d13184fee7bc;dados/brutos/interacoes.json;2026-09-28 19:48:08.878531
3313;77;177;visualização;2026-02-05 11:08:13.0;16;80.1;;94a6eddb-539d-4896-9461-d13184fee7bc;dados/brutos/interacoes.json;2026-09-28 19:48:08.878531
3314;77;315;avaliação;2026-05-05 05:55:16.0;68;71.6;5;94a6eddb-539d-4896-9461-d13184fee7bc;dados/brutos/interacoes.json;2026-09-28 19:48:08.878531
3315;77;460;avaliação;2026-06-09 21:37:33.0;3;71.3;5;94a6eddb-539d-4896-9461-d13184fee7bc;dados/brutos/interacoes.json;2026-09-28 19:48:08.793432
3316;77;555;início;2026-08-10 12:18:51.0;11;14.3;;94a6eddb-539d-4896-9461-d13184fee7bc;dados/brutos/interacoes.json;2026-09-28 19:48:08.793432
3317;77;698;visualização;2026-09-09 17:19:46.0;15;24.0;;94a6eddb-539d-4896-9461-d13184fee7bc;dados/brutos/lote_2/interacoes.json;2026-09-28 19:48:08.793432
3318;77;935;início;2026-03-21 20:59:31.0;9;12.4;;94a6eddb-539d-4896-9461-d13184fee7bc;dados/brutos/interacoes.json;2026-09-28 19:48:08.878531
3319;78;27;visualização;2026-09-13 23:25:39.0;21;68.7;;94a6eddb-539d-4896-9461-d13184fee7bc;dados/brutos/lote_2/interacoes.json;2026-09-28 19:48:08.793432
3320;78;184;compartilhamento;2026-05-20 23:14:02.0;2;33.5;;94a6eddb-539d-4896-9461-d13184fee7bc;dados/brutos/interacoes.json;2026-09-28 19:48:08.793432
3321;78;526;compartilhamento;2026-03-04 03:42:59.0;2;49.3;;94a6eddb-539d-4896-9461-d13184fee7bc;dados/brutos/interacoes.json;2026-09-28 19:48:08.793432
3322;78;683;conclusão;2026-09-24 22:11:23.0;17;100.0;5;94a6eddb-539d-4896-9461-d13184fee7bc;dados/brutos/lote_2/interacoes.json;2026-09-28 19:48:08.793432
3323;78;695;início;2026-05-26 08:50:50.0;8;14.7;;94a6eddb-539d-4896-9461-d13184fee7bc;dados/brutos/interacoes.json;2026-09-28 19:48:08.793432
3324;78;804;curtida;2026-09-09 20:00:19.0;37;94.9;5;94a6eddb-539d-4896-9461-d13184fee7bc;dados/brutos/lote_2/interacoes.json;2026-09-28 19:48:08.793432
3325;78;946;visualização;2026-03-09 23:19:14.0;67;62.3;;94a6eddb-539d-4896-9461-d13184fee7bc;dados/brutos/interacoes.json;2026-09-28 19:48:08.878531
3326;79;126;visualização;2026-07-06 12:39:55.0;41;49.1;;94a6eddb-539d-4896-9461-d13184fee7bc;dados/brutos/interacoes.json;2026-09-28 19:48:08.793432
3327;79;173;avaliação;2026-03-22 20:19:18.0;16;52.1;5;94a6eddb-539d-4896-9461-d13184fee7bc;dados/brutos/interacoes.json;2026-09-28 19:48:08.878531
3328;79;243;início;2026-02-10 15:09:23.0;95;3.3;;94a6eddb-539d-4896-9461-d13184fee7bc;dados/brutos/interacoes.json;2026-09-28 19:48:08.878531
3329;79;413;visualização;2026-02-11 23:09:08.0;51;78.8;;94a6eddb-539d-4896-9461-d13184fee7bc;dados/brutos/interacoes.json;2026-09-28 19:48:08.793432
3330;79;536;avaliação;2026-09-23 12:55:24.0;52;91.2;4;94a6eddb-539d-4896-9461-d13184fee7bc;dados/brutos/lote_2/interacoes.json;2026-09-28 19:48:08.793432
3331;79;606;visualização;2026-09-01 09:05:52.0;4;68.1;;94a6eddb-539d-4896-9461-d13184fee7bc;dados/brutos/lote_2/interacoes.json;2026-09-28 19:48:08.793432
3332;79;809;avaliação;2026-02-12 11:10:51.0;7;88.4;5;94a6eddb-539d-4896-9461-d13184fee7bc;dados/brutos/interacoes.json;2026-09-28 19:48:08.793432
3333;79;935;visualização;2026-07-22 16:41:58.0;30;39.2;;94a6eddb-539d-4896-9461-d13184fee7bc;dados/brutos/interacoes.json;2026-09-28 19:48:08.793432
3334;79;1015;visualização;2026-08-28 12:24:48.0;8;36.6;;94a6eddb-539d-4896-9461-d13184fee7bc;dados/brutos/lote_2/interacoes.json;2026-09-28 19:48:08.793432
3335;80;20;visualização;2026-01-25 13:12:07.0;6;24.9;;94a6eddb-539d-4896-9461-d13184fee7bc;dados/brutos/interacoes.json;2026-09-28 19:48:08.793432
3336;80;155;visualização;2026-09-06 23:40:50.0;592;47.4;;94a6eddb-539d-4896-9461-d13184fee7bc;dados/brutos/lote_2/interacoes.json;2026-09-28 19:48:08.793432
3337;80;410;conclusão;2026-09-11 08:00:44.0;8;100.0;;94a6eddb-539d-4896-9461-d13184fee7bc;dados/brutos/lote_2/interacoes.json;2026-09-28 19:48:08.793432
3338;80;473;início;2026-03-29 16:27:30.0;139;9.9;;94a6eddb-539d-4896-9461-d13184fee7bc;dados/brutos/interacoes.json;2026-09-28 19:48:08.793432
3339;80;627;conclusão;2026-08-16 20:24:29.0;60;100.0;3;94a6eddb-539d-4896-9461-d13184fee7bc;dados/brutos/interacoes.json;2026-09-28 19:48:08.793432
3340;80;995;avaliação;2026-05-17 08:36:18.0;28;83.7;4;94a6eddb-539d-4896-9461-d13184fee7bc;dados/brutos/interacoes.json;2026-09-28 19:48:08.878531
3341;81;190;compartilhamento;2026-07-15 19:39:23.0;218;83.5;;94a6eddb-539d-4896-9461-d13184fee7bc;dados/brutos/interacoes.json;2026-09-28 19:48:08.793432
3342;81;266;compartilhamento;2026-02-07 07:54:04.0;109;41.8;;94a6eddb-539d-4896-9461-d13184fee7bc;dados/brutos/interacoes.json;2026-09-28 19:48:08.878531
3343;81;336;início;2026-06-16 17:50:52.0;2;11.7;;94a6eddb-539d-4896-9461-d13184fee7bc;dados/brutos/interacoes.json;2026-09-28 19:48:08.878531
3344;81;654;início;2026-06-27 20:47:42.0;91;3.5;;94a6eddb-539d-4896-9461-d13184fee7bc;dados/brutos/interacoes.json;2026-09-28 19:48:08.793432
3345;81;770;conclusão;2026-03-15 04:11:02.0;19;100.0;3;94a6eddb-539d-4896-9461-d13184fee7bc;dados/brutos/interacoes.json;2026-09-28 19:48:08.878531
3346;82;106;curtida;2026-06-24 15:50:39.0;1929;62.0;5;94a6eddb-539d-4896-9461-d13184fee7bc;dados/brutos/interacoes.json;2026-09-28 19:48:08.793432
3347;82;206;curtida;2026-01-23 03:22:58.0;230;63.7;5;94a6eddb-539d-4896-9461-d13184fee7bc;dados/brutos/interacoes.json;2026-09-28 19:48:08.793432
3348;82;478;conclusão;2026-01-09 08:29:46.0;62;100.0;4;94a6eddb-539d-4896-9461-d13184fee7bc;dados/brutos/interacoes.json;2026-09-28 19:48:08.878531
3349;82;502;curtida;2026-09-02 06:23:30.0;666;97.7;5;94a6eddb-539d-4896-9461-d13184fee7bc;dados/brutos/lote_2/interacoes.json;2026-09-28 19:48:08.793432
3350;82;586;curtida;2026-08-29 09:40:12.0;33;98.0;5;94a6eddb-539d-4896-9461-d13184fee7bc;dados/brutos/lote_2/interacoes.json;2026-09-28 19:48:08.793432
3351;82;684;visualização;2026-07-31 14:04:39.0;21;37.8;;94a6eddb-539d-4896-9461-d13184fee7bc;dados/brutos/interacoes.json;2026-09-28 19:48:08.878531
3352;82;770;avaliação;2026-08-19 08:43:58.0;16;87.1;5;94a6eddb-539d-4896-9461-d13184fee7bc;dados/brutos/interacoes.json;2026-09-28 19:48:08.878531
3353;82;830;avaliação;2026-04-12 11:38:13.0;7;67.4;5;94a6eddb-539d-4896-9461-d13184fee7bc;dados/brutos/interacoes.json;2026-09-28 19:48:08.878531
3354;83;195;conclusão;2026-09-16 09:31:29.0;27;100.0;4;94a6eddb-539d-4896-9461-d13184fee7bc;dados/brutos/lote_2/interacoes.json;2026-09-28 19:48:08.793432
3355;83;198;visualização;2026-09-08 03:53:01.0;123;10.6;;94a6eddb-539d-4896-9461-d13184fee7bc;dados/brutos/lote_2/interacoes.json;2026-09-28 19:48:08.793432
3356;83;293;avaliação;2026-09-21 09:44:48.0;11;95.6;5;94a6eddb-539d-4896-9461-d13184fee7bc;dados/brutos/lote_2/interacoes.json;2026-09-28 19:48:08.793432
3357;83;357;avaliação;2026-02-16 15:29:03.0;21;63.0;5;94a6eddb-539d-4896-9461-d13184fee7bc;dados/brutos/interacoes.json;2026-09-28 19:48:08.793432
3358;83;453;visualização;2026-03-24 18:02:53.0;280;77.8;;94a6eddb-539d-4896-9461-d13184fee7bc;dados/brutos/interacoes.json;2026-09-28 19:48:08.793432
3359;83;655;curtida;2026-09-18 12:22:10.0;272;99.0;5;94a6eddb-539d-4896-9461-d13184fee7bc;dados/brutos/lote_2/interacoes.json;2026-09-28 19:48:08.793432
3360;83;677;visualização;2026-05-31 06:51:38.0;13;41.3;;94a6eddb-539d-4896-9461-d13184fee7bc;dados/brutos/interacoes.json;2026-09-28 19:48:08.878531
3361;83;792;curtida;2026-07-29 20:16:22.0;22;81.6;5;94a6eddb-539d-4896-9461-d13184fee7bc;dados/brutos/interacoes.json;2026-09-28 19:48:08.878531
3362;84;66;avaliação;2026-09-12 11:20:55.0;82;77.9;4;94a6eddb-539d-4896-9461-d13184fee7bc;dados/brutos/lote_2/interacoes.json;2026-09-28 19:48:08.793432
3363;84;89;curtida;2026-02-03 11:22:06.0;19;52.4;5;94a6eddb-539d-4896-9461-d13184fee7bc;dados/brutos/interacoes.json;2026-09-28 19:48:08.793432
3364;84;265;avaliação;2026-02-24 13:26:15.0;35;78.2;4;94a6eddb-539d-4896-9461-d13184fee7bc;dados/brutos/interacoes.json;2026-09-28 19:48:08.878531
3365;84;543;conclusão;2026-05-11 04:02:44.0;62;100.0;5;94a6eddb-539d-4896-9461-d13184fee7bc;dados/brutos/interacoes.json;2026-09-28 19:48:08.793432
3366;84;627;conclusão;2026-05-21 16:53:54.0;60;100.0;5;94a6eddb-539d-4896-9461-d13184fee7bc;dados/brutos/interacoes.json;2026-09-28 19:48:08.793432
3367;84;995;curtida;2026-07-18 03:08:08.0;14;43.7;5;94a6eddb-539d-4896-9461-d13184fee7bc;dados/brutos/interacoes.json;2026-09-28 19:48:08.793432
3368;85;27;conclusão;2026-07-05 07:09:15.0;30;100.0;4;94a6eddb-539d-4896-9461-d13184fee7bc;dados/brutos/interacoes.json;2026-09-28 19:48:08.793432
3369;85;246;compartilhamento;2026-01-29 04:58:24.0;10;74.9;;94a6eddb-539d-4896-9461-d13184fee7bc;dados/brutos/interacoes.json;2026-09-28 19:48:08.878531
3370;85;249;visualização;2026-08-11 11:19:51.0;3;24.1;;94a6eddb-539d-4896-9461-d13184fee7bc;dados/brutos/interacoes.json;2026-09-28 19:48:08.878531
3371;85;320;curtida;2026-09-23 14:29:26.0;52;58.1;5;94a6eddb-539d-4896-9461-d13184fee7bc;dados/brutos/lote_2/interacoes.json;2026-09-28 19:48:08.793432
3372;85;364;início;2026-08-11 00:13:23.0;1;1.8;;94a6eddb-539d-4896-9461-d13184fee7bc;dados/brutos/interacoes.json;2026-09-28 19:48:08.793432
3373;85;364;visualização;2026-05-09 08:20:16.0;11;27.0;;94a6eddb-539d-4896-9461-d13184fee7bc;dados/brutos/interacoes.json;2026-09-28 19:48:08.878531
3374;85;434;início;2026-05-15 04:05:23.0;1;10.7;;94a6eddb-539d-4896-9461-d13184fee7bc;dados/brutos/interacoes.json;2026-09-28 19:48:08.878531
3375;85;536;curtida;2026-09-14 18:33:46.0;30;53.5;5;94a6eddb-539d-4896-9461-d13184fee7bc;dados/brutos/lote_2/interacoes.json;2026-09-28 19:48:08.793432
3376;85;704;avaliação;2026-06-12 08:15:36.0;42;63.8;3;94a6eddb-539d-4896-9461-d13184fee7bc;dados/brutos/interacoes.json;2026-09-28 19:48:08.878531
3377;85;763;visualização;2026-02-24 23:11:55.0;48;62.8;;94a6eddb-539d-4896-9461-d13184fee7bc;dados/brutos/interacoes.json;2026-09-28 19:48:08.878531
3378;85;805;avaliação;2026-06-14 22:44:08.0;23;58.0;2;94a6eddb-539d-4896-9461-d13184fee7bc;dados/brutos/interacoes.json;2026-09-28 19:48:08.878531
3379;86;55;visualização;2026-02-28 17:19:52.0;3;10.5;;94a6eddb-539d-4896-9461-d13184fee7bc;dados/brutos/interacoes.json;2026-09-28 19:48:08.793432
3380;86;73;visualização;2026-09-17 20:32:32.0;6;21.4;;94a6eddb-539d-4896-9461-d13184fee7bc;dados/brutos/lote_2/interacoes.json;2026-09-28 19:48:08.793432
3381;86;281;compartilhamento;2026-09-20 18:32:06.0;281;72.2;;94a6eddb-539d-4896-9461-d13184fee7bc;dados/brutos/lote_2/interacoes.json;2026-09-28 19:48:08.793432
3382;86;400;conclusão;2026-03-28 12:40:28.0;37;100.0;5;94a6eddb-539d-4896-9461-d13184fee7bc;dados/brutos/interacoes.json;2026-09-28 19:48:08.878531
3383;86;653;início;2026-09-08 06:58:22.0;1;3.2;;94a6eddb-539d-4896-9461-d13184fee7bc;dados/brutos/lote_2/interacoes.json;2026-09-28 19:48:08.793432
3384;86;896;visualização;2026-06-01 09:41:06.0;951;27.3;;94a6eddb-539d-4896-9461-d13184fee7bc;dados/brutos/interacoes.json;2026-09-28 19:48:08.793432
3385;87;20;avaliação;2026-09-19 17:24:30.0;15;59.6;5;94a6eddb-539d-4896-9461-d13184fee7bc;dados/brutos/lote_2/interacoes.json;2026-09-28 19:48:08.793432
3386;87;81;início;2026-03-23 16:53:20.0;123;14.1;;94a6eddb-539d-4896-9461-d13184fee7bc;dados/brutos/interacoes.json;2026-09-28 19:48:08.793432
3387;87;174;avaliação;2026-03-21 15:21:49.0;51;82.4;4;94a6eddb-539d-4896-9461-d13184fee7bc;dados/brutos/interacoes.json;2026-09-28 19:48:08.793432
3388;87;306;conclusão;2026-06-21 19:24:49.0;52;100.0;3;94a6eddb-539d-4896-9461-d13184fee7bc;dados/brutos/interacoes.json;2026-09-28 19:48:08.793432
3389;87;329;visualização;2026-06-02 06:38:56.0;16;33.2;;94a6eddb-539d-4896-9461-d13184fee7bc;dados/brutos/interacoes.json;2026-09-28 19:48:08.878531
3390;87;347;visualização;2026-08-27 20:54:53.0;9;35.3;;94a6eddb-539d-4896-9461-d13184fee7bc;dados/brutos/lote_2/interacoes.json;2026-09-28 19:48:08.793432
3391;87;435;início;2026-04-09 01:14:11.0;22;3.6;;94a6eddb-539d-4896-9461-d13184fee7bc;dados/brutos/interacoes.json;2026-09-28 19:48:08.793432
3392;87;441;início;2026-09-18 13:58:35.0;1;8.7;;94a6eddb-539d-4896-9461-d13184fee7bc;dados/brutos/lote_2/interacoes.json;2026-09-28 19:48:08.793432
3393;87;553;conclusão;2026-08-23 14:01:05.0;18;100.0;5;94a6eddb-539d-4896-9461-d13184fee7bc;dados/brutos/interacoes.json;2026-09-28 19:48:08.793432
3394;87;663;início;2026-09-15 23:17:58.0;29;8.0;;94a6eddb-539d-4896-9461-d13184fee7bc;dados/brutos/lote_2/interacoes.json;2026-09-28 19:48:08.793432
3395;87;695;curtida;2026-08-26 07:39:59.0;39;64.4;5;94a6eddb-539d-4896-9461-d13184fee7bc;dados/brutos/lote_2/interacoes.json;2026-09-28 19:48:08.793432
3396;87;723;início;2026-08-24 13:29:56.0;42;5.3;;94a6eddb-539d-4896-9461-d13184fee7bc;dados/brutos/interacoes.json;2026-09-28 19:48:08.878531
3397;87;910;conclusão;2026-04-01 19:22:52.0;24;100.0;3;94a6eddb-539d-4896-9461-d13184fee7bc;dados/brutos/interacoes.json;2026-09-28 19:48:08.878531
3398;87;974;avaliação;2026-04-27 06:12:55.0;50;71.1;3;94a6eddb-539d-4896-9461-d13184fee7bc;dados/brutos/interacoes.json;2026-09-28 19:48:08.793432
3399;87;983;compartilhamento;2026-02-15 18:20:18.0;2;43.8;;94a6eddb-539d-4896-9461-d13184fee7bc;dados/brutos/interacoes.json;2026-09-28 19:48:08.878531
3400;88;56;compartilhamento;2026-09-20 15:30:52.0;13;60.1;;94a6eddb-539d-4896-9461-d13184fee7bc;dados/brutos/lote_2/interacoes.json;2026-09-28 19:48:08.793432
3401;88;92;conclusão;2026-03-05 15:30:40.0;566;100.0;5;94a6eddb-539d-4896-9461-d13184fee7bc;dados/brutos/interacoes.json;2026-09-28 19:48:08.878531
3402;88;108;visualização;2026-09-24 20:16:51.0;3;15.2;;94a6eddb-539d-4896-9461-d13184fee7bc;dados/brutos/lote_2/interacoes.json;2026-09-28 19:48:08.793432
3403;88;118;visualização;2026-05-01 23:49:10.0;64;66.2;;94a6eddb-539d-4896-9461-d13184fee7bc;dados/brutos/interacoes.json;2026-09-28 19:48:08.793432
3404;88;357;visualização;2026-01-12 08:11:50.0;10;31.6;;94a6eddb-539d-4896-9461-d13184fee7bc;dados/brutos/interacoes.json;2026-09-28 19:48:08.878531
3405;88;572;início;2026-01-08 09:15:23.0;33;10.8;;94a6eddb-539d-4896-9461-d13184fee7bc;dados/brutos/interacoes.json;2026-09-28 19:48:08.793432
3406;88;588;visualização;2026-04-26 10:20:34.0;2;42.6;;94a6eddb-539d-4896-9461-d13184fee7bc;dados/brutos/interacoes.json;2026-09-28 19:48:08.793432
3407;88;711;conclusão;2026-01-03 19:21:38.0;341;100.0;5;94a6eddb-539d-4896-9461-d13184fee7bc;dados/brutos/interacoes.json;2026-09-28 19:48:08.878531
3408;88;861;visualização;2026-08-14 01:02:13.0;7;19.2;;94a6eddb-539d-4896-9461-d13184fee7bc;dados/brutos/interacoes.json;2026-09-28 19:48:08.878531
3409;88;932;visualização;2026-08-29 23:08:17.0;10;27.6;;94a6eddb-539d-4896-9461-d13184fee7bc;dados/brutos/lote_2/interacoes.json;2026-09-28 19:48:08.793432
3410;89;276;visualização;2026-03-18 06:50:52.0;18;21.5;;94a6eddb-539d-4896-9461-d13184fee7bc;dados/brutos/interacoes.json;2026-09-28 19:48:08.793432
3411;89;396;início;2026-04-02 01:25:12.0;2;7.9;;94a6eddb-539d-4896-9461-d13184fee7bc;dados/brutos/interacoes.json;2026-09-28 19:48:08.878531
3412;89;413;visualização;2026-04-08 01:13:08.0;34;53.4;;94a6eddb-539d-4896-9461-d13184fee7bc;dados/brutos/interacoes.json;2026-09-28 19:48:08.878531
3413;89;420;visualização;2026-05-09 12:00:34.0;10;25.5;;94a6eddb-539d-4896-9461-d13184fee7bc;dados/brutos/interacoes.json;2026-09-28 19:48:08.878531
3414;89;427;avaliação;2026-06-28 19:47:07.0;4;89.1;4;94a6eddb-539d-4896-9461-d13184fee7bc;dados/brutos/interacoes.json;2026-09-28 19:48:08.793432
3415;89;477;início;2026-03-21 19:05:32.0;66;8.1;;94a6eddb-539d-4896-9461-d13184fee7bc;dados/brutos/interacoes.json;2026-09-28 19:48:08.793432
3416;89;999;visualização;2026-09-24 09:04:23.0;26;52.9;;94a6eddb-539d-4896-9461-d13184fee7bc;dados/brutos/lote_2/interacoes.json;2026-09-28 19:48:08.793432
3417;90;76;visualização;2026-07-07 17:17:51.0;91;11.7;;94a6eddb-539d-4896-9461-d13184fee7bc;dados/brutos/interacoes.json;2026-09-28 19:48:08.878531
3418;90;310;avaliação;2026-08-24 05:50:39.0;44;90.2;2;94a6eddb-539d-4896-9461-d13184fee7bc;dados/brutos/interacoes.json;2026-09-28 19:48:08.793432
3419;90;388;avaliação;2026-09-12 21:53:28.0;410;66.5;3;94a6eddb-539d-4896-9461-d13184fee7bc;dados/brutos/lote_2/interacoes.json;2026-09-28 19:48:08.793432
3420;90;438;conclusão;2026-06-22 07:30:17.0;115;100.0;4;94a6eddb-539d-4896-9461-d13184fee7bc;dados/brutos/interacoes.json;2026-09-28 19:48:08.878531
3421;90;605;avaliação;2026-09-01 22:00:18.0;27;69.9;5;94a6eddb-539d-4896-9461-d13184fee7bc;dados/brutos/lote_2/interacoes.json;2026-09-28 19:48:08.793432
3422;90;811;início;2026-06-19 03:54:46.0;19;9.2;;94a6eddb-539d-4896-9461-d13184fee7bc;dados/brutos/interacoes.json;2026-09-28 19:48:08.878531
3423;90;860;visualização;2026-09-24 02:03:40.0;720;62.2;;94a6eddb-539d-4896-9461-d13184fee7bc;dados/brutos/lote_2/interacoes.json;2026-09-28 19:48:08.793432
3424;90;889;conclusão;2026-07-03 00:36:28.0;40;100.0;4;94a6eddb-539d-4896-9461-d13184fee7bc;dados/brutos/interacoes.json;2026-09-28 19:48:08.793432
3425;90;1016;visualização;2026-09-04 09:29:23.0;3;69.1;;94a6eddb-539d-4896-9461-d13184fee7bc;dados/brutos/lote_2/interacoes.json;2026-09-28 19:48:08.793432
3426;91;27;conclusão;2026-09-24 04:43:15.0;30;100.0;4;94a6eddb-539d-4896-9461-d13184fee7bc;dados/brutos/lote_2/interacoes.json;2026-09-28 19:48:08.793432
3427;91;45;visualização;2026-06-28 21:12:08.0;12;36.2;;94a6eddb-539d-4896-9461-d13184fee7bc;dados/brutos/interacoes.json;2026-09-28 19:48:08.793432
3428;91;146;curtida;2026-08-23 02:24:14.0;7;43.4;5;94a6eddb-539d-4896-9461-d13184fee7bc;dados/brutos/interacoes.json;2026-09-28 19:48:08.878531
3429;91;728;avaliação;2026-01-04 20:14:57.0;32;85.2;4;94a6eddb-539d-4896-9461-d13184fee7bc;dados/brutos/interacoes.json;2026-09-28 19:48:08.793432
3430;91;941;compartilhamento;2026-04-27 15:45:34.0;36;50.0;;94a6eddb-539d-4896-9461-d13184fee7bc;dados/brutos/interacoes.json;2026-09-28 19:48:08.878531
3431;92;158;curtida;2026-08-10 12:15:17.0;43;61.5;5;94a6eddb-539d-4896-9461-d13184fee7bc;dados/brutos/interacoes.json;2026-09-28 19:48:08.878531
3432;92;234;conclusão;2026-09-03 17:42:01.0;36;100.0;5;94a6eddb-539d-4896-9461-d13184fee7bc;dados/brutos/lote_2/interacoes.json;2026-09-28 19:48:08.793432
3433;92;429;visualização;2026-02-06 07:17:17.0;7;33.9;;94a6eddb-539d-4896-9461-d13184fee7bc;dados/brutos/interacoes.json;2026-09-28 19:48:08.878531
3434;92;553;visualização;2026-06-23 20:09:32.0;2;13.1;;94a6eddb-539d-4896-9461-d13184fee7bc;dados/brutos/interacoes.json;2026-09-28 19:48:08.878531
3435;92;563;compartilhamento;2026-01-04 11:14:38.0;25;86.3;;94a6eddb-539d-4896-9461-d13184fee7bc;dados/brutos/interacoes.json;2026-09-28 19:48:08.878531
3436;92;778;avaliação;2026-09-25 14:12:55.0;1944;90.4;5;94a6eddb-539d-4896-9461-d13184fee7bc;dados/brutos/lote_2/interacoes.json;2026-09-28 19:48:08.793432
3437;92;788;visualização;2026-02-20 17:35:46.0;3;16.7;;94a6eddb-539d-4896-9461-d13184fee7bc;dados/brutos/interacoes.json;2026-09-28 19:48:08.793432
3438;92;849;curtida;2026-02-19 13:24:42.0;57;69.9;5;94a6eddb-539d-4896-9461-d13184fee7bc;dados/brutos/interacoes.json;2026-09-28 19:48:08.878531
3439;92;900;conclusão;2026-08-16 19:54:35.0;1340;100.0;;94a6eddb-539d-4896-9461-d13184fee7bc;dados/brutos/interacoes.json;2026-09-28 19:48:08.793432
3440;93;106;curtida;2026-05-11 15:11:00.0;2274;73.1;5;94a6eddb-539d-4896-9461-d13184fee7bc;dados/brutos/interacoes.json;2026-09-28 19:48:08.878531
3441;93;170;curtida;2026-02-17 03:25:26.0;628;87.7;5;94a6eddb-539d-4896-9461-d13184fee7bc;dados/brutos/interacoes.json;2026-09-28 19:48:08.793432
3442;93;359;visualização;2026-09-02 05:27:28.0;327;57.5;;94a6eddb-539d-4896-9461-d13184fee7bc;dados/brutos/lote_2/interacoes.json;2026-09-28 19:48:08.793432
3443;93;585;avaliação;2026-04-11 00:25:59.0;5;90.2;1;94a6eddb-539d-4896-9461-d13184fee7bc;dados/brutos/interacoes.json;2026-09-28 19:48:08.793432
3444;93;592;início;2026-07-19 08:12:41.0;68;13.0;;94a6eddb-539d-4896-9461-d13184fee7bc;dados/brutos/interacoes.json;2026-09-28 19:48:08.793432
3445;93;607;compartilhamento;2026-02-14 03:40:55.0;1768;59.2;;94a6eddb-539d-4896-9461-d13184fee7bc;dados/brutos/interacoes.json;2026-09-28 19:48:08.793432
3446;93;632;visualização;2026-05-01 05:53:51.0;8;49.3;;94a6eddb-539d-4896-9461-d13184fee7bc;dados/brutos/interacoes.json;2026-09-28 19:48:08.878531
3447;93;650;compartilhamento;2026-05-04 11:25:06.0;135;46.1;;94a6eddb-539d-4896-9461-d13184fee7bc;dados/brutos/interacoes.json;2026-09-28 19:48:08.878531
3448;93;861;visualização;2026-01-02 05:34:50.0;31;81.8;;94a6eddb-539d-4896-9461-d13184fee7bc;dados/brutos/interacoes.json;2026-09-28 19:48:08.793432
3449;93;914;curtida;2026-09-08 20:10:03.0;903;63.0;5;94a6eddb-539d-4896-9461-d13184fee7bc;dados/brutos/lote_2/interacoes.json;2026-09-28 19:48:08.793432
3450;93;971;curtida;2026-03-15 23:35:12.0;36;90.8;5;94a6eddb-539d-4896-9461-d13184fee7bc;dados/brutos/interacoes.json;2026-09-28 19:48:08.793432
3451;94;200;compartilhamento;2026-05-02 11:15:15.0;51;78.7;;94a6eddb-539d-4896-9461-d13184fee7bc;dados/brutos/interacoes.json;2026-09-28 19:48:08.793432
3452;94;461;compartilhamento;2026-09-04 06:58:01.0;705;54.1;;94a6eddb-539d-4896-9461-d13184fee7bc;dados/brutos/lote_2/interacoes.json;2026-09-28 19:48:08.793432
3453;94;676;visualização;2026-05-30 04:35:35.0;88;11.9;;94a6eddb-539d-4896-9461-d13184fee7bc;dados/brutos/interacoes.json;2026-09-28 19:48:08.878531
3454;94;677;curtida;2026-09-20 15:55:49.0;14;42.6;5;94a6eddb-539d-4896-9461-d13184fee7bc;dados/brutos/lote_2/interacoes.json;2026-09-28 19:48:08.793432
3455;94;868;curtida;2026-04-10 01:49:52.0;1436;90.5;5;94a6eddb-539d-4896-9461-d13184fee7bc;dados/brutos/interacoes.json;2026-09-28 19:48:08.793432
3456;94;952;conclusão;2026-09-19 06:55:41.0;46;100.0;3;94a6eddb-539d-4896-9461-d13184fee7bc;dados/brutos/lote_2/interacoes.json;2026-09-28 19:48:08.793432
3457;95;106;visualização;2026-05-19 21:07:46.0;1238;39.8;;94a6eddb-539d-4896-9461-d13184fee7bc;dados/brutos/interacoes.json;2026-09-28 19:48:08.793432
3458;95;317;visualização;2026-08-09 02:44:21.0;33;32.9;;94a6eddb-539d-4896-9461-d13184fee7bc;dados/brutos/interacoes.json;2026-09-28 19:48:08.793432
3459;95;473;visualização;2026-09-23 02:11:10.0;768;54.6;;94a6eddb-539d-4896-9461-d13184fee7bc;dados/brutos/lote_2/interacoes.json;2026-09-28 19:48:08.793432
3460;95;512;conclusão;2026-06-25 06:09:29.0;42;100.0;5;94a6eddb-539d-4896-9461-d13184fee7bc;dados/brutos/interacoes.json;2026-09-28 19:48:08.878531
3461;95;581;visualização;2026-09-23 00:44:38.0;214;18.3;;94a6eddb-539d-4896-9461-d13184fee7bc;dados/brutos/lote_2/interacoes.json;2026-09-28 19:48:08.793432
3462;95;623;início;2026-09-02 01:10:47.0;155;4.5;;94a6eddb-539d-4896-9461-d13184fee7bc;dados/brutos/lote_2/interacoes.json;2026-09-28 19:48:08.793432
3463;95;649;início;2026-09-12 04:23:46.0;5;8.8;;94a6eddb-539d-4896-9461-d13184fee7bc;dados/brutos/lote_2/interacoes.json;2026-09-28 19:48:08.793432
3464;95;680;compartilhamento;2026-05-13 02:46:38.0;463;38.4;;94a6eddb-539d-4896-9461-d13184fee7bc;dados/brutos/interacoes.json;2026-09-28 19:48:08.878531
3465;95;693;curtida;2026-05-03 08:43:54.0;133;60.6;5;94a6eddb-539d-4896-9461-d13184fee7bc;dados/brutos/interacoes.json;2026-09-28 19:48:08.878531
3466;95;753;visualização;2026-06-16 09:19:50.0;2;22.9;;94a6eddb-539d-4896-9461-d13184fee7bc;dados/brutos/interacoes.json;2026-09-28 19:48:08.793432
3467;95;783;conclusão;2026-09-22 20:26:33.0;23;100.0;4;94a6eddb-539d-4896-9461-d13184fee7bc;dados/brutos/lote_2/interacoes.json;2026-09-28 19:48:08.793432
3468;95;829;visualização;2026-06-25 04:14:35.0;20;44.6;;94a6eddb-539d-4896-9461-d13184fee7bc;dados/brutos/interacoes.json;2026-09-28 19:48:08.793432
3469;95;858;curtida;2026-02-28 09:48:36.0;6;54.5;5;94a6eddb-539d-4896-9461-d13184fee7bc;dados/brutos/interacoes.json;2026-09-28 19:48:08.793432
3470;96;116;visualização;2026-09-08 11:35:45.0;13;63.6;;94a6eddb-539d-4896-9461-d13184fee7bc;dados/brutos/lote_2/interacoes.json;2026-09-28 19:48:08.793432
3471;96;201;curtida;2026-08-14 19:01:20.0;40;87.4;5;94a6eddb-539d-4896-9461-d13184fee7bc;dados/brutos/interacoes.json;2026-09-28 19:48:08.878531
3472;96;356;visualização;2026-07-07 14:46:20.0;970;84.7;;94a6eddb-539d-4896-9461-d13184fee7bc;dados/brutos/interacoes.json;2026-09-28 19:48:08.878531
3473;96;498;visualização;2026-05-25 06:37:18.0;33;45.9;;94a6eddb-539d-4896-9461-d13184fee7bc;dados/brutos/interacoes.json;2026-09-28 19:48:08.793432
3474;96;816;início;2026-07-06 12:07:40.0;2;10.3;;94a6eddb-539d-4896-9461-d13184fee7bc;dados/brutos/interacoes.json;2026-09-28 19:48:08.793432
3475;97;95;início;2026-05-04 16:12:14.0;166;14.4;;94a6eddb-539d-4896-9461-d13184fee7bc;dados/brutos/interacoes.json;2026-09-28 19:48:08.793432
3476;97;126;avaliação;2026-09-06 11:40:50.0;55;65.5;4;94a6eddb-539d-4896-9461-d13184fee7bc;dados/brutos/lote_2/interacoes.json;2026-09-28 19:48:08.793432
3477;97;202;visualização;2026-09-02 04:52:20.0;30;64.4;;94a6eddb-539d-4896-9461-d13184fee7bc;dados/brutos/lote_2/interacoes.json;2026-09-28 19:48:08.793432
3478;97;662;visualização;2026-05-02 03:52:56.0;5;13.5;;94a6eddb-539d-4896-9461-d13184fee7bc;dados/brutos/interacoes.json;2026-09-28 19:48:08.878531
3479;97;923;início;2026-02-16 02:04:00.0;5;9.6;;94a6eddb-539d-4896-9461-d13184fee7bc;dados/brutos/interacoes.json;2026-09-28 19:48:08.793432
3480;97;943;visualização;2026-04-03 07:52:55.0;33;30.0;;94a6eddb-539d-4896-9461-d13184fee7bc;dados/brutos/interacoes.json;2026-09-28 19:48:08.793432
3481;98;45;início;2026-04-17 18:54:01.0;5;14.6;;94a6eddb-539d-4896-9461-d13184fee7bc;dados/brutos/interacoes.json;2026-09-28 19:48:08.878531
3482;98;79;curtida;2026-09-10 00:21:35.0;65;87.0;5;94a6eddb-539d-4896-9461-d13184fee7bc;dados/brutos/lote_2/interacoes.json;2026-09-28 19:48:08.793432
3483;98;91;visualização;2026-07-22 03:04:22.0;32;46.8;;94a6eddb-539d-4896-9461-d13184fee7bc;dados/brutos/interacoes.json;2026-09-28 19:48:08.793432
3484;98;154;visualização;2026-03-09 08:18:33.0;17;71.8;;94a6eddb-539d-4896-9461-d13184fee7bc;dados/brutos/interacoes.json;2026-09-28 19:48:08.793432
3485;98;241;compartilhamento;2026-04-14 10:23:04.0;47;82.1;;94a6eddb-539d-4896-9461-d13184fee7bc;dados/brutos/interacoes.json;2026-09-28 19:48:08.793432
3486;98;520;visualização;2026-05-10 10:41:30.0;10;15.9;;94a6eddb-539d-4896-9461-d13184fee7bc;dados/brutos/interacoes.json;2026-09-28 19:48:08.793432
3487;98;777;início;2026-04-10 03:51:36.0;1;2.8;;94a6eddb-539d-4896-9461-d13184fee7bc;dados/brutos/interacoes.json;2026-09-28 19:48:08.878531
3488;99;59;visualização;2026-02-20 01:33:11.0;21;71.5;;94a6eddb-539d-4896-9461-d13184fee7bc;dados/brutos/interacoes.json;2026-09-28 19:48:08.878531
3489;99;146;conclusão;2026-03-14 16:17:53.0;17;100.0;5;94a6eddb-539d-4896-9461-d13184fee7bc;dados/brutos/interacoes.json;2026-09-28 19:48:08.793432
3490;99;154;curtida;2026-07-05 07:27:30.0;14;59.3;5;94a6eddb-539d-4896-9461-d13184fee7bc;dados/brutos/interacoes.json;2026-09-28 19:48:08.793432
3491;99;192;visualização;2026-03-31 02:16:59.0;200;31.6;;94a6eddb-539d-4896-9461-d13184fee7bc;dados/brutos/interacoes.json;2026-09-28 19:48:08.878531
3492;99;401;visualização;2026-05-03 16:56:27.0;12;64.3;;94a6eddb-539d-4896-9461-d13184fee7bc;dados/brutos/interacoes.json;2026-09-28 19:48:08.793432
3493;99;411;visualização;2026-05-02 08:44:07.0;13;50.8;;94a6eddb-539d-4896-9461-d13184fee7bc;dados/brutos/interacoes.json;2026-09-28 19:48:08.793432
3494;99;472;início;2026-08-23 21:24:26.0;60;13.1;;94a6eddb-539d-4896-9461-d13184fee7bc;dados/brutos/interacoes.json;2026-09-28 19:48:08.793432
3495;99;665;curtida;2026-01-15 04:23:35.0;3367;93.8;5;94a6eddb-539d-4896-9461-d13184fee7bc;dados/brutos/interacoes.json;2026-09-28 19:48:08.793432
3496;99;723;avaliação;2026-04-24 00:45:12.0;716;89.0;3;94a6eddb-539d-4896-9461-d13184fee7bc;dados/brutos/interacoes.json;2026-09-28 19:48:08.878531
3497;99;818;visualização;2026-05-28 09:08:32.0;9;26.4;;94a6eddb-539d-4896-9461-d13184fee7bc;dados/brutos/interacoes.json;2026-09-28 19:48:08.878531
3498;99;869;visualização;2026-08-14 19:05:57.0;7;32.6;;94a6eddb-539d-4896-9461-d13184fee7bc;dados/brutos/interacoes.json;2026-09-28 19:48:08.878531
3499;99;939;visualização;2026-02-01 16:51:02.0;9;35.0;;94a6eddb-539d-4896-9461-d13184fee7bc;dados/brutos/interacoes.json;2026-09-28 19:48:08.878531
3500;100;71;visualização;2026-04-06 06:43:03.0;9;75.7;;94a6eddb-539d-4896-9461-d13184fee7bc;dados/brutos/interacoes.json;2026-09-28 19:48:08.793432
3501;100;125;visualização;2026-04-18 07:51:09.0;5;11.1;;94a6eddb-539d-4896-9461-d13184fee7bc;dados/brutos/interacoes.json;2026-09-28 19:48:08.793432
3502;100;242;compartilhamento;2026-03-09 14:04:23.0;51;73.0;;94a6eddb-539d-4896-9461-d13184fee7bc;dados/brutos/interacoes.json;2026-09-28 19:48:08.878531
3503;100;343;visualização;2026-04-19 11:17:59.0;17;30.5;;94a6eddb-539d-4896-9461-d13184fee7bc;dados/brutos/interacoes.json;2026-09-28 19:48:08.878531
3504;100;353;conclusão;2026-07-30 14:30:59.0;86;100.0;5;94a6eddb-539d-4896-9461-d13184fee7bc;dados/brutos/interacoes.json;2026-09-28 19:48:08.878531
3505;100;550;visualização;2026-02-18 07:23:54.0;17;45.6;;94a6eddb-539d-4896-9461-d13184fee7bc;dados/brutos/interacoes.json;2026-09-28 19:48:08.793432
3506;100;729;visualização;2026-02-16 06:04:37.0;31;46.6;;94a6eddb-539d-4896-9461-d13184fee7bc;dados/brutos/interacoes.json;2026-09-28 19:48:08.878531
3507;101;201;visualização;2026-06-28 23:59:52.0;33;73.4;;94a6eddb-539d-4896-9461-d13184fee7bc;dados/brutos/interacoes.json;2026-09-28 19:48:08.878531
3508;101;206;visualização;2026-06-17 10:23:38.0;186;51.4;;94a6eddb-539d-4896-9461-d13184fee7bc;dados/brutos/interacoes.json;2026-09-28 19:48:08.878531
3509;101;510;conclusão;2026-01-11 23:16:07.0;19;100.0;4;94a6eddb-539d-4896-9461-d13184fee7bc;dados/brutos/interacoes.json;2026-09-28 19:48:08.878531
3510;101;570;avaliação;2026-09-18 04:52:02.0;9;72.5;4;94a6eddb-539d-4896-9461-d13184fee7bc;dados/brutos/lote_2/interacoes.json;2026-09-28 19:48:08.793432
3511;101;604;conclusão;2026-06-18 19:21:55.0;29;100.0;5;94a6eddb-539d-4896-9461-d13184fee7bc;dados/brutos/interacoes.json;2026-09-28 19:48:08.878531
3512;101;723;curtida;2026-09-16 09:52:23.0;706;87.7;5;94a6eddb-539d-4896-9461-d13184fee7bc;dados/brutos/lote_2/interacoes.json;2026-09-28 19:48:08.793432
3513;101;738;compartilhamento;2026-01-02 19:12:45.0;49;95.4;;94a6eddb-539d-4896-9461-d13184fee7bc;dados/brutos/interacoes.json;2026-09-28 19:48:08.878531
3514;102;328;visualização;2026-07-27 06:35:13.0;3;19.8;;94a6eddb-539d-4896-9461-d13184fee7bc;dados/brutos/interacoes.json;2026-09-28 19:48:08.793432
3515;102;394;início;2026-03-10 09:36:59.0;29;6.4;;94a6eddb-539d-4896-9461-d13184fee7bc;dados/brutos/interacoes.json;2026-09-28 19:48:08.793432
3516;102;470;conclusão;2026-02-22 16:03:10.0;863;100.0;4;94a6eddb-539d-4896-9461-d13184fee7bc;dados/brutos/interacoes.json;2026-09-28 19:48:08.878531
3517;102;646;visualização;2026-01-28 14:00:32.0;33;30.6;;94a6eddb-539d-4896-9461-d13184fee7bc;dados/brutos/interacoes.json;2026-09-28 19:48:08.793432
3518;102;792;início;2026-09-08 02:09:15.0;3;11.8;;94a6eddb-539d-4896-9461-d13184fee7bc;dados/brutos/lote_2/interacoes.json;2026-09-28 19:48:08.793432
3519;103;199;conclusão;2026-08-11 16:16:32.0;88;100.0;4;94a6eddb-539d-4896-9461-d13184fee7bc;dados/brutos/interacoes.json;2026-09-28 19:48:08.793432
3520;103;473;visualização;2026-03-25 02:14:22.0;462;32.9;;94a6eddb-539d-4896-9461-d13184fee7bc;dados/brutos/interacoes.json;2026-09-28 19:48:08.878531
3521;103;689;compartilhamento;2026-07-23 14:18:39.0;53;99.7;;94a6eddb-539d-4896-9461-d13184fee7bc;dados/brutos/interacoes.json;2026-09-28 19:48:08.793432
3522;103;712;visualização;2026-06-24 18:48:03.0;5;20.3;;94a6eddb-539d-4896-9461-d13184fee7bc;dados/brutos/interacoes.json;2026-09-28 19:48:08.878531
3523;103;828;curtida;2026-06-23 08:15:22.0;18;72.5;5;94a6eddb-539d-4896-9461-d13184fee7bc;dados/brutos/interacoes.json;2026-09-28 19:48:08.793432
3524;103;885;conclusão;2026-01-17 05:03:01.0;26;100.0;4;94a6eddb-539d-4896-9461-d13184fee7bc;dados/brutos/interacoes.json;2026-09-28 19:48:08.793432
3525;103;951;conclusão;2026-05-17 17:24:54.0;43;100.0;4;94a6eddb-539d-4896-9461-d13184fee7bc;dados/brutos/interacoes.json;2026-09-28 19:48:08.878531
3526;104;141;visualização;2026-05-11 15:45:51.0;23;49.5;;94a6eddb-539d-4896-9461-d13184fee7bc;dados/brutos/interacoes.json;2026-09-28 19:48:08.878531
3527;104;158;avaliação;2026-06-12 14:05:30.0;69;97.6;5;94a6eddb-539d-4896-9461-d13184fee7bc;dados/brutos/interacoes.json;2026-09-28 19:48:08.878531
3528;104;243;início;2026-08-17 17:44:55.0;229;7.9;;94a6eddb-539d-4896-9461-d13184fee7bc;dados/brutos/interacoes.json;2026-09-28 19:48:08.878531
3529;104;395;visualização;2026-02-19 17:40:49.0;2;10.6;;94a6eddb-539d-4896-9461-d13184fee7bc;dados/brutos/interacoes.json;2026-09-28 19:48:08.878531
3530;104;617;início;2026-07-25 21:28:18.0;10;11.8;;94a6eddb-539d-4896-9461-d13184fee7bc;dados/brutos/interacoes.json;2026-09-28 19:48:08.793432
3531;104;624;visualização;2026-07-10 17:06:12.0;307;25.3;;94a6eddb-539d-4896-9461-d13184fee7bc;dados/brutos/interacoes.json;2026-09-28 19:48:08.878531
3532;104;670;início;2026-02-02 09:56:15.0;2;3.9;;94a6eddb-539d-4896-9461-d13184fee7bc;dados/brutos/interacoes.json;2026-09-28 19:48:08.878531
3533;104;684;visualização;2026-03-02 03:19:48.0;45;79.0;;94a6eddb-539d-4896-9461-d13184fee7bc;dados/brutos/interacoes.json;2026-09-28 19:48:08.878531
3534;104;729;início;2026-09-18 18:17:37.0;6;8.2;;94a6eddb-539d-4896-9461-d13184fee7bc;dados/brutos/lote_2/interacoes.json;2026-09-28 19:48:08.793432
3535;104;755;visualização;2026-02-15 23:46:22.0;1;16.6;;94a6eddb-539d-4896-9461-d13184fee7bc;dados/brutos/interacoes.json;2026-09-28 19:48:08.793432
3536;105;77;compartilhamento;2026-04-12 08:36:19.0;61;85.2;;94a6eddb-539d-4896-9461-d13184fee7bc;dados/brutos/interacoes.json;2026-09-28 19:48:08.878531
3537;105;78;avaliação;2026-07-15 03:04:54.0;57;52.1;5;94a6eddb-539d-4896-9461-d13184fee7bc;dados/brutos/interacoes.json;2026-09-28 19:48:08.793432
3538;105;207;visualização;2026-09-17 01:58:15.0;19;62.8;;94a6eddb-539d-4896-9461-d13184fee7bc;dados/brutos/lote_2/interacoes.json;2026-09-28 19:48:08.793432
3539;105;547;conclusão;2026-07-27 22:38:27.0;7;100.0;5;94a6eddb-539d-4896-9461-d13184fee7bc;dados/brutos/interacoes.json;2026-09-28 19:48:08.793432
3540;105;633;conclusão;2026-03-11 08:02:12.0;534;100.0;4;94a6eddb-539d-4896-9461-d13184fee7bc;dados/brutos/interacoes.json;2026-09-28 19:48:08.793432
3541;105;725;avaliação;2026-04-11 14:36:52.0;31;73.1;4;94a6eddb-539d-4896-9461-d13184fee7bc;dados/brutos/interacoes.json;2026-09-28 19:48:08.878531
3542;105;734;curtida;2026-08-03 00:35:43.0;54;78.8;5;94a6eddb-539d-4896-9461-d13184fee7bc;dados/brutos/interacoes.json;2026-09-28 19:48:08.793432
3543;105;940;curtida;2026-01-19 03:58:22.0;35;60.9;5;94a6eddb-539d-4896-9461-d13184fee7bc;dados/brutos/interacoes.json;2026-09-28 19:48:08.878531
3544;106;290;compartilhamento;2026-08-30 00:46:25.0;3;36.3;;94a6eddb-539d-4896-9461-d13184fee7bc;dados/brutos/lote_2/interacoes.json;2026-09-28 19:48:08.793432
3545;106;343;visualização;2026-05-23 20:59:38.0;11;20.3;;94a6eddb-539d-4896-9461-d13184fee7bc;dados/brutos/interacoes.json;2026-09-28 19:48:08.878531
3546;106;406;curtida;2026-09-26 06:15:08.0;8;89.0;5;94a6eddb-539d-4896-9461-d13184fee7bc;dados/brutos/lote_2/interacoes.json;2026-09-28 19:48:08.793432
3547;106;602;avaliação;2026-05-02 04:06:33.0;1714;53.1;5;94a6eddb-539d-4896-9461-d13184fee7bc;dados/brutos/interacoes.json;2026-09-28 19:48:08.793432
3548;106;883;início;2026-09-02 07:15:37.0;95;14.6;;94a6eddb-539d-4896-9461-d13184fee7bc;dados/brutos/lote_2/interacoes.json;2026-09-28 19:48:08.793432
3549;106;904;curtida;2026-09-19 00:56:06.0;39;52.8;5;94a6eddb-539d-4896-9461-d13184fee7bc;dados/brutos/lote_2/interacoes.json;2026-09-28 19:48:08.793432
3550;106;951;curtida;2026-01-16 23:14:44.0;39;91.4;5;94a6eddb-539d-4896-9461-d13184fee7bc;dados/brutos/interacoes.json;2026-09-28 19:48:08.793432
3551;107;93;visualização;2026-09-19 10:28:07.0;630;20.2;;94a6eddb-539d-4896-9461-d13184fee7bc;dados/brutos/lote_2/interacoes.json;2026-09-28 19:48:08.793432
3552;107;119;visualização;2026-03-24 05:04:41.0;23;59.6;;94a6eddb-539d-4896-9461-d13184fee7bc;dados/brutos/interacoes.json;2026-09-28 19:48:08.878531
3553;107;248;visualização;2026-02-17 04:03:12.0;20;71.5;;94a6eddb-539d-4896-9461-d13184fee7bc;dados/brutos/interacoes.json;2026-09-28 19:48:08.793432
3554;107;309;conclusão;2026-08-25 12:02:12.0;48;100.0;3;94a6eddb-539d-4896-9461-d13184fee7bc;dados/brutos/interacoes.json;2026-09-28 19:48:08.793432
3555;107;385;visualização;2026-08-09 00:36:19.0;51;59.5;;94a6eddb-539d-4896-9461-d13184fee7bc;dados/brutos/interacoes.json;2026-09-28 19:48:08.793432
3556;107;515;curtida;2026-02-03 02:18:36.0;22;66.7;5;94a6eddb-539d-4896-9461-d13184fee7bc;dados/brutos/interacoes.json;2026-09-28 19:48:08.793432
3557;107;520;avaliação;2026-09-23 12:40:37.0;59;85.0;5;94a6eddb-539d-4896-9461-d13184fee7bc;dados/brutos/lote_2/interacoes.json;2026-09-28 19:48:08.793432
3558;107;523;início;2026-02-12 20:27:46.0;7;14.9;;94a6eddb-539d-4896-9461-d13184fee7bc;dados/brutos/interacoes.json;2026-09-28 19:48:08.793432
3559;107;620;início;2026-09-23 06:34:18.0;6;7.3;;94a6eddb-539d-4896-9461-d13184fee7bc;dados/brutos/lote_2/interacoes.json;2026-09-28 19:48:08.793432
3560;107;661;avaliação;2026-07-08 15:47:53.0;54;76.8;5;94a6eddb-539d-4896-9461-d13184fee7bc;dados/brutos/interacoes.json;2026-09-28 19:48:08.878531
3561;107;671;compartilhamento;2026-04-28 11:45:13.0;31;83.6;;94a6eddb-539d-4896-9461-d13184fee7bc;dados/brutos/interacoes.json;2026-09-28 19:48:08.793432
3562;107;787;início;2026-09-19 02:54:07.0;6;8.2;;94a6eddb-539d-4896-9461-d13184fee7bc;dados/brutos/lote_2/interacoes.json;2026-09-28 19:48:08.793432
3563;107;967;início;2026-09-20 21:53:51.0;3;11.2;;94a6eddb-539d-4896-9461-d13184fee7bc;dados/brutos/lote_2/interacoes.json;2026-09-28 19:48:08.793432
3564;108;91;início;2026-07-03 18:20:12.0;6;8.6;;94a6eddb-539d-4896-9461-d13184fee7bc;dados/brutos/interacoes.json;2026-09-28 19:48:08.793432
3565;108;133;avaliação;2026-09-05 13:33:24.0;15;58.9;5;94a6eddb-539d-4896-9461-d13184fee7bc;dados/brutos/lote_2/interacoes.json;2026-09-28 19:48:08.793432
3566;108;218;conclusão;2026-02-05 12:47:04.0;23;100.0;;94a6eddb-539d-4896-9461-d13184fee7bc;dados/brutos/interacoes.json;2026-09-28 19:48:08.793432
3567;108;267;conclusão;2026-09-12 12:56:20.0;995;100.0;3;94a6eddb-539d-4896-9461-d13184fee7bc;dados/brutos/lote_2/interacoes.json;2026-09-28 19:48:08.793432
3568;108;554;visualização;2026-09-10 06:09:43.0;20;10.2;;94a6eddb-539d-4896-9461-d13184fee7bc;dados/brutos/lote_2/interacoes.json;2026-09-28 19:48:08.793432
3569;108;898;início;2026-09-15 09:51:38.0;3;6.2;;94a6eddb-539d-4896-9461-d13184fee7bc;dados/brutos/lote_2/interacoes.json;2026-09-28 19:48:08.793432
3570;109;94;início;2026-06-22 17:59:49.0;13;5.3;;94a6eddb-539d-4896-9461-d13184fee7bc;dados/brutos/interacoes.json;2026-09-28 19:48:08.793432
3571;109;100;visualização;2026-08-28 11:03:34.0;23;44.9;;94a6eddb-539d-4896-9461-d13184fee7bc;dados/brutos/lote_2/interacoes.json;2026-09-28 19:48:08.793432
3572;109;138;curtida;2026-06-16 17:33:28.0;1280;77.8;5;94a6eddb-539d-4896-9461-d13184fee7bc;dados/brutos/interacoes.json;2026-09-28 19:48:08.793432
3573;109;277;visualização;2026-09-19 20:46:25.0;19;38.5;;94a6eddb-539d-4896-9461-d13184fee7bc;dados/brutos/lote_2/interacoes.json;2026-09-28 19:48:08.793432
3574;109;317;visualização;2026-01-23 17:34:09.0;44;43.2;;94a6eddb-539d-4896-9461-d13184fee7bc;dados/brutos/interacoes.json;2026-09-28 19:48:08.878531
3575;109;366;conclusão;2026-05-20 04:30:55.0;369;100.0;4;94a6eddb-539d-4896-9461-d13184fee7bc;dados/brutos/interacoes.json;2026-09-28 19:48:08.878531
3576;109;558;avaliação;2026-09-25 04:51:46.0;16;82.2;5;94a6eddb-539d-4896-9461-d13184fee7bc;dados/brutos/lote_2/interacoes.json;2026-09-28 19:48:08.793432
3577;109;566;curtida;2026-09-07 06:19:01.0;38;46.1;5;94a6eddb-539d-4896-9461-d13184fee7bc;dados/brutos/lote_2/interacoes.json;2026-09-28 19:48:08.793432
3578;109;622;visualização;2026-09-08 20:08:46.0;10;73.9;;94a6eddb-539d-4896-9461-d13184fee7bc;dados/brutos/lote_2/interacoes.json;2026-09-28 19:48:08.793432
3579;109;669;compartilhamento;2026-06-12 01:32:58.0;25;47.4;;94a6eddb-539d-4896-9461-d13184fee7bc;dados/brutos/interacoes.json;2026-09-28 19:48:08.793432
3580;109;679;conclusão;2026-08-17 22:14:24.0;20;100.0;5;94a6eddb-539d-4896-9461-d13184fee7bc;dados/brutos/interacoes.json;2026-09-28 19:48:08.793432
3581;109;753;início;2026-08-11 05:42:20.0;1;12.5;;94a6eddb-539d-4896-9461-d13184fee7bc;dados/brutos/interacoes.json;2026-09-28 19:48:08.793432
3582;109;891;visualização;2026-02-25 18:34:24.0;3;45.3;;94a6eddb-539d-4896-9461-d13184fee7bc;dados/brutos/interacoes.json;2026-09-28 19:48:08.878531
3583;110;313;compartilhamento;2026-08-15 18:20:21.0;101;35.7;;94a6eddb-539d-4896-9461-d13184fee7bc;dados/brutos/interacoes.json;2026-09-28 19:48:08.878531
3584;110;319;conclusão;2026-09-17 00:52:15.0;2776;100.0;3;94a6eddb-539d-4896-9461-d13184fee7bc;dados/brutos/lote_2/interacoes.json;2026-09-28 19:48:08.793432
3585;110;348;conclusão;2026-05-05 11:40:54.0;13;100.0;5;94a6eddb-539d-4896-9461-d13184fee7bc;dados/brutos/interacoes.json;2026-09-28 19:48:08.793432
3586;110;418;avaliação;2026-08-15 08:35:10.0;54;92.3;3;94a6eddb-539d-4896-9461-d13184fee7bc;dados/brutos/interacoes.json;2026-09-28 19:48:08.793432
3587;110;427;visualização;2026-01-24 11:11:28.0;3;64.6;;94a6eddb-539d-4896-9461-d13184fee7bc;dados/brutos/interacoes.json;2026-09-28 19:48:08.793432
3588;110;498;compartilhamento;2026-05-08 07:06:45.0;58;79.8;;94a6eddb-539d-4896-9461-d13184fee7bc;dados/brutos/interacoes.json;2026-09-28 19:48:08.793432
3589;110;624;visualização;2026-02-24 21:52:10.0;616;50.7;;94a6eddb-539d-4896-9461-d13184fee7bc;dados/brutos/interacoes.json;2026-09-28 19:48:08.793432
3590;110;687;visualização;2026-06-17 11:27:30.0;373;51.5;;94a6eddb-539d-4896-9461-d13184fee7bc;dados/brutos/interacoes.json;2026-09-28 19:48:08.793432
3591;110;766;conclusão;2026-09-24 10:15:28.0;19;100.0;5;94a6eddb-539d-4896-9461-d13184fee7bc;dados/brutos/lote_2/interacoes.json;2026-09-28 19:48:08.793432
3592;110;958;conclusão;2026-08-23 09:21:36.0;568;100.0;;94a6eddb-539d-4896-9461-d13184fee7bc;dados/brutos/interacoes.json;2026-09-28 19:48:08.793432
3593;111;3;visualização;2026-06-09 20:08:21.0;50;66.7;;94a6eddb-539d-4896-9461-d13184fee7bc;dados/brutos/interacoes.json;2026-09-28 19:48:08.793432
3594;111;91;visualização;2026-07-29 04:34:10.0;15;21.5;;94a6eddb-539d-4896-9461-d13184fee7bc;dados/brutos/interacoes.json;2026-09-28 19:48:08.793432
3595;111;298;visualização;2026-04-11 15:26:35.0;46;69.0;;94a6eddb-539d-4896-9461-d13184fee7bc;dados/brutos/interacoes.json;2026-09-28 19:48:08.793432
3596;111;589;visualização;2026-04-29 12:59:33.0;22;79.0;;94a6eddb-539d-4896-9461-d13184fee7bc;dados/brutos/interacoes.json;2026-09-28 19:48:08.878531
3597;111;683;visualização;2026-03-03 07:10:49.0;6;40.6;;94a6eddb-539d-4896-9461-d13184fee7bc;dados/brutos/interacoes.json;2026-09-28 19:48:08.878531
3598;111;687;início;2026-07-21 14:45:46.0;58;8.1;;94a6eddb-539d-4896-9461-d13184fee7bc;dados/brutos/interacoes.json;2026-09-28 19:48:08.793432
3599;111;721;visualização;2026-09-22 11:35:54.0;37;36.9;;94a6eddb-539d-4896-9461-d13184fee7bc;dados/brutos/lote_2/interacoes.json;2026-09-28 19:48:08.793432
3600;111;745;visualização;2026-07-04 14:32:17.0;8;54.1;;94a6eddb-539d-4896-9461-d13184fee7bc;dados/brutos/interacoes.json;2026-09-28 19:48:08.878531
3601;112;132;avaliação;2026-06-21 09:08:03.0;36;97.9;4;94a6eddb-539d-4896-9461-d13184fee7bc;dados/brutos/interacoes.json;2026-09-28 19:48:08.793432
3602;112;302;visualização;2026-05-21 02:32:41.0;637;21.2;;94a6eddb-539d-4896-9461-d13184fee7bc;dados/brutos/interacoes.json;2026-09-28 19:48:08.878531
3603;112;322;curtida;2026-05-23 08:09:18.0;84;90.9;5;94a6eddb-539d-4896-9461-d13184fee7bc;dados/brutos/interacoes.json;2026-09-28 19:48:08.793432
3604;112;430;curtida;2026-03-03 19:26:18.0;1175;40.2;5;94a6eddb-539d-4896-9461-d13184fee7bc;dados/brutos/interacoes.json;2026-09-28 19:48:08.878531
3605;112;636;visualização;2026-08-30 19:43:16.0;8;70.8;;94a6eddb-539d-4896-9461-d13184fee7bc;dados/brutos/lote_2/interacoes.json;2026-09-28 19:48:08.793432
3606;112;753;conclusão;2026-08-17 17:07:03.0;12;100.0;5;94a6eddb-539d-4896-9461-d13184fee7bc;dados/brutos/interacoes.json;2026-09-28 19:48:08.878531
3607;112;818;início;2026-09-26 18:15:02.0;1;2.4;;94a6eddb-539d-4896-9461-d13184fee7bc;dados/brutos/lote_2/interacoes.json;2026-09-28 19:48:08.793432
3608;112;936;avaliação;2026-04-19 01:17:55.0;11;83.9;5;94a6eddb-539d-4896-9461-d13184fee7bc;dados/brutos/interacoes.json;2026-09-28 19:48:08.793432
3609;112;984;compartilhamento;2026-07-03 05:26:36.0;23;97.6;;94a6eddb-539d-4896-9461-d13184fee7bc;dados/brutos/interacoes.json;2026-09-28 19:48:08.878531
3610;112;994;curtida;2026-07-29 10:40:47.0;12;80.6;5;94a6eddb-539d-4896-9461-d13184fee7bc;dados/brutos/interacoes.json;2026-09-28 19:48:08.793432
3611;112;997;início;2026-08-27 20:55:51.0;5;6.4;;94a6eddb-539d-4896-9461-d13184fee7bc;dados/brutos/lote_2/interacoes.json;2026-09-28 19:48:08.793432
3612;113;97;visualização;2026-05-08 09:59:54.0;1501;58.4;;94a6eddb-539d-4896-9461-d13184fee7bc;dados/brutos/interacoes.json;2026-09-28 19:48:08.793432
3613;113;120;compartilhamento;2026-03-20 12:23:42.0;14;51.2;;94a6eddb-539d-4896-9461-d13184fee7bc;dados/brutos/interacoes.json;2026-09-28 19:48:08.793432
3614;113;368;curtida;2026-04-21 18:56:16.0;56;55.6;5;94a6eddb-539d-4896-9461-d13184fee7bc;dados/brutos/interacoes.json;2026-09-28 19:48:08.878531
3615;113;444;avaliação;2026-06-14 03:25:42.0;60;53.8;3;94a6eddb-539d-4896-9461-d13184fee7bc;dados/brutos/interacoes.json;2026-09-28 19:48:08.878531
3616;113;505;visualização;2026-09-21 19:31:03.0;15;58.1;;94a6eddb-539d-4896-9461-d13184fee7bc;dados/brutos/lote_2/interacoes.json;2026-09-28 19:48:08.793432
3617;114;25;início;2026-09-17 22:14:59.0;6;7.6;;94a6eddb-539d-4896-9461-d13184fee7bc;dados/brutos/lote_2/interacoes.json;2026-09-28 19:48:08.793432
3618;114;158;curtida;2026-02-24 19:02:03.0;31;44.2;5;94a6eddb-539d-4896-9461-d13184fee7bc;dados/brutos/interacoes.json;2026-09-28 19:48:08.793432
3619;114;419;visualização;2026-09-04 11:44:28.0;601;71.1;;94a6eddb-539d-4896-9461-d13184fee7bc;dados/brutos/lote_2/interacoes.json;2026-09-28 19:48:08.793432
3620;114;891;curtida;2026-04-19 08:52:19.0;7;95.1;5;94a6eddb-539d-4896-9461-d13184fee7bc;dados/brutos/interacoes.json;2026-09-28 19:48:08.793432
3621;114;965;visualização;2026-05-20 10:46:33.0;6;74.1;;94a6eddb-539d-4896-9461-d13184fee7bc;dados/brutos/interacoes.json;2026-09-28 19:48:08.878531
3622;114;971;curtida;2026-09-06 12:14:11.0;28;71.2;5;94a6eddb-539d-4896-9461-d13184fee7bc;dados/brutos/lote_2/interacoes.json;2026-09-28 19:48:08.793432
3623;115;52;avaliação;2026-06-27 08:45:15.0;68;98.0;2;94a6eddb-539d-4896-9461-d13184fee7bc;dados/brutos/interacoes.json;2026-09-28 19:48:08.793432
3624;115;204;avaliação;2026-06-01 09:59:48.0;39;79.1;5;94a6eddb-539d-4896-9461-d13184fee7bc;dados/brutos/interacoes.json;2026-09-28 19:48:08.793432
3625;115;206;compartilhamento;2026-04-24 20:56:40.0;153;42.4;;94a6eddb-539d-4896-9461-d13184fee7bc;dados/brutos/interacoes.json;2026-09-28 19:48:08.793432
3626;115;228;início;2026-06-05 14:06:54.0;2;7.6;;94a6eddb-539d-4896-9461-d13184fee7bc;dados/brutos/interacoes.json;2026-09-28 19:48:08.793432
3627;115;238;início;2026-03-25 05:30:28.0;1;4.1;;94a6eddb-539d-4896-9461-d13184fee7bc;dados/brutos/interacoes.json;2026-09-28 19:48:08.793432
3628;115;468;visualização;2026-02-28 18:51:22.0;11;48.2;;94a6eddb-539d-4896-9461-d13184fee7bc;dados/brutos/interacoes.json;2026-09-28 19:48:08.793432
3629;115;588;início;2026-06-06 05:30:32.0;1;14.7;;94a6eddb-539d-4896-9461-d13184fee7bc;dados/brutos/interacoes.json;2026-09-28 19:48:08.878531
3630;115;594;início;2026-02-07 07:23:06.0;4;12.1;;94a6eddb-539d-4896-9461-d13184fee7bc;dados/brutos/interacoes.json;2026-09-28 19:48:08.793432
3631;115;600;visualização;2026-05-21 01:37:16.0;11;19.0;;94a6eddb-539d-4896-9461-d13184fee7bc;dados/brutos/interacoes.json;2026-09-28 19:48:08.793432
3632;115;708;curtida;2026-03-11 17:43:28.0;8;69.0;5;94a6eddb-539d-4896-9461-d13184fee7bc;dados/brutos/interacoes.json;2026-09-28 19:48:08.793432
3633;115;814;compartilhamento;2026-09-24 21:02:45.0;18;62.5;;94a6eddb-539d-4896-9461-d13184fee7bc;dados/brutos/lote_2/interacoes.json;2026-09-28 19:48:08.793432
3634;115;860;início;2026-01-09 06:29:02.0;87;7.6;;94a6eddb-539d-4896-9461-d13184fee7bc;dados/brutos/interacoes.json;2026-09-28 19:48:08.793432
3635;116;15;início;2026-06-04 00:53:18.0;163;7.4;;94a6eddb-539d-4896-9461-d13184fee7bc;dados/brutos/interacoes.json;2026-09-28 19:48:08.878531
3636;116;45;compartilhamento;2026-06-27 23:58:16.0;20;59.8;;94a6eddb-539d-4896-9461-d13184fee7bc;dados/brutos/interacoes.json;2026-09-28 19:48:08.793432
3637;116;74;visualização;2026-06-12 21:22:03.0;23;37.9;;94a6eddb-539d-4896-9461-d13184fee7bc;dados/brutos/interacoes.json;2026-09-28 19:48:08.878531
3638;116;84;início;2026-03-03 02:46:35.0;1;1.6;;94a6eddb-539d-4896-9461-d13184fee7bc;dados/brutos/interacoes.json;2026-09-28 19:48:08.793432
3639;116;147;conclusão;2026-09-02 02:57:45.0;16;100.0;4;94a6eddb-539d-4896-9461-d13184fee7bc;dados/brutos/lote_2/interacoes.json;2026-09-28 19:48:08.793432
3640;116;185;visualização;2026-07-01 10:41:32.0;4;15.2;;94a6eddb-539d-4896-9461-d13184fee7bc;dados/brutos/interacoes.json;2026-09-28 19:48:08.878531
3641;116;474;curtida;2026-01-15 01:24:22.0;27;88.1;5;94a6eddb-539d-4896-9461-d13184fee7bc;dados/brutos/interacoes.json;2026-09-28 19:48:08.793432
3642;116;550;visualização;2026-08-16 06:30:05.0;11;30.4;;94a6eddb-539d-4896-9461-d13184fee7bc;dados/brutos/interacoes.json;2026-09-28 19:48:08.878531
3643;116;667;visualização;2026-02-26 05:11:22.0;76;12.1;;94a6eddb-539d-4896-9461-d13184fee7bc;dados/brutos/interacoes.json;2026-09-28 19:48:08.878531
3644;116;911;início;2026-09-23 04:34:31.0;1;6.7;;94a6eddb-539d-4896-9461-d13184fee7bc;dados/brutos/lote_2/interacoes.json;2026-09-28 19:48:08.793432
3645;117;9;início;2026-05-29 05:37:58.0;4;7.1;;94a6eddb-539d-4896-9461-d13184fee7bc;dados/brutos/interacoes.json;2026-09-28 19:48:08.793432
3646;117;24;início;2026-09-01 17:41:22.0;2;5.9;;94a6eddb-539d-4896-9461-d13184fee7bc;dados/brutos/lote_2/interacoes.json;2026-09-28 19:48:08.793432
3647;117;193;curtida;2026-01-23 04:53:14.0;12;43.1;5;94a6eddb-539d-4896-9461-d13184fee7bc;dados/brutos/interacoes.json;2026-09-28 19:48:08.878531
3648;117;422;visualização;2026-04-27 07:50:15.0;776;65.7;;94a6eddb-539d-4896-9461-d13184fee7bc;dados/brutos/interacoes.json;2026-09-28 19:48:08.878531
3649;117;461;visualização;2026-02-23 23:34:20.0;825;63.3;;94a6eddb-539d-4896-9461-d13184fee7bc;dados/brutos/interacoes.json;2026-09-28 19:48:08.878531
3650;117;480;curtida;2026-09-14 10:52:05.0;21;72.6;5;94a6eddb-539d-4896-9461-d13184fee7bc;dados/brutos/lote_2/interacoes.json;2026-09-28 19:48:08.793432
3651;117;621;avaliação;2026-08-07 02:17:03.0;6;81.9;4;94a6eddb-539d-4896-9461-d13184fee7bc;dados/brutos/interacoes.json;2026-09-28 19:48:08.793432
3652;117;695;início;2026-07-19 06:14:12.0;4;7.3;;94a6eddb-539d-4896-9461-d13184fee7bc;dados/brutos/interacoes.json;2026-09-28 19:48:08.793432
3653;118;110;visualização;2026-06-26 13:04:10.0;21;29.3;;94a6eddb-539d-4896-9461-d13184fee7bc;dados/brutos/interacoes.json;2026-09-28 19:48:08.793432
3654;118;125;início;2026-05-12 15:26:27.0;7;14.8;;94a6eddb-539d-4896-9461-d13184fee7bc;dados/brutos/interacoes.json;2026-09-28 19:48:08.793432
3655;118;141;conclusão;2026-06-20 09:58:04.0;48;100.0;5;94a6eddb-539d-4896-9461-d13184fee7bc;dados/brutos/interacoes.json;2026-09-28 19:48:08.793432
3656;118;310;conclusão;2026-01-31 10:31:17.0;49;100.0;3;94a6eddb-539d-4896-9461-d13184fee7bc;dados/brutos/interacoes.json;2026-09-28 19:48:08.793432
3657;118;725;visualização;2026-09-16 00:41:43.0;21;49.0;;94a6eddb-539d-4896-9461-d13184fee7bc;dados/brutos/lote_2/interacoes.json;2026-09-28 19:48:08.793432
3658;118;868;início;2026-06-02 21:23:14.0;106;6.7;;94a6eddb-539d-4896-9461-d13184fee7bc;dados/brutos/interacoes.json;2026-09-28 19:48:08.793432
3659;119;8;avaliação;2026-03-10 02:22:01.0;586;94.7;3;94a6eddb-539d-4896-9461-d13184fee7bc;dados/brutos/interacoes.json;2026-09-28 19:48:08.793432
3660;119;90;visualização;2026-03-31 08:06:54.0;18;31.9;;94a6eddb-539d-4896-9461-d13184fee7bc;dados/brutos/interacoes.json;2026-09-28 19:48:08.793432
3661;119;202;curtida;2026-06-03 01:15:37.0;34;73.4;5;94a6eddb-539d-4896-9461-d13184fee7bc;dados/brutos/interacoes.json;2026-09-28 19:48:08.793432
3662;119;331;conclusão;2026-02-09 05:24:43.0;86;100.0;4;94a6eddb-539d-4896-9461-d13184fee7bc;dados/brutos/interacoes.json;2026-09-28 19:48:08.793432
3663;119;396;avaliação;2026-03-23 15:03:28.0;27;95.9;5;94a6eddb-539d-4896-9461-d13184fee7bc;dados/brutos/interacoes.json;2026-09-28 19:48:08.793432
3664;119;585;conclusão;2026-08-28 14:50:30.0;6;100.0;5;94a6eddb-539d-4896-9461-d13184fee7bc;dados/brutos/lote_2/interacoes.json;2026-09-28 19:48:08.793432
3665;120;83;compartilhamento;2026-09-19 05:10:41.0;14;38.9;;94a6eddb-539d-4896-9461-d13184fee7bc;dados/brutos/lote_2/interacoes.json;2026-09-28 19:48:08.793432
3666;120;98;início;2026-01-17 12:35:49.0;2;14.2;;94a6eddb-539d-4896-9461-d13184fee7bc;dados/brutos/interacoes.json;2026-09-28 19:48:08.793432
3667;120;241;visualização;2026-06-01 10:34:57.0;43;74.2;;94a6eddb-539d-4896-9461-d13184fee7bc;dados/brutos/interacoes.json;2026-09-28 19:48:08.793432
3668;120;451;conclusão;2026-03-27 11:44:08.0;15;100.0;5;94a6eddb-539d-4896-9461-d13184fee7bc;dados/brutos/interacoes.json;2026-09-28 19:48:08.878531
3669;120;454;início;2026-09-04 10:15:02.0;4;6.0;;94a6eddb-539d-4896-9461-d13184fee7bc;dados/brutos/lote_2/interacoes.json;2026-09-28 19:48:08.793432
3670;120;468;conclusão;2026-04-04 20:18:43.0;24;100.0;4;94a6eddb-539d-4896-9461-d13184fee7bc;dados/brutos/interacoes.json;2026-09-28 19:48:08.878531
3671;120;501;conclusão;2026-04-20 01:41:41.0;33;100.0;4;94a6eddb-539d-4896-9461-d13184fee7bc;dados/brutos/interacoes.json;2026-09-28 19:48:08.793432
3672;120;550;visualização;2026-03-30 13:57:21.0;31;79.8;;94a6eddb-539d-4896-9461-d13184fee7bc;dados/brutos/interacoes.json;2026-09-28 19:48:08.793432
3673;120;654;compartilhamento;2026-08-27 07:19:04.0;1591;60.9;;94a6eddb-539d-4896-9461-d13184fee7bc;dados/brutos/lote_2/interacoes.json;2026-09-28 19:48:08.793432
3674;120;674;conclusão;2026-05-02 22:24:52.0;5;100.0;5;94a6eddb-539d-4896-9461-d13184fee7bc;dados/brutos/interacoes.json;2026-09-28 19:48:08.793432
3675;120;999;início;2026-07-26 10:33:43.0;6;13.6;;94a6eddb-539d-4896-9461-d13184fee7bc;dados/brutos/interacoes.json;2026-09-28 19:48:08.793432
3676;121;25;compartilhamento;2026-04-10 03:35:14.0;69;94.1;;94a6eddb-539d-4896-9461-d13184fee7bc;dados/brutos/interacoes.json;2026-09-28 19:48:08.878531
3677;121;37;visualização;2026-05-16 20:22:06.0;26;43.7;;94a6eddb-539d-4896-9461-d13184fee7bc;dados/brutos/interacoes.json;2026-09-28 19:48:08.793432
3678;121;69;visualização;2026-01-11 16:18:25.0;67;19.2;;94a6eddb-539d-4896-9461-d13184fee7bc;dados/brutos/interacoes.json;2026-09-28 19:48:08.878531
3679;121;156;avaliação;2026-03-20 15:35:16.0;358;78.7;4;94a6eddb-539d-4896-9461-d13184fee7bc;dados/brutos/interacoes.json;2026-09-28 19:48:08.793432
3680;121;185;curtida;2026-09-07 05:48:03.0;19;70.9;5;94a6eddb-539d-4896-9461-d13184fee7bc;dados/brutos/lote_2/interacoes.json;2026-09-28 19:48:08.793432
3681;121;398;visualização;2026-01-23 04:14:43.0;82;39.9;;94a6eddb-539d-4896-9461-d13184fee7bc;dados/brutos/interacoes.json;2026-09-28 19:48:08.793432
3682;121;458;visualização;2026-07-22 18:17:05.0;1347;68.5;;94a6eddb-539d-4896-9461-d13184fee7bc;dados/brutos/interacoes.json;2026-09-28 19:48:08.793432
3683;121;600;avaliação;2026-02-14 12:20:52.0;44;75.9;5;94a6eddb-539d-4896-9461-d13184fee7bc;dados/brutos/interacoes.json;2026-09-28 19:48:08.878531
3684;121;730;avaliação;2026-01-07 21:35:27.0;60;83.3;5;94a6eddb-539d-4896-9461-d13184fee7bc;dados/brutos/interacoes.json;2026-09-28 19:48:08.793432
3685;121;972;compartilhamento;2026-09-08 03:05:56.0;34;62.9;;94a6eddb-539d-4896-9461-d13184fee7bc;dados/brutos/lote_2/interacoes.json;2026-09-28 19:48:08.793432
3686;121;996;conclusão;2026-01-14 16:04:14.0;75;100.0;5;94a6eddb-539d-4896-9461-d13184fee7bc;dados/brutos/interacoes.json;2026-09-28 19:48:08.793432
3687;122;277;compartilhamento;2026-09-04 06:45:28.0;32;66.2;;94a6eddb-539d-4896-9461-d13184fee7bc;dados/brutos/lote_2/interacoes.json;2026-09-28 19:48:08.793432
3688;122;384;curtida;2026-06-22 21:34:49.0;2347;89.9;5;94a6eddb-539d-4896-9461-d13184fee7bc;dados/brutos/interacoes.json;2026-09-28 19:48:08.793432
3689;122;450;visualização;2026-09-18 17:02:47.0;1001;82.4;;94a6eddb-539d-4896-9461-d13184fee7bc;dados/brutos/lote_2/interacoes.json;2026-09-28 19:48:08.793432
3690;122;523;conclusão;2026-02-24 02:32:32.0;51;100.0;4;94a6eddb-539d-4896-9461-d13184fee7bc;dados/brutos/interacoes.json;2026-09-28 19:48:08.878531
3691;122;625;visualização;2026-01-08 01:38:03.0;62;71.0;;94a6eddb-539d-4896-9461-d13184fee7bc;dados/brutos/interacoes.json;2026-09-28 19:48:08.793432
3692;122;749;visualização;2026-03-30 08:24:49.0;24;31.8;;94a6eddb-539d-4896-9461-d13184fee7bc;dados/brutos/interacoes.json;2026-09-28 19:48:08.878531
3693;122;996;visualização;2026-04-19 06:41:03.0;57;76.7;;94a6eddb-539d-4896-9461-d13184fee7bc;dados/brutos/interacoes.json;2026-09-28 19:48:08.793432
3694;122;1000;início;2026-05-09 18:29:36.0;1;1.6;;94a6eddb-539d-4896-9461-d13184fee7bc;dados/brutos/interacoes.json;2026-09-28 19:48:08.878531
3695;123;339;compartilhamento;2026-08-06 09:52:28.0;177;32.5;;94a6eddb-539d-4896-9461-d13184fee7bc;dados/brutos/interacoes.json;2026-09-28 19:48:08.793432
3696;123;363;conclusão;2026-07-26 19:00:47.0;8;100.0;4;94a6eddb-539d-4896-9461-d13184fee7bc;dados/brutos/interacoes.json;2026-09-28 19:48:08.793432
3697;123;524;início;2026-02-03 17:50:35.0;1;3.3;;94a6eddb-539d-4896-9461-d13184fee7bc;dados/brutos/interacoes.json;2026-09-28 19:48:08.793432
3698;123;542;visualização;2026-09-01 08:03:16.0;9;46.7;;94a6eddb-539d-4896-9461-d13184fee7bc;dados/brutos/lote_2/interacoes.json;2026-09-28 19:48:08.793432
3699;123;564;avaliação;2026-01-19 12:45:21.0;54;85.5;4;94a6eddb-539d-4896-9461-d13184fee7bc;dados/brutos/interacoes.json;2026-09-28 19:48:08.878531
3700;123;657;início;2026-09-09 12:45:44.0;48;1.8;;94a6eddb-539d-4896-9461-d13184fee7bc;dados/brutos/lote_2/interacoes.json;2026-09-28 19:48:08.793432
3701;123;658;conclusão;2026-08-16 20:52:22.0;13;100.0;5;94a6eddb-539d-4896-9461-d13184fee7bc;dados/brutos/interacoes.json;2026-09-28 19:48:08.878531
3702;123;752;visualização;2026-05-16 17:13:23.0;55;50.9;;94a6eddb-539d-4896-9461-d13184fee7bc;dados/brutos/interacoes.json;2026-09-28 19:48:08.793432
3703;124;59;início;2026-02-11 03:03:01.0;2;6.8;;94a6eddb-539d-4896-9461-d13184fee7bc;dados/brutos/interacoes.json;2026-09-28 19:48:08.793432
3704;124;173;início;2026-03-22 04:26:09.0;4;13.6;;94a6eddb-539d-4896-9461-d13184fee7bc;dados/brutos/interacoes.json;2026-09-28 19:48:08.793432
3705;124;258;visualização;2026-09-07 23:49:08.0;683;45.2;;94a6eddb-539d-4896-9461-d13184fee7bc;dados/brutos/lote_2/interacoes.json;2026-09-28 19:48:08.793432
3706;124;331;início;2026-08-13 00:35:43.0;6;7.4;;94a6eddb-539d-4896-9461-d13184fee7bc;dados/brutos/interacoes.json;2026-09-28 19:48:08.793432
3707;124;376;visualização;2026-03-30 09:02:46.0;1;14.9;;94a6eddb-539d-4896-9461-d13184fee7bc;dados/brutos/interacoes.json;2026-09-28 19:48:08.878531
3708;124;524;conclusão;2026-02-21 05:23:10.0;47;100.0;5;94a6eddb-539d-4896-9461-d13184fee7bc;dados/brutos/interacoes.json;2026-09-28 19:48:08.878531
3709;124;578;visualização;2026-07-12 20:10:56.0;2;26.7;;94a6eddb-539d-4896-9461-d13184fee7bc;dados/brutos/interacoes.json;2026-09-28 19:48:08.793432
3710;124;584;início;2026-04-24 20:16:54.0;1;7.3;;94a6eddb-539d-4896-9461-d13184fee7bc;dados/brutos/interacoes.json;2026-09-28 19:48:08.793432
3711;124;585;compartilhamento;2026-04-09 23:46:08.0;4;68.0;;94a6eddb-539d-4896-9461-d13184fee7bc;dados/brutos/interacoes.json;2026-09-28 19:48:08.878531
3712;124;682;início;2026-05-26 02:48:35.0;1;5.8;;94a6eddb-539d-4896-9461-d13184fee7bc;dados/brutos/interacoes.json;2026-09-28 19:48:08.878531
3713;124;788;avaliação;2026-07-18 14:30:54.0;17;85.5;2;94a6eddb-539d-4896-9461-d13184fee7bc;dados/brutos/interacoes.json;2026-09-28 19:48:08.793432
3714;125;59;curtida;2026-08-01 01:38:56.0;15;50.5;5;94a6eddb-539d-4896-9461-d13184fee7bc;dados/brutos/interacoes.json;2026-09-28 19:48:08.793432
3715;125;239;visualização;2026-01-16 07:32:41.0;12;15.3;;94a6eddb-539d-4896-9461-d13184fee7bc;dados/brutos/interacoes.json;2026-09-28 19:48:08.878531
3716;125;251;visualização;2026-07-01 04:58:10.0;443;26.5;;94a6eddb-539d-4896-9461-d13184fee7bc;dados/brutos/interacoes.json;2026-09-28 19:48:08.793432
3717;125;412;curtida;2026-07-11 10:16:07.0;26;74.3;5;94a6eddb-539d-4896-9461-d13184fee7bc;dados/brutos/interacoes.json;2026-09-28 19:48:08.878531
3718;125;432;compartilhamento;2026-07-21 06:52:22.0;34;74.3;;94a6eddb-539d-4896-9461-d13184fee7bc;dados/brutos/interacoes.json;2026-09-28 19:48:08.878531
3719;125;465;conclusão;2026-09-01 17:35:41.0;13;100.0;5;94a6eddb-539d-4896-9461-d13184fee7bc;dados/brutos/lote_2/interacoes.json;2026-09-28 19:48:08.793432
3720;125;681;compartilhamento;2026-08-10 04:10:32.0;871;35.6;;94a6eddb-539d-4896-9461-d13184fee7bc;dados/brutos/interacoes.json;2026-09-28 19:48:08.878531
3721;125;724;conclusão;2026-08-01 19:03:41.0;14;100.0;3;94a6eddb-539d-4896-9461-d13184fee7bc;dados/brutos/interacoes.json;2026-09-28 19:48:08.793432
3722;125;792;compartilhamento;2026-08-26 22:33:58.0;10;35.5;;94a6eddb-539d-4896-9461-d13184fee7bc;dados/brutos/lote_2/interacoes.json;2026-09-28 19:48:08.793432
3723;125;890;conclusão;2026-06-29 10:13:39.0;40;100.0;4;94a6eddb-539d-4896-9461-d13184fee7bc;dados/brutos/interacoes.json;2026-09-28 19:48:08.878531
3724;125;976;conclusão;2026-07-20 18:57:20.0;28;100.0;5;94a6eddb-539d-4896-9461-d13184fee7bc;dados/brutos/interacoes.json;2026-09-28 19:48:08.793432
3725;126;105;início;2026-05-04 11:22:57.0;1;14.6;;94a6eddb-539d-4896-9461-d13184fee7bc;dados/brutos/interacoes.json;2026-09-28 19:48:08.878531
3726;126;159;início;2026-06-07 19:29:38.0;1;6.1;;94a6eddb-539d-4896-9461-d13184fee7bc;dados/brutos/interacoes.json;2026-09-28 19:48:08.878531
3727;126;200;conclusão;2026-02-14 01:21:30.0;65;100.0;5;94a6eddb-539d-4896-9461-d13184fee7bc;dados/brutos/interacoes.json;2026-09-28 19:48:08.793432
3728;126;327;avaliação;2026-09-05 06:33:24.0;73;86.3;5;94a6eddb-539d-4896-9461-d13184fee7bc;dados/brutos/lote_2/interacoes.json;2026-09-28 19:48:08.793432
3729;126;570;conclusão;2026-07-26 15:11:53.0;12;100.0;5;94a6eddb-539d-4896-9461-d13184fee7bc;dados/brutos/interacoes.json;2026-09-28 19:48:08.878531
3730;126;644;compartilhamento;2026-02-04 16:41:05.0;45;64.3;;94a6eddb-539d-4896-9461-d13184fee7bc;dados/brutos/interacoes.json;2026-09-28 19:48:08.878531
3731;126;760;compartilhamento;2026-09-12 17:57:07.0;5;34.2;;94a6eddb-539d-4896-9461-d13184fee7bc;dados/brutos/lote_2/interacoes.json;2026-09-28 19:48:08.793432
3732;126;941;visualização;2026-03-02 06:40:42.0;10;14.6;;94a6eddb-539d-4896-9461-d13184fee7bc;dados/brutos/interacoes.json;2026-09-28 19:48:08.878531
3733;127;14;compartilhamento;2026-03-06 13:49:02.0;32;39.6;;94a6eddb-539d-4896-9461-d13184fee7bc;dados/brutos/interacoes.json;2026-09-28 19:48:08.878531
3734;127;206;curtida;2026-03-24 11:07:52.0;202;56.0;5;94a6eddb-539d-4896-9461-d13184fee7bc;dados/brutos/interacoes.json;2026-09-28 19:48:08.793432
3735;127;249;curtida;2026-02-27 15:37:45.0;9;61.4;5;94a6eddb-539d-4896-9461-d13184fee7bc;dados/brutos/interacoes.json;2026-09-28 19:48:08.793432
3736;127;327;compartilhamento;2026-07-24 10:18:27.0;64;75.7;;94a6eddb-539d-4896-9461-d13184fee7bc;dados/brutos/interacoes.json;2026-09-28 19:48:08.793432
3737;127;523;início;2026-05-12 04:58:02.0;4;8.6;;94a6eddb-539d-4896-9461-d13184fee7bc;dados/brutos/interacoes.json;2026-09-28 19:48:08.878531
3738;127;534;visualização;2026-01-11 19:10:39.0;13;43.5;;94a6eddb-539d-4896-9461-d13184fee7bc;dados/brutos/interacoes.json;2026-09-28 19:48:08.878531
3739;127;600;curtida;2026-02-17 13:41:39.0;49;85.6;5;94a6eddb-539d-4896-9461-d13184fee7bc;dados/brutos/interacoes.json;2026-09-28 19:48:08.793432
3740;127;651;visualização;2026-09-23 12:14:50.0;93;22.4;;94a6eddb-539d-4896-9461-d13184fee7bc;dados/brutos/lote_2/interacoes.json;2026-09-28 19:48:08.793432
3741;127;652;início;2026-09-19 14:21:02.0;1;2.6;;94a6eddb-539d-4896-9461-d13184fee7bc;dados/brutos/lote_2/interacoes.json;2026-09-28 19:48:08.793432
3742;127;693;visualização;2026-08-26 03:11:52.0;148;67.2;;94a6eddb-539d-4896-9461-d13184fee7bc;dados/brutos/lote_2/interacoes.json;2026-09-28 19:48:08.793432
3743;127;895;início;2026-05-28 03:53:55.0;3;14.6;;94a6eddb-539d-4896-9461-d13184fee7bc;dados/brutos/interacoes.json;2026-09-28 19:48:08.878531
3744;128;177;curtida;2026-03-11 19:07:29.0;13;63.9;5;94a6eddb-539d-4896-9461-d13184fee7bc;dados/brutos/interacoes.json;2026-09-28 19:48:08.793432
3745;128;225;visualização;2026-03-21 16:22:23.0;359;65.3;;94a6eddb-539d-4896-9461-d13184fee7bc;dados/brutos/interacoes.json;2026-09-28 19:48:08.793432
3746;128;458;compartilhamento;2026-03-22 20:18:14.0;944;48.0;;94a6eddb-539d-4896-9461-d13184fee7bc;dados/brutos/interacoes.json;2026-09-28 19:48:08.878531
3747;128;483;compartilhamento;2026-09-03 10:19:47.0;10;70.7;;94a6eddb-539d-4896-9461-d13184fee7bc;dados/brutos/lote_2/interacoes.json;2026-09-28 19:48:08.793432
3748;128;519;visualização;2026-02-03 22:28:11.0;26;62.6;;94a6eddb-539d-4896-9461-d13184fee7bc;dados/brutos/interacoes.json;2026-09-28 19:48:08.793432
3749;128;718;visualização;2026-09-10 13:26:18.0;27;36.1;;94a6eddb-539d-4896-9461-d13184fee7bc;dados/brutos/lote_2/interacoes.json;2026-09-28 19:48:08.793432
3750;128;747;visualização;2026-09-08 00:42:19.0;199;38.6;;94a6eddb-539d-4896-9461-d13184fee7bc;dados/brutos/lote_2/interacoes.json;2026-09-28 19:48:08.793432
3751;129;191;conclusão;2026-01-13 19:47:50.0;492;100.0;4;94a6eddb-539d-4896-9461-d13184fee7bc;dados/brutos/interacoes.json;2026-09-28 19:48:08.878531
3752;129;207;curtida;2026-01-09 19:15:43.0;16;56.3;5;94a6eddb-539d-4896-9461-d13184fee7bc;dados/brutos/interacoes.json;2026-09-28 19:48:08.793432
3753;129;261;visualização;2026-07-20 13:01:55.0;22;33.6;;94a6eddb-539d-4896-9461-d13184fee7bc;dados/brutos/interacoes.json;2026-09-28 19:48:08.793432
3754;129;347;início;2026-09-05 14:52:54.0;3;10.3;;94a6eddb-539d-4896-9461-d13184fee7bc;dados/brutos/lote_2/interacoes.json;2026-09-28 19:48:08.793432
3755;129;360;visualização;2026-08-30 12:30:03.0;615;17.5;;94a6eddb-539d-4896-9461-d13184fee7bc;dados/brutos/lote_2/interacoes.json;2026-09-28 19:48:08.793432
3756;129;374;avaliação;2026-07-12 15:32:20.0;11;54.2;5;94a6eddb-539d-4896-9461-d13184fee7bc;dados/brutos/interacoes.json;2026-09-28 19:48:08.793432
3757;129;380;conclusão;2026-07-28 12:02:46.0;11;100.0;5;94a6eddb-539d-4896-9461-d13184fee7bc;dados/brutos/interacoes.json;2026-09-28 19:48:08.793432
3758;129;412;início;2026-03-22 03:57:07.0;4;12.7;;94a6eddb-539d-4896-9461-d13184fee7bc;dados/brutos/interacoes.json;2026-09-28 19:48:08.878531
3759;129;630;visualização;2026-08-22 14:19:55.0;4;10.5;;94a6eddb-539d-4896-9461-d13184fee7bc;dados/brutos/interacoes.json;2026-09-28 19:48:08.793432
3760;129;636;visualização;2026-02-14 15:30:10.0;7;60.0;;94a6eddb-539d-4896-9461-d13184fee7bc;dados/brutos/interacoes.json;2026-09-28 19:48:08.793432
3761;129;656;avaliação;2026-09-18 17:59:52.0;35;84.5;5;94a6eddb-539d-4896-9461-d13184fee7bc;dados/brutos/lote_2/interacoes.json;2026-09-28 19:48:08.793432
3762;129;826;curtida;2026-05-24 19:03:20.0;19;85.8;5;94a6eddb-539d-4896-9461-d13184fee7bc;dados/brutos/interacoes.json;2026-09-28 19:48:08.878531
3763;130;42;compartilhamento;2026-06-08 07:35:15.0;19;32.3;;94a6eddb-539d-4896-9461-d13184fee7bc;dados/brutos/interacoes.json;2026-09-28 19:48:08.878531
3764;130;287;visualização;2026-09-03 03:10:21.0;27;51.5;;94a6eddb-539d-4896-9461-d13184fee7bc;dados/brutos/lote_2/interacoes.json;2026-09-28 19:48:08.793432
3765;130;505;visualização;2026-06-18 05:20:12.0;19;76.2;;94a6eddb-539d-4896-9461-d13184fee7bc;dados/brutos/interacoes.json;2026-09-28 19:48:08.793432
3766;130;543;conclusão;2026-02-10 15:37:45.0;62;100.0;3;94a6eddb-539d-4896-9461-d13184fee7bc;dados/brutos/interacoes.json;2026-09-28 19:48:08.878531
3767;130;599;visualização;2026-02-27 21:39:28.0;61;58.2;;94a6eddb-539d-4896-9461-d13184fee7bc;dados/brutos/interacoes.json;2026-09-28 19:48:08.793432
3768;130;754;compartilhamento;2026-06-18 22:23:11.0;375;34.5;;94a6eddb-539d-4896-9461-d13184fee7bc;dados/brutos/interacoes.json;2026-09-28 19:48:08.878531
3769;130;847;compartilhamento;2026-03-19 09:23:02.0;12;97.8;;94a6eddb-539d-4896-9461-d13184fee7bc;dados/brutos/interacoes.json;2026-09-28 19:48:08.793432
3770;131;215;conclusão;2026-02-11 00:54:59.0;38;100.0;5;94a6eddb-539d-4896-9461-d13184fee7bc;dados/brutos/interacoes.json;2026-09-28 19:48:08.793432
3771;131;262;visualização;2026-09-22 00:20:04.0;150;14.3;;94a6eddb-539d-4896-9461-d13184fee7bc;dados/brutos/lote_2/interacoes.json;2026-09-28 19:48:08.793432
3772;131;353;compartilhamento;2026-01-17 18:39:29.0;75;88.1;;94a6eddb-539d-4896-9461-d13184fee7bc;dados/brutos/interacoes.json;2026-09-28 19:48:08.793432
3773;131;389;visualização;2026-05-25 05:29:54.0;740;59.4;;94a6eddb-539d-4896-9461-d13184fee7bc;dados/brutos/interacoes.json;2026-09-28 19:48:08.793432
3774;131;547;início;2026-02-16 19:25:55.0;1;4.4;;94a6eddb-539d-4896-9461-d13184fee7bc;dados/brutos/interacoes.json;2026-09-28 19:48:08.793432
3775;131;572;início;2026-08-08 10:53:33.0;46;14.9;;94a6eddb-539d-4896-9461-d13184fee7bc;dados/brutos/interacoes.json;2026-09-28 19:48:08.878531
3776;131;598;visualização;2026-03-24 01:49:04.0;16;58.3;;94a6eddb-539d-4896-9461-d13184fee7bc;dados/brutos/interacoes.json;2026-09-28 19:48:08.793432
3777;131;641;visualização;2026-01-03 20:35:47.0;262;41.0;;94a6eddb-539d-4896-9461-d13184fee7bc;dados/brutos/interacoes.json;2026-09-28 19:48:08.793432
3778;131;778;início;2026-01-12 09:53:00.0;64;3.0;;94a6eddb-539d-4896-9461-d13184fee7bc;dados/brutos/interacoes.json;2026-09-28 19:48:08.793432
3779;131;823;visualização;2026-04-08 02:34:51.0;8;80.6;;94a6eddb-539d-4896-9461-d13184fee7bc;dados/brutos/interacoes.json;2026-09-28 19:48:08.793432
3780;132;238;início;2026-09-07 12:52:19.0;1;2.2;;94a6eddb-539d-4896-9461-d13184fee7bc;dados/brutos/lote_2/interacoes.json;2026-09-28 19:48:08.793432
3781;132;263;avaliação;2026-09-24 13:24:18.0;7;97.5;5;94a6eddb-539d-4896-9461-d13184fee7bc;dados/brutos/lote_2/interacoes.json;2026-09-28 19:48:08.793432
3782;132;400;compartilhamento;2026-09-02 14:23:37.0;16;42.3;;94a6eddb-539d-4896-9461-d13184fee7bc;dados/brutos/lote_2/interacoes.json;2026-09-28 19:48:08.793432
3783;132;451;conclusão;2026-09-22 13:05:41.0;15;100.0;5;94a6eddb-539d-4896-9461-d13184fee7bc;dados/brutos/lote_2/interacoes.json;2026-09-28 19:48:08.793432
3784;132;562;visualização;2026-03-02 06:37:31.0;2;19.2;;94a6eddb-539d-4896-9461-d13184fee7bc;dados/brutos/interacoes.json;2026-09-28 19:48:08.793432
3785;132;582;conclusão;2026-02-28 00:24:54.0;25;100.0;4;94a6eddb-539d-4896-9461-d13184fee7bc;dados/brutos/interacoes.json;2026-09-28 19:48:08.878531
3786;132;818;conclusão;2026-03-24 14:50:25.0;36;100.0;3;94a6eddb-539d-4896-9461-d13184fee7bc;dados/brutos/interacoes.json;2026-09-28 19:48:08.793432
3787;132;856;conclusão;2026-05-20 09:40:48.0;86;100.0;4;94a6eddb-539d-4896-9461-d13184fee7bc;dados/brutos/interacoes.json;2026-09-28 19:48:08.793432
3788;132;973;visualização;2026-09-03 18:44:48.0;6;52.1;;94a6eddb-539d-4896-9461-d13184fee7bc;dados/brutos/lote_2/interacoes.json;2026-09-28 19:48:08.793432
3789;132;994;início;2026-07-23 19:15:38.0;2;14.7;;94a6eddb-539d-4896-9461-d13184fee7bc;dados/brutos/interacoes.json;2026-09-28 19:48:08.793432
3790;132;1028;curtida;2026-09-06 10:31:21.0;239;47.9;5;94a6eddb-539d-4896-9461-d13184fee7bc;dados/brutos/lote_2/interacoes.json;2026-09-28 19:48:08.793432
3791;133;134;visualização;2026-04-29 03:22:10.0;39;58.7;;94a6eddb-539d-4896-9461-d13184fee7bc;dados/brutos/interacoes.json;2026-09-28 19:48:08.793432
3792;133;135;avaliação;2026-09-11 03:21:54.0;503;76.5;3;94a6eddb-539d-4896-9461-d13184fee7bc;dados/brutos/lote_2/interacoes.json;2026-09-28 19:48:08.793432
3793;133;350;conclusão;2026-09-24 18:58:00.0;7;100.0;5;94a6eddb-539d-4896-9461-d13184fee7bc;dados/brutos/lote_2/interacoes.json;2026-09-28 19:48:08.793432
3794;133;598;curtida;2026-09-14 19:48:32.0;26;94.3;5;94a6eddb-539d-4896-9461-d13184fee7bc;dados/brutos/lote_2/interacoes.json;2026-09-28 19:48:08.793432
3795;133;605;início;2026-03-05 00:28:03.0;1;4.4;;94a6eddb-539d-4896-9461-d13184fee7bc;dados/brutos/interacoes.json;2026-09-28 19:48:08.878531
3796;133;688;curtida;2026-03-14 05:49:38.0;17;50.6;5;94a6eddb-539d-4896-9461-d13184fee7bc;dados/brutos/interacoes.json;2026-09-28 19:48:08.793432
3797;133;953;curtida;2026-06-15 14:26:06.0;1053;54.3;5;94a6eddb-539d-4896-9461-d13184fee7bc;dados/brutos/interacoes.json;2026-09-28 19:48:08.793432
3798;133;974;início;2026-03-09 10:36:21.0;5;7.3;;94a6eddb-539d-4896-9461-d13184fee7bc;dados/brutos/interacoes.json;2026-09-28 19:48:08.878531
3799;134;96;visualização;2026-05-09 02:12:52.0;2;25.3;;94a6eddb-539d-4896-9461-d13184fee7bc;dados/brutos/interacoes.json;2026-09-28 19:48:08.793432
3800;134;464;avaliação;2026-08-31 06:02:38.0;6;68.9;5;94a6eddb-539d-4896-9461-d13184fee7bc;dados/brutos/lote_2/interacoes.json;2026-09-28 19:48:08.793432
3801;134;474;curtida;2026-02-14 07:05:54.0;24;79.2;5;94a6eddb-539d-4896-9461-d13184fee7bc;dados/brutos/interacoes.json;2026-09-28 19:48:08.878531
3802;134;554;compartilhamento;2026-09-06 19:36:56.0;156;79.4;;94a6eddb-539d-4896-9461-d13184fee7bc;dados/brutos/lote_2/interacoes.json;2026-09-28 19:48:08.793432
3803;134;604;avaliação;2026-02-18 20:29:02.0;25;86.3;3;94a6eddb-539d-4896-9461-d13184fee7bc;dados/brutos/interacoes.json;2026-09-28 19:48:08.878531
3804;135;192;curtida;2026-06-20 18:46:30.0;517;81.8;5;94a6eddb-539d-4896-9461-d13184fee7bc;dados/brutos/interacoes.json;2026-09-28 19:48:08.878531
3805;135;276;visualização;2026-05-12 08:37:22.0;49;56.5;;94a6eddb-539d-4896-9461-d13184fee7bc;dados/brutos/interacoes.json;2026-09-28 19:48:08.793432
3806;135;596;conclusão;2026-08-14 03:39:35.0;47;100.0;5;94a6eddb-539d-4896-9461-d13184fee7bc;dados/brutos/interacoes.json;2026-09-28 19:48:08.878531
3807;135;718;visualização;2026-09-25 14:16:11.0;62;84.4;;94a6eddb-539d-4896-9461-d13184fee7bc;dados/brutos/lote_2/interacoes.json;2026-09-28 19:48:08.793432
3808;135;742;início;2026-08-20 05:24:58.0;2;9.4;;94a6eddb-539d-4896-9461-d13184fee7bc;dados/brutos/interacoes.json;2026-09-28 19:48:08.793432
3809;135;921;início;2026-07-17 20:04:37.0;1;11.5;;94a6eddb-539d-4896-9461-d13184fee7bc;dados/brutos/interacoes.json;2026-09-28 19:48:08.793432
3810;136;101;início;2026-09-09 08:42:13.0;6;10.8;;94a6eddb-539d-4896-9461-d13184fee7bc;dados/brutos/lote_2/interacoes.json;2026-09-28 19:48:08.793432
3811;136;549;início;2026-09-18 17:39:44.0;69;10.0;;94a6eddb-539d-4896-9461-d13184fee7bc;dados/brutos/lote_2/interacoes.json;2026-09-28 19:48:08.793432
3812;136;595;avaliação;2026-08-12 04:56:51.0;27;68.1;3;94a6eddb-539d-4896-9461-d13184fee7bc;dados/brutos/interacoes.json;2026-09-28 19:48:08.793432
3813;136;620;início;2026-08-29 04:40:10.0;9;10.9;;94a6eddb-539d-4896-9461-d13184fee7bc;dados/brutos/lote_2/interacoes.json;2026-09-28 19:48:08.793432
3814;136;684;início;2026-08-18 17:19:05.0;3;6.1;;94a6eddb-539d-4896-9461-d13184fee7bc;dados/brutos/interacoes.json;2026-09-28 19:48:08.793432
3815;137;332;início;2026-09-21 18:51:46.0;1;4.6;;94a6eddb-539d-4896-9461-d13184fee7bc;dados/brutos/lote_2/interacoes.json;2026-09-28 19:48:08.793432
3816;137;516;visualização;2026-08-31 10:14:29.0;10;13.5;;94a6eddb-539d-4896-9461-d13184fee7bc;dados/brutos/lote_2/interacoes.json;2026-09-28 19:48:08.793432
3817;137;562;visualização;2026-05-11 20:32:09.0;9;65.3;;94a6eddb-539d-4896-9461-d13184fee7bc;dados/brutos/interacoes.json;2026-09-28 19:48:08.793432
3818;137;696;conclusão;2026-09-18 04:38:45.0;85;100.0;5;94a6eddb-539d-4896-9461-d13184fee7bc;dados/brutos/lote_2/interacoes.json;2026-09-28 19:48:08.793432
3819;137;769;compartilhamento;2026-05-26 15:34:19.0;104;87.4;;94a6eddb-539d-4896-9461-d13184fee7bc;dados/brutos/interacoes.json;2026-09-28 19:48:08.793432
3820;142;262;conclusão;2026-03-13 01:29:19.0;1047;100.0;5;94a6eddb-539d-4896-9461-d13184fee7bc;dados/brutos/interacoes.json;2026-09-28 19:48:08.878531
3821;138;73;visualização;2026-09-20 02:35:47.0;21;70.7;;94a6eddb-539d-4896-9461-d13184fee7bc;dados/brutos/lote_2/interacoes.json;2026-09-28 19:48:08.793432
3822;138;84;conclusão;2026-05-13 04:18:25.0;105;100.0;;94a6eddb-539d-4896-9461-d13184fee7bc;dados/brutos/interacoes.json;2026-09-28 19:48:08.878531
3823;138;231;início;2026-01-06 13:59:09.0;4;4.5;;94a6eddb-539d-4896-9461-d13184fee7bc;dados/brutos/interacoes.json;2026-09-28 19:48:08.878531
3824;138;368;compartilhamento;2026-08-10 05:33:54.0;92;91.1;;94a6eddb-539d-4896-9461-d13184fee7bc;dados/brutos/interacoes.json;2026-09-28 19:48:08.793432
3825;138;383;conclusão;2026-01-21 07:55:38.0;632;100.0;5;94a6eddb-539d-4896-9461-d13184fee7bc;dados/brutos/interacoes.json;2026-09-28 19:48:08.878531
3826;138;685;visualização;2026-07-24 16:40:13.0;4;75.8;;94a6eddb-539d-4896-9461-d13184fee7bc;dados/brutos/interacoes.json;2026-09-28 19:48:08.878531
3827;138;713;visualização;2026-07-04 22:15:48.0;28;48.3;;94a6eddb-539d-4896-9461-d13184fee7bc;dados/brutos/interacoes.json;2026-09-28 19:48:08.793432
3828;138;755;início;2026-06-09 18:27:38.0;1;8.8;;94a6eddb-539d-4896-9461-d13184fee7bc;dados/brutos/interacoes.json;2026-09-28 19:48:08.793432
3829;138;827;visualização;2026-03-09 09:57:56.0;416;55.7;;94a6eddb-539d-4896-9461-d13184fee7bc;dados/brutos/interacoes.json;2026-09-28 19:48:08.793432
3830;138;935;compartilhamento;2026-04-06 08:59:10.0;42;54.9;;94a6eddb-539d-4896-9461-d13184fee7bc;dados/brutos/interacoes.json;2026-09-28 19:48:08.793432
3831;139;175;visualização;2026-02-26 14:41:00.0;11;22.6;;94a6eddb-539d-4896-9461-d13184fee7bc;dados/brutos/interacoes.json;2026-09-28 19:48:08.793432
3832;139;243;compartilhamento;2026-09-15 05:21:12.0;2386;82.1;;94a6eddb-539d-4896-9461-d13184fee7bc;dados/brutos/lote_2/interacoes.json;2026-09-28 19:48:08.793432
3833;139;265;compartilhamento;2026-02-04 17:17:49.0;13;30.5;;94a6eddb-539d-4896-9461-d13184fee7bc;dados/brutos/interacoes.json;2026-09-28 19:48:08.793432
3834;139;288;conclusão;2026-06-09 16:29:45.0;8;100.0;3;94a6eddb-539d-4896-9461-d13184fee7bc;dados/brutos/interacoes.json;2026-09-28 19:48:08.878531
3835;139;420;compartilhamento;2026-02-11 05:44:15.0;22;55.8;;94a6eddb-539d-4896-9461-d13184fee7bc;dados/brutos/interacoes.json;2026-09-28 19:48:08.793432
3836;139;431;compartilhamento;2026-07-03 01:23:27.0;231;44.0;;94a6eddb-539d-4896-9461-d13184fee7bc;dados/brutos/interacoes.json;2026-09-28 19:48:08.793432
3837;139;530;visualização;2026-05-21 22:12:22.0;33;57.8;;94a6eddb-539d-4896-9461-d13184fee7bc;dados/brutos/interacoes.json;2026-09-28 19:48:08.793432
3838;139;636;avaliação;2026-03-20 17:39:02.0;10;87.9;4;94a6eddb-539d-4896-9461-d13184fee7bc;dados/brutos/interacoes.json;2026-09-28 19:48:08.793432
3839;139;671;início;2026-03-21 01:33:38.0;2;7.7;;94a6eddb-539d-4896-9461-d13184fee7bc;dados/brutos/interacoes.json;2026-09-28 19:48:08.878531
3840;139;733;visualização;2026-06-11 02:27:53.0;15;60.5;;94a6eddb-539d-4896-9461-d13184fee7bc;dados/brutos/interacoes.json;2026-09-28 19:48:08.793432
3841;139;791;curtida;2026-07-23 19:24:38.0;15;67.6;5;94a6eddb-539d-4896-9461-d13184fee7bc;dados/brutos/interacoes.json;2026-09-28 19:48:08.793432
3842;140;192;visualização;2026-06-17 05:47:11.0;83;13.2;;94a6eddb-539d-4896-9461-d13184fee7bc;dados/brutos/interacoes.json;2026-09-28 19:48:08.878531
3843;140;226;conclusão;2026-08-11 14:26:15.0;18;100.0;4;94a6eddb-539d-4896-9461-d13184fee7bc;dados/brutos/interacoes.json;2026-09-28 19:48:08.878531
3844;140;475;visualização;2026-09-07 06:58:51.0;163;66.7;;94a6eddb-539d-4896-9461-d13184fee7bc;dados/brutos/lote_2/interacoes.json;2026-09-28 19:48:08.793432
3845;140;518;conclusão;2026-08-11 07:21:22.0;1992;100.0;5;94a6eddb-539d-4896-9461-d13184fee7bc;dados/brutos/interacoes.json;2026-09-28 19:48:08.793432
3846;140;547;curtida;2026-02-07 11:28:25.0;5;72.5;5;94a6eddb-539d-4896-9461-d13184fee7bc;dados/brutos/interacoes.json;2026-09-28 19:48:08.878531
3847;140;771;início;2026-04-08 13:36:54.0;2;11.8;;94a6eddb-539d-4896-9461-d13184fee7bc;dados/brutos/interacoes.json;2026-09-28 19:48:08.793432
3848;140;805;conclusão;2026-05-13 20:48:16.0;41;100.0;4;94a6eddb-539d-4896-9461-d13184fee7bc;dados/brutos/interacoes.json;2026-09-28 19:48:08.878531
3849;140;820;visualização;2026-09-23 09:48:01.0;10;14.4;;94a6eddb-539d-4896-9461-d13184fee7bc;dados/brutos/lote_2/interacoes.json;2026-09-28 19:48:08.793432
3850;140;828;visualização;2026-09-11 05:36:34.0;15;60.5;;94a6eddb-539d-4896-9461-d13184fee7bc;dados/brutos/lote_2/interacoes.json;2026-09-28 19:48:08.793432
3851;140;917;visualização;2026-07-13 18:12:14.0;25;35.0;;94a6eddb-539d-4896-9461-d13184fee7bc;dados/brutos/interacoes.json;2026-09-28 19:48:08.878531
3852;141;90;visualização;2026-01-17 14:06:04.0;27;46.0;;94a6eddb-539d-4896-9461-d13184fee7bc;dados/brutos/interacoes.json;2026-09-28 19:48:08.793432
3853;141;503;início;2026-09-09 13:43:50.0;6;1.9;;94a6eddb-539d-4896-9461-d13184fee7bc;dados/brutos/lote_2/interacoes.json;2026-09-28 19:48:08.793432
3854;141;670;visualização;2026-09-04 16:15:39.0;14;22.5;;94a6eddb-539d-4896-9461-d13184fee7bc;dados/brutos/lote_2/interacoes.json;2026-09-28 19:48:08.793432
3855;141;758;visualização;2026-03-08 10:03:45.0;5;15.6;;94a6eddb-539d-4896-9461-d13184fee7bc;dados/brutos/interacoes.json;2026-09-28 19:48:08.878531
3856;141;864;visualização;2026-09-15 06:04:25.0;3;30.0;;94a6eddb-539d-4896-9461-d13184fee7bc;dados/brutos/lote_2/interacoes.json;2026-09-28 19:48:08.793432
3857;141;976;curtida;2026-04-27 04:51:06.0;17;61.5;5;94a6eddb-539d-4896-9461-d13184fee7bc;dados/brutos/interacoes.json;2026-09-28 19:48:08.793432
3858;141;979;visualização;2026-05-09 01:58:30.0;4;11.6;;94a6eddb-539d-4896-9461-d13184fee7bc;dados/brutos/interacoes.json;2026-09-28 19:48:08.878531
3859;142;185;visualização;2026-09-18 06:41:17.0;19;69.5;;94a6eddb-539d-4896-9461-d13184fee7bc;dados/brutos/lote_2/interacoes.json;2026-09-28 19:48:08.793432
3860;142;249;visualização;2026-02-16 12:28:07.0;7;48.0;;94a6eddb-539d-4896-9461-d13184fee7bc;dados/brutos/interacoes.json;2026-09-28 19:48:08.793432
3861;142;322;visualização;2026-09-11 10:51:00.0;69;73.7;;94a6eddb-539d-4896-9461-d13184fee7bc;dados/brutos/lote_2/interacoes.json;2026-09-28 19:48:08.793432
3862;142;534;visualização;2026-04-13 19:21:41.0;24;82.9;;94a6eddb-539d-4896-9461-d13184fee7bc;dados/brutos/interacoes.json;2026-09-28 19:48:08.878531
3863;142;644;visualização;2026-01-23 11:08:33.0;25;36.1;;94a6eddb-539d-4896-9461-d13184fee7bc;dados/brutos/interacoes.json;2026-09-28 19:48:08.793432
3864;142;657;visualização;2026-02-11 03:42:39.0;2033;76.4;;94a6eddb-539d-4896-9461-d13184fee7bc;dados/brutos/interacoes.json;2026-09-28 19:48:08.793432
3865;142;796;visualização;2026-01-19 14:18:57.0;26;39.0;;94a6eddb-539d-4896-9461-d13184fee7bc;dados/brutos/interacoes.json;2026-09-28 19:48:08.878531
3866;142;837;visualização;2026-02-05 13:25:22.0;11;27.7;;94a6eddb-539d-4896-9461-d13184fee7bc;dados/brutos/interacoes.json;2026-09-28 19:48:08.793432
3867;142;889;início;2026-06-08 16:54:28.0;1;3.3;;94a6eddb-539d-4896-9461-d13184fee7bc;dados/brutos/interacoes.json;2026-09-28 19:48:08.878531
3868;143;35;compartilhamento;2026-04-05 05:21:08.0;14;82.5;;94a6eddb-539d-4896-9461-d13184fee7bc;dados/brutos/interacoes.json;2026-09-28 19:48:08.878531
3869;143;193;conclusão;2026-07-12 00:01:29.0;30;100.0;3;94a6eddb-539d-4896-9461-d13184fee7bc;dados/brutos/interacoes.json;2026-09-28 19:48:08.793432
3870;143;209;avaliação;2026-04-13 08:47:30.0;8;75.3;5;94a6eddb-539d-4896-9461-d13184fee7bc;dados/brutos/interacoes.json;2026-09-28 19:48:08.793432
3871;143;239;visualização;2026-08-03 10:08:08.0;54;68.2;;94a6eddb-539d-4896-9461-d13184fee7bc;dados/brutos/interacoes.json;2026-09-28 19:48:08.793432
3872;143;397;avaliação;2026-09-14 15:09:57.0;607;95.4;4;94a6eddb-539d-4896-9461-d13184fee7bc;dados/brutos/lote_2/interacoes.json;2026-09-28 19:48:08.793432
3873;143;399;início;2026-03-23 13:37:25.0;5;7.5;;94a6eddb-539d-4896-9461-d13184fee7bc;dados/brutos/interacoes.json;2026-09-28 19:48:08.793432
3874;143;429;visualização;2026-05-25 14:23:47.0;14;67.4;;94a6eddb-539d-4896-9461-d13184fee7bc;dados/brutos/interacoes.json;2026-09-28 19:48:08.878531
3875;143;601;visualização;2026-02-11 02:13:49.0;13;50.5;;94a6eddb-539d-4896-9461-d13184fee7bc;dados/brutos/interacoes.json;2026-09-28 19:48:08.793432
3876;143;706;visualização;2026-06-15 18:46:22.0;430;19.5;;94a6eddb-539d-4896-9461-d13184fee7bc;dados/brutos/interacoes.json;2026-09-28 19:48:08.793432
3877;143;711;conclusão;2026-03-13 09:39:16.0;341;100.0;5;94a6eddb-539d-4896-9461-d13184fee7bc;dados/brutos/interacoes.json;2026-09-28 19:48:08.793432
3878;143;780;início;2026-08-10 01:58:59.0;23;6.5;;94a6eddb-539d-4896-9461-d13184fee7bc;dados/brutos/interacoes.json;2026-09-28 19:48:08.793432
3879;143;972;curtida;2026-08-31 11:02:53.0;51;93.9;5;94a6eddb-539d-4896-9461-d13184fee7bc;dados/brutos/lote_2/interacoes.json;2026-09-28 19:48:08.793432
3880;144;69;conclusão;2026-09-19 14:02:58.0;354;100.0;;94a6eddb-539d-4896-9461-d13184fee7bc;dados/brutos/lote_2/interacoes.json;2026-09-28 19:48:08.793432
3881;144;77;visualização;2026-09-25 15:22:55.0;30;41.8;;94a6eddb-539d-4896-9461-d13184fee7bc;dados/brutos/lote_2/interacoes.json;2026-09-28 19:48:08.793432
3882;144;182;visualização;2026-08-26 13:27:43.0;4;13.7;;94a6eddb-539d-4896-9461-d13184fee7bc;dados/brutos/lote_2/interacoes.json;2026-09-28 19:48:08.793432
3883;144;188;início;2026-05-27 16:54:30.0;51;10.4;;94a6eddb-539d-4896-9461-d13184fee7bc;dados/brutos/interacoes.json;2026-09-28 19:48:08.793432
3884;144;238;início;2026-06-24 14:46:02.0;5;13.9;;94a6eddb-539d-4896-9461-d13184fee7bc;dados/brutos/interacoes.json;2026-09-28 19:48:08.878531
3885;144;333;conclusão;2026-01-25 17:58:55.0;1211;100.0;4;94a6eddb-539d-4896-9461-d13184fee7bc;dados/brutos/interacoes.json;2026-09-28 19:48:08.793432
3886;144;466;início;2026-09-26 14:30:54.0;1;1.1;;94a6eddb-539d-4896-9461-d13184fee7bc;dados/brutos/lote_2/interacoes.json;2026-09-28 19:48:08.793432
3887;144;468;avaliação;2026-05-10 15:31:25.0;20;85.9;4;94a6eddb-539d-4896-9461-d13184fee7bc;dados/brutos/interacoes.json;2026-09-28 19:48:08.793432
3888;145;6;visualização;2026-02-16 22:46:46.0;12;58.8;;94a6eddb-539d-4896-9461-d13184fee7bc;dados/brutos/interacoes.json;2026-09-28 19:48:08.878531
3889;145;92;visualização;2026-01-17 12:46:59.0;319;56.5;;94a6eddb-539d-4896-9461-d13184fee7bc;dados/brutos/interacoes.json;2026-09-28 19:48:08.878531
3890;145;188;avaliação;2026-02-02 21:23:25.0;431;86.5;3;94a6eddb-539d-4896-9461-d13184fee7bc;dados/brutos/interacoes.json;2026-09-28 19:48:08.878531
3891;145;222;visualização;2026-01-28 10:03:08.0;20;79.6;;94a6eddb-539d-4896-9461-d13184fee7bc;dados/brutos/interacoes.json;2026-09-28 19:48:08.793432
3892;145;234;visualização;2026-03-08 15:30:29.0;17;49.0;;94a6eddb-539d-4896-9461-d13184fee7bc;dados/brutos/interacoes.json;2026-09-28 19:48:08.793432
3893;145;265;visualização;2026-08-14 09:57:45.0;13;31.1;;94a6eddb-539d-4896-9461-d13184fee7bc;dados/brutos/interacoes.json;2026-09-28 19:48:08.878531
3894;145;738;visualização;2026-07-11 07:35:18.0;30;58.6;;94a6eddb-539d-4896-9461-d13184fee7bc;dados/brutos/interacoes.json;2026-09-28 19:48:08.793432
3895;145;757;conclusão;2026-09-17 08:53:44.0;656;100.0;5;94a6eddb-539d-4896-9461-d13184fee7bc;dados/brutos/lote_2/interacoes.json;2026-09-28 19:48:08.793432
3896;145;801;visualização;2026-08-29 23:44:31.0;4;24.9;;94a6eddb-539d-4896-9461-d13184fee7bc;dados/brutos/lote_2/interacoes.json;2026-09-28 19:48:08.793432
3897;145;802;conclusão;2026-08-23 05:14:07.0;52;100.0;3;94a6eddb-539d-4896-9461-d13184fee7bc;dados/brutos/interacoes.json;2026-09-28 19:48:08.793432
3898;146;23;visualização;2026-04-26 18:11:10.0;15;49.3;;94a6eddb-539d-4896-9461-d13184fee7bc;dados/brutos/interacoes.json;2026-09-28 19:48:08.793432
3899;146;190;visualização;2026-08-10 14:44:14.0;203;77.7;;94a6eddb-539d-4896-9461-d13184fee7bc;dados/brutos/interacoes.json;2026-09-28 19:48:08.793432
3900;146;338;compartilhamento;2026-09-21 19:46:29.0;393;42.8;;94a6eddb-539d-4896-9461-d13184fee7bc;dados/brutos/lote_2/interacoes.json;2026-09-28 19:48:08.793432
3901;146;412;curtida;2026-07-18 15:05:44.0;33;93.4;5;94a6eddb-539d-4896-9461-d13184fee7bc;dados/brutos/interacoes.json;2026-09-28 19:48:08.878531
3902;146;445;curtida;2026-07-04 14:30:29.0;404;63.5;5;94a6eddb-539d-4896-9461-d13184fee7bc;dados/brutos/interacoes.json;2026-09-28 19:48:08.793432
3903;146;458;curtida;2026-03-28 11:09:01.0;887;45.1;5;94a6eddb-539d-4896-9461-d13184fee7bc;dados/brutos/interacoes.json;2026-09-28 19:48:08.793432
3904;146;569;visualização;2026-01-26 13:48:08.0;2;14.5;;94a6eddb-539d-4896-9461-d13184fee7bc;dados/brutos/interacoes.json;2026-09-28 19:48:08.793432
3905;146;699;visualização;2026-01-29 05:33:43.0;13;55.1;;94a6eddb-539d-4896-9461-d13184fee7bc;dados/brutos/interacoes.json;2026-09-28 19:48:08.793432
3906;146;732;início;2026-01-02 04:45:22.0;1;4.9;;94a6eddb-539d-4896-9461-d13184fee7bc;dados/brutos/interacoes.json;2026-09-28 19:48:08.878531
3907;146;823;visualização;2026-05-21 01:59:12.0;3;31.6;;94a6eddb-539d-4896-9461-d13184fee7bc;dados/brutos/interacoes.json;2026-09-28 19:48:08.793432
3908;146;954;início;2026-09-17 10:16:15.0;85;14.4;;94a6eddb-539d-4896-9461-d13184fee7bc;dados/brutos/lote_2/interacoes.json;2026-09-28 19:48:08.793432
3909;147;8;início;2026-03-10 06:28:44.0;89;14.5;;94a6eddb-539d-4896-9461-d13184fee7bc;dados/brutos/interacoes.json;2026-09-28 19:48:08.793432
3910;147;269;compartilhamento;2026-09-01 06:28:30.0;397;64.7;;94a6eddb-539d-4896-9461-d13184fee7bc;dados/brutos/lote_2/interacoes.json;2026-09-28 19:48:08.793432
3911;147;485;conclusão;2026-07-04 01:17:50.0;71;100.0;;94a6eddb-539d-4896-9461-d13184fee7bc;dados/brutos/interacoes.json;2026-09-28 19:48:08.793432
3912;147;614;visualização;2026-07-27 15:59:01.0;23;82.3;;94a6eddb-539d-4896-9461-d13184fee7bc;dados/brutos/interacoes.json;2026-09-28 19:48:08.793432
3913;147;635;início;2026-09-24 02:17:04.0;4;7.0;;94a6eddb-539d-4896-9461-d13184fee7bc;dados/brutos/lote_2/interacoes.json;2026-09-28 19:48:08.793432
3914;148;211;início;2026-09-11 11:57:28.0;5;14.3;;94a6eddb-539d-4896-9461-d13184fee7bc;dados/brutos/lote_2/interacoes.json;2026-09-28 19:48:08.793432
3915;148;296;visualização;2026-09-06 04:45:19.0;901;25.2;;94a6eddb-539d-4896-9461-d13184fee7bc;dados/brutos/lote_2/interacoes.json;2026-09-28 19:48:08.793432
3916;148;300;visualização;2026-08-16 22:28:37.0;43;68.5;;94a6eddb-539d-4896-9461-d13184fee7bc;dados/brutos/interacoes.json;2026-09-28 19:48:08.878531
3917;148;313;visualização;2026-09-17 15:39:51.0;85;30.1;;94a6eddb-539d-4896-9461-d13184fee7bc;dados/brutos/lote_2/interacoes.json;2026-09-28 19:48:08.793432
3918;148;624;curtida;2026-09-10 18:41:33.0;977;80.4;5;94a6eddb-539d-4896-9461-d13184fee7bc;dados/brutos/lote_2/interacoes.json;2026-09-28 19:48:08.793432
3919;148;828;visualização;2026-02-21 21:14:33.0;15;61.4;;94a6eddb-539d-4896-9461-d13184fee7bc;dados/brutos/interacoes.json;2026-09-28 19:48:08.878531
3920;148;835;visualização;2026-09-24 04:32:10.0;20;27.9;;94a6eddb-539d-4896-9461-d13184fee7bc;dados/brutos/lote_2/interacoes.json;2026-09-28 19:48:08.793432
3921;148;889;curtida;2026-02-07 22:46:00.0;29;72.5;5;94a6eddb-539d-4896-9461-d13184fee7bc;dados/brutos/interacoes.json;2026-09-28 19:48:08.878531
3922;148;897;visualização;2026-09-26 20:56:45.0;862;60.0;;94a6eddb-539d-4896-9461-d13184fee7bc;dados/brutos/lote_2/interacoes.json;2026-09-28 19:48:08.793432
3923;149;104;visualização;2026-06-12 10:53:11.0;14;24.8;;94a6eddb-539d-4896-9461-d13184fee7bc;dados/brutos/interacoes.json;2026-09-28 19:48:08.793432
3924;149;111;avaliação;2026-08-06 23:48:17.0;35;71.9;5;94a6eddb-539d-4896-9461-d13184fee7bc;dados/brutos/interacoes.json;2026-09-28 19:48:08.793432
3925;149;228;início;2026-09-09 12:50:38.0;4;14.8;;94a6eddb-539d-4896-9461-d13184fee7bc;dados/brutos/lote_2/interacoes.json;2026-09-28 19:48:08.793432
3926;149;268;conclusão;2026-03-09 08:34:51.0;34;100.0;5;94a6eddb-539d-4896-9461-d13184fee7bc;dados/brutos/interacoes.json;2026-09-28 19:48:08.878531
3927;149;278;visualização;2026-06-14 22:13:36.0;10;16.1;;94a6eddb-539d-4896-9461-d13184fee7bc;dados/brutos/interacoes.json;2026-09-28 19:48:08.878531
3928;149;322;avaliação;2026-07-18 19:05:52.0;64;69.7;3;94a6eddb-539d-4896-9461-d13184fee7bc;dados/brutos/interacoes.json;2026-09-28 19:48:08.793432
3929;149;387;visualização;2026-03-23 15:22:15.0;145;53.8;;94a6eddb-539d-4896-9461-d13184fee7bc;dados/brutos/interacoes.json;2026-09-28 19:48:08.878531
3930;149;448;conclusão;2026-09-24 20:04:54.0;229;100.0;5;94a6eddb-539d-4896-9461-d13184fee7bc;dados/brutos/lote_2/interacoes.json;2026-09-28 19:48:08.793432
3931;149;452;compartilhamento;2026-07-31 09:55:57.0;42;69.1;;94a6eddb-539d-4896-9461-d13184fee7bc;dados/brutos/interacoes.json;2026-09-28 19:48:08.793432
3932;149;582;início;2026-09-26 13:04:29.0;3;11.4;;94a6eddb-539d-4896-9461-d13184fee7bc;dados/brutos/lote_2/interacoes.json;2026-09-28 19:48:08.793432
3933;149;1021;início;2026-09-17 02:03:24.0;2;3.1;;94a6eddb-539d-4896-9461-d13184fee7bc;dados/brutos/lote_2/interacoes.json;2026-09-28 19:48:08.793432
3934;150;30;visualização;2026-03-21 19:17:58.0;967;40.2;;94a6eddb-539d-4896-9461-d13184fee7bc;dados/brutos/interacoes.json;2026-09-28 19:48:08.878531
3935;150;83;conclusão;2026-08-18 05:26:12.0;36;100.0;3;94a6eddb-539d-4896-9461-d13184fee7bc;dados/brutos/interacoes.json;2026-09-28 19:48:08.793432
3936;150;116;início;2026-04-28 19:52:39.0;2;10.5;;94a6eddb-539d-4896-9461-d13184fee7bc;dados/brutos/interacoes.json;2026-09-28 19:48:08.878531
3937;150;293;início;2026-05-20 11:09:40.0;1;1.1;;94a6eddb-539d-4896-9461-d13184fee7bc;dados/brutos/interacoes.json;2026-09-28 19:48:08.878531
3938;150;485;curtida;2026-09-24 04:23:04.0;50;70.4;5;94a6eddb-539d-4896-9461-d13184fee7bc;dados/brutos/lote_2/interacoes.json;2026-09-28 19:48:08.793432
3939;150;524;visualização;2026-05-31 19:52:47.0;22;48.8;;94a6eddb-539d-4896-9461-d13184fee7bc;dados/brutos/interacoes.json;2026-09-28 19:48:08.878531
3940;150;652;início;2026-04-26 06:18:35.0;4;15.0;;94a6eddb-539d-4896-9461-d13184fee7bc;dados/brutos/interacoes.json;2026-09-28 19:48:08.878531
3941;150;793;conclusão;2026-05-21 11:52:59.0;35;100.0;5;94a6eddb-539d-4896-9461-d13184fee7bc;dados/brutos/interacoes.json;2026-09-28 19:48:08.793432
3942;150;995;curtida;2026-06-22 19:17:35.0;15;46.0;5;94a6eddb-539d-4896-9461-d13184fee7bc;dados/brutos/interacoes.json;2026-09-28 19:48:08.878531
3943;150;998;início;2026-09-22 20:22:11.0;1;2.4;;94a6eddb-539d-4896-9461-d13184fee7bc;dados/brutos/lote_2/interacoes.json;2026-09-28 19:48:08.793432
3944;152;782;curtida;2026-09-09 13:21:02.0;45;86.0;5;94a6eddb-539d-4896-9461-d13184fee7bc;dados/brutos/lote_2/interacoes.json;2026-09-28 19:48:08.793432
3945;154;620;compartilhamento;2026-08-27 14:34:09.0;66;83.9;;94a6eddb-539d-4896-9461-d13184fee7bc;dados/brutos/lote_2/interacoes.json;2026-09-28 19:48:08.793432
3946;155;534;compartilhamento;2026-09-07 12:17:11.0;15;51.1;;94a6eddb-539d-4896-9461-d13184fee7bc;dados/brutos/lote_2/interacoes.json;2026-09-28 19:48:08.793432
3947;155;872;visualização;2026-09-15 05:46:52.0;4;33.5;;94a6eddb-539d-4896-9461-d13184fee7bc;dados/brutos/lote_2/interacoes.json;2026-09-28 19:48:08.793432
3948;156;983;curtida;2026-09-13 05:17:11.0;4;73.4;5;94a6eddb-539d-4896-9461-d13184fee7bc;dados/brutos/lote_2/interacoes.json;2026-09-28 19:48:08.793432
3949;157;374;conclusão;2026-09-25 10:48:01.0;21;100.0;5;94a6eddb-539d-4896-9461-d13184fee7bc;dados/brutos/lote_2/interacoes.json;2026-09-28 19:48:08.793432
3950;157;708;compartilhamento;2026-08-26 04:27:25.0;6;44.6;;94a6eddb-539d-4896-9461-d13184fee7bc;dados/brutos/lote_2/interacoes.json;2026-09-28 19:48:08.793432
3951;158;316;início;2026-09-24 13:43:14.0;9;14.1;;94a6eddb-539d-4896-9461-d13184fee7bc;dados/brutos/lote_2/interacoes.json;2026-09-28 19:48:08.793432
3952;158;545;compartilhamento;2026-08-29 20:08:21.0;25;56.5;;94a6eddb-539d-4896-9461-d13184fee7bc;dados/brutos/lote_2/interacoes.json;2026-09-28 19:48:08.793432
3953;160;465;conclusão;2026-09-21 16:37:18.0;13;100.0;4;94a6eddb-539d-4896-9461-d13184fee7bc;dados/brutos/lote_2/interacoes.json;2026-09-28 19:48:08.793432
3954;160;576;conclusão;2026-09-19 23:12:41.0;787;100.0;3;94a6eddb-539d-4896-9461-d13184fee7bc;dados/brutos/lote_2/interacoes.json;2026-09-28 19:48:08.793432
3955;160;731;compartilhamento;2026-09-11 02:36:51.0;44;42.3;;94a6eddb-539d-4896-9461-d13184fee7bc;dados/brutos/lote_2/interacoes.json;2026-09-28 19:48:08.793432
3956;161;420;visualização;2026-08-30 09:57:13.0;7;17.3;;94a6eddb-539d-4896-9461-d13184fee7bc;dados/brutos/lote_2/interacoes.json;2026-09-28 19:48:08.793432
3957;161;605;avaliação;2026-09-05 13:44:53.0;38;97.8;3;94a6eddb-539d-4896-9461-d13184fee7bc;dados/brutos/lote_2/interacoes.json;2026-09-28 19:48:08.793432
3958;162;27;avaliação;2026-08-29 12:02:06.0;25;84.6;5;94a6eddb-539d-4896-9461-d13184fee7bc;dados/brutos/lote_2/interacoes.json;2026-09-28 19:48:08.793432
3959;162;215;curtida;2026-08-27 05:06:25.0;37;96.9;5;94a6eddb-539d-4896-9461-d13184fee7bc;dados/brutos/lote_2/interacoes.json;2026-09-28 19:48:08.793432
3960;162;294;curtida;2026-09-05 00:36:48.0;10;49.7;5;94a6eddb-539d-4896-9461-d13184fee7bc;dados/brutos/lote_2/interacoes.json;2026-09-28 19:48:08.793432
3961;162;616;início;2026-08-28 12:48:58.0;2;13.6;;94a6eddb-539d-4896-9461-d13184fee7bc;dados/brutos/lote_2/interacoes.json;2026-09-28 19:48:08.793432
3962;162;784;início;2026-09-26 17:33:16.0;26;3.3;;94a6eddb-539d-4896-9461-d13184fee7bc;dados/brutos/lote_2/interacoes.json;2026-09-28 19:48:08.793432
3963;163;200;curtida;2026-09-17 19:10:08.0;26;40.7;5;94a6eddb-539d-4896-9461-d13184fee7bc;dados/brutos/lote_2/interacoes.json;2026-09-28 19:48:08.793432
3964;163;645;visualização;2026-09-26 19:51:07.0;20;65.5;;94a6eddb-539d-4896-9461-d13184fee7bc;dados/brutos/lote_2/interacoes.json;2026-09-28 19:48:08.793432
3965;164;26;conclusão;2026-09-07 04:56:14.0;14;100.0;4;94a6eddb-539d-4896-9461-d13184fee7bc;dados/brutos/lote_2/interacoes.json;2026-09-28 19:48:08.793432
3966;164;202;início;2026-09-01 18:43:11.0;5;11.3;;94a6eddb-539d-4896-9461-d13184fee7bc;dados/brutos/lote_2/interacoes.json;2026-09-28 19:48:08.793432
3967;164;528;conclusão;2026-09-09 19:26:28.0;14;100.0;5;94a6eddb-539d-4896-9461-d13184fee7bc;dados/brutos/lote_2/interacoes.json;2026-09-28 19:48:08.793432
3968;164;531;início;2026-08-30 07:07:40.0;2;8.3;;94a6eddb-539d-4896-9461-d13184fee7bc;dados/brutos/lote_2/interacoes.json;2026-09-28 19:48:08.793432
3969;164;878;visualização;2026-09-13 03:40:24.0;125;29.3;;94a6eddb-539d-4896-9461-d13184fee7bc;dados/brutos/lote_2/interacoes.json;2026-09-28 19:48:08.793432
3970;165;694;início;2026-09-07 10:21:56.0;146;13.9;;94a6eddb-539d-4896-9461-d13184fee7bc;dados/brutos/lote_2/interacoes.json;2026-09-28 19:48:08.793432
3971;167;725;conclusão;2026-09-18 14:52:54.0;43;100.0;3;94a6eddb-539d-4896-9461-d13184fee7bc;dados/brutos/lote_2/interacoes.json;2026-09-28 19:48:08.793432
3972;168;700;visualização;2026-09-04 08:51:50.0;25;62.9;;94a6eddb-539d-4896-9461-d13184fee7bc;dados/brutos/lote_2/interacoes.json;2026-09-28 19:48:08.793432
3973;168;787;visualização;2026-09-10 01:20:08.0;17;23.8;;94a6eddb-539d-4896-9461-d13184fee7bc;dados/brutos/lote_2/interacoes.json;2026-09-28 19:48:08.793432
3974;169;88;início;2026-08-31 08:26:49.0;7;12.1;;94a6eddb-539d-4896-9461-d13184fee7bc;dados/brutos/lote_2/interacoes.json;2026-09-28 19:48:08.793432
3975;169;138;avaliação;2026-09-21 14:56:06.0;1223;74.3;5;94a6eddb-539d-4896-9461-d13184fee7bc;dados/brutos/lote_2/interacoes.json;2026-09-28 19:48:08.793432
3976;170;63;visualização;2026-09-15 18:54:02.0;1597;56.3;;94a6eddb-539d-4896-9461-d13184fee7bc;dados/brutos/lote_2/interacoes.json;2026-09-28 19:48:08.793432
3977;170;874;conclusão;2026-09-22 21:07:09.0;500;100.0;4;94a6eddb-539d-4896-9461-d13184fee7bc;dados/brutos/lote_2/interacoes.json;2026-09-28 19:48:08.793432
3978;171;63;visualização;2026-09-10 00:54:55.0;2334;82.3;;94a6eddb-539d-4896-9461-d13184fee7bc;dados/brutos/lote_2/interacoes.json;2026-09-28 19:48:08.793432
