conteudo_id,titulo,tipo,categoria,nivel,carga_horaria_min,data_publicacao,descricao,autor
1,Curso Completo de Segurança de Redes e Controle de Acesso: Da Teoria à Prática,Curso,DevOps & Cloud,Avançado,3479,2025-03-06,"Neste curso aprofundado, você aprenderá de forma estruturada sobre Segurança de Redes e Controle de Acesso. O treinamento abrange tópicos de nível avançado, exercícios práticos e construção de projetos completos. Indicado para profissionais que desejam dominar ferramentas modernas e padrões consolidados em DevOps & Cloud.",Profa. Carla Antunes Silveira
2,Deep Dive Ep. 21: Casos de Sucesso em Linhagem de Dados e Rastreabilidade de Origem,Podcast,Segurança & Governança,Básico,39,2024-10-21,"Episódio enriquecedor com debates aprofundados sobre Linhagem de Dados e Rastreabilidade de Origem. Nesta gravação para o público de nível básico, especialistas compartilham experiências práticas, desafios reais do mercado e reflexões sobre impactos estratégicos e técnicos em Segurança & Governança.",Prof. Lucas Fernandes Prado
3,Data Insights Ep. 54: Experiências Reais com Práticas de DataOps e Qualidade de Dados,Podcast,Engenharia de Dados,Avançado,75,2024-09-14,"Episódio enriquecedor com debates aprofundados sobre Práticas de DataOps e Qualidade de Dados. Nesta gravação para o público de nível avançado, especialistas compartilham experiências práticas, desafios reais do mercado e reflexões sobre impactos estratégicos e técnicos em Engenharia de Dados.",Eng. Thiago Pinheiro Borges
4,Guia Definitivo e Boas Práticas sobre Integração de Conectores com SQLAlchemy e Psycopg3,Artigo,Programação & Software,Avançado,7,2025-07-24,"Artigo técnico detalhado que explora Integração de Conectores com SQLAlchemy e Psycopg3 sob uma ótica técnica e conceitual. Focado em nível avançado, aborda trade-offs arquiteturais, vantagens competitivas, padrões recomendados e diretrizes fundamentais para especialistas que atuam em Programação & Software.",Eng. Bruno César Pires
5,Análise Comparativa e Padrões Recomendados em Design de Dashboards e Eliminação de Chartjunk,Artigo,Business Intelligence,Básico,5,2026-05-18,"Artigo técnico detalhado que explora Design de Dashboards e Eliminação de Chartjunk sob uma ótica técnica e conceitual. Focado em nível básico, aborda trade-offs arquiteturais, vantagens competitivas, padrões recomendados e diretrizes fundamentais para especialistas que atuam em Business Intelligence.",Eng. Thiago Pinheiro Borges
6,Estudo Técnico e Decisões de Arquitetura em Auditoria e Monitoramento de Logs de Acesso,Artigo,Segurança & Governança,Básico,22,2025-05-25,"Artigo técnico detalhado que explora Auditoria e Monitoramento de Logs de Acesso sob uma ótica técnica e conceitual. Focado em nível básico, aborda trade-offs arquiteturais, vantagens competitivas, padrões recomendados e diretrizes fundamentais para especialistas que atuam em Segurança & Governança.",Prof. Lucas Fernandes Prado
7,Data Insights Ep. 108: Experiências Reais com Auditoria e Monitoramento de Logs de Acesso,Podcast,Segurança & Governança,Avançado,86,2025-06-09,"Episódio enriquecedor com debates aprofundados sobre Auditoria e Monitoramento de Logs de Acesso. Nesta gravação para o público de nível avançado, especialistas compartilham experiências práticas, desafios reais do mercado e reflexões sobre impactos estratégicos e técnicos em Segurança & Governança.",Dra. Renata Figueiredo Melo
8,Construindo Aplicações Robustas com Estatística Descritiva e Inferencial para Decisão,Curso,Ciência de Dados,Básico,619,2025-04-26,"Neste curso aprofundado, você aprenderá de forma estruturada sobre Estatística Descritiva e Inferencial para Decisão. O treinamento abrange tópicos de nível básico, exercícios práticos e construção de projetos completos. Indicado para profissionais que desejam dominar ferramentas modernas e padrões consolidados em Ciência de Dados.",Dra. Mariana Vasconcelos
9,Arquitetura & Código Ep. 121: Inovações em Machine Learning Supervisionado com Scikit-Learn,Podcast,Ciência de Dados,Avançado,57,2025-07-27,"Episódio enriquecedor com debates aprofundados sobre Machine Learning Supervisionado com Scikit-Learn. Nesta gravação para o público de nível avançado, especialistas compartilham experiências práticas, desafios reais do mercado e reflexões sobre impactos estratégicos e técnicos em Ciência de Dados.",Profa. Larissa Duarte Toledo
10,Princípios Essenciais e Arquitetura de Auditoria e Monitoramento de Logs de Acesso,Artigo,Segurança & Governança,Intermediário,13,2024-01-10,"Artigo técnico detalhado que explora Auditoria e Monitoramento de Logs de Acesso sob uma ótica técnica e conceitual. Focado em nível intermediário, aborda trade-offs arquiteturais, vantagens competitivas, padrões recomendados e diretrizes fundamentais para especialistas que atuam em Segurança & Governança.",Dra. Camila Guimarães Rocha
11,Análise Prática e Demonstração de Prevenção contra Vazamentos e Segurança em APIs,Vídeo,Segurança & Governança,Intermediário,46,2025-12-10,"Vídeo prático e objetivo apresentando a aplicação de Prevenção contra Vazamentos e Segurança em APIs. Em formato hands-on com nível intermediário, o conteúdo demonstra resolução de problemas reais, passo a passo detalhado e dicas essenciais de implementação para acelerar seu domínio em Segurança & Governança.",Prof. Diego Henrique Barros
12,Papo de Dados Ep. 75: Desvendando Auditoria e Monitoramento de Logs de Acesso,Podcast,Segurança & Governança,Avançado,65,2025-04-13,"Episódio enriquecedor com debates aprofundados sobre Auditoria e Monitoramento de Logs de Acesso. Nesta gravação para o público de nível avançado, especialistas compartilham experiências práticas, desafios reais do mercado e reflexões sobre impactos estratégicos e técnicos em Segurança & Governança.",Prof. Lucas Fernandes Prado
13,Arquitetura & Código Ep. 123: Inovações em Design de Dashboards e Eliminação de Chartjunk,Podcast,Business Intelligence,Básico,33,2025-10-26,"Episódio enriquecedor com debates aprofundados sobre Design de Dashboards e Eliminação de Chartjunk. Nesta gravação para o público de nível básico, especialistas compartilham experiências práticas, desafios reais do mercado e reflexões sobre impactos estratégicos e técnicos em Business Intelligence.",Eng. Patrícia Moreira Viana
14,Arquitetura & Código Ep. 38: Inovações em Orquestração de Microsserviços com Kubernetes,Podcast,DevOps & Cloud,Básico,82,2024-01-15,"Episódio enriquecedor com debates aprofundados sobre Orquestração de Microsserviços com Kubernetes. Nesta gravação para o público de nível básico, especialistas compartilham experiências práticas, desafios reais do mercado e reflexões sobre impactos estratégicos e técnicos em DevOps & Cloud.",Eng. Rodrigo Alves Mendonça
15,Curso Completo de Governança de Dados para Aplicações de IA: Da Teoria à Prática,Curso,Segurança & Governança,Avançado,2215,2024-05-03,"Neste curso aprofundado, você aprenderá de forma estruturada sobre Governança de Dados para Aplicações de IA. O treinamento abrange tópicos de nível avançado, exercícios práticos e construção de projetos completos. Indicado para profissionais que desejam dominar ferramentas modernas e padrões consolidados em Segurança & Governança.",Dr. Fernando Zanin Pacheco
16,Curso Completo de Filtros Interativos e Exploração Granular em BI: Da Teoria à Prática,Curso,Business Intelligence,Básico,683,2025-12-07,"Neste curso aprofundado, você aprenderá de forma estruturada sobre Filtros Interativos e Exploração Granular em BI. O treinamento abrange tópicos de nível básico, exercícios práticos e construção de projetos completos. Indicado para profissionais que desejam dominar ferramentas modernas e padrões consolidados em Business Intelligence.",Dra. Mariana Vasconcelos
17,Melhores Práticas e Arquitetura de Governança de Dados para Aplicações de IA,Vídeo,Segurança & Governança,Básico,28,2024-03-27,"Vídeo prático e objetivo apresentando a aplicação de Governança de Dados para Aplicações de IA. Em formato hands-on com nível básico, o conteúdo demonstra resolução de problemas reais, passo a passo detalhado e dicas essenciais de implementação para acelerar seu domínio em Segurança & Governança.",Dr. Marcelo Silveira Neves
18,Melhores Práticas e Arquitetura de Estratégias de Indexação e Performance de Bancos,Vídeo,Banco de Dados,Intermediário,54,2026-04-07,"Vídeo prático e objetivo apresentando a aplicação de Estratégias de Indexação e Performance de Bancos. Em formato hands-on com nível intermediário, o conteúdo demonstra resolução de problemas reais, passo a passo detalhado e dicas essenciais de implementação para acelerar seu domínio em Banco de Dados.",Dra. Mariana Vasconcelos
19,"Solucionando Desafios do Dia a Dia em Python Avançado: POO, Decorators e Geradores",Vídeo,Programação & Software,Básico,13,2026-05-03,"Vídeo prático e objetivo apresentando a aplicação de Python Avançado: POO, Decorators e Geradores. Em formato hands-on com nível básico, o conteúdo demonstra resolução de problemas reais, passo a passo detalhado e dicas essenciais de implementação para acelerar seu domínio em Programação & Software.",Eng. Thiago Pinheiro Borges
20,Estudo Técnico e Decisões de Arquitetura em Pipelines de Ingestão Batch e Streaming,Artigo,Engenharia de Dados,Avançado,26,2024-11-06,"Artigo técnico detalhado que explora Pipelines de Ingestão Batch e Streaming sob uma ótica técnica e conceitual. Focado em nível avançado, aborda trade-offs arquiteturais, vantagens competitivas, padrões recomendados e diretrizes fundamentais para especialistas que atuam em Engenharia de Dados.",Eng. Vanessa Cristina Ramos
21,Análise Comparativa e Padrões Recomendados em Embeddings Vetoriais e Representação Semântica,Artigo,Inteligência Artificial,Intermediário,9,2025-08-28,"Artigo técnico detalhado que explora Embeddings Vetoriais e Representação Semântica sob uma ótica técnica e conceitual. Focado em nível intermediário, aborda trade-offs arquiteturais, vantagens competitivas, padrões recomendados e diretrizes fundamentais para especialistas que atuam em Inteligência Artificial.",Dra. Renata Figueiredo Melo
22,Solucionando Desafios do Dia a Dia em Refatoração de Código e Padrões PEP 8,Vídeo,Programação & Software,Intermediário,73,2025-12-28,"Vídeo prático e objetivo apresentando a aplicação de Refatoração de Código e Padrões PEP 8. Em formato hands-on com nível intermediário, o conteúdo demonstra resolução de problemas reais, passo a passo detalhado e dicas essenciais de implementação para acelerar seu domínio em Programação & Software.",Eng. Rodrigo Alves Mendonça
23,Tech Talk Ep. 12: Melhores Práticas em Pipelines e Transformações com Apache Hop,Podcast,Engenharia de Dados,Avançado,31,2025-04-07,"Episódio enriquecedor com debates aprofundados sobre Pipelines e Transformações com Apache Hop. Nesta gravação para o público de nível avançado, especialistas compartilham experiências práticas, desafios reais do mercado e reflexões sobre impactos estratégicos e técnicos em Engenharia de Dados.",Profa. Beatriz Helena Nogueira
24,Deep Dive Ep. 56: Casos de Sucesso em Orquestração de Workflows com Apache Airflow,Podcast,Engenharia de Dados,Avançado,42,2024-06-13,"Episódio enriquecedor com debates aprofundados sobre Orquestração de Workflows com Apache Airflow. Nesta gravação para o público de nível avançado, especialistas compartilham experiências práticas, desafios reais do mercado e reflexões sobre impactos estratégicos e técnicos em Engenharia de Dados.",Eng. Felipe Siqueira Castro
25,"Arquitetura & Código Ep. 21: Inovações em Métricas de Engajamento, Retenção e Conversão",Podcast,Business Intelligence,Avançado,74,2024-11-08,"Episódio enriquecedor com debates aprofundados sobre Métricas de Engajamento, Retenção e Conversão. Nesta gravação para o público de nível avançado, especialistas compartilham experiências práticas, desafios reais do mercado e reflexões sobre impactos estratégicos e técnicos em Business Intelligence.",Eng. Felipe Siqueira Castro
26,Estudo Técnico e Decisões de Arquitetura em Consultas e Índices GIN com JSONB no PostgreSQL,Artigo,Banco de Dados,Intermediário,14,2025-04-23,"Artigo técnico detalhado que explora Consultas e Índices GIN com JSONB no PostgreSQL sob uma ótica técnica e conceitual. Focado em nível intermediário, aborda trade-offs arquiteturais, vantagens competitivas, padrões recomendados e diretrizes fundamentais para especialistas que atuam em Banco de Dados.",Eng. Felipe Siqueira Castro
27,Análise Comparativa e Padrões Recomendados em Gestão de Metadados e Qualidade de Dados Mestres,Artigo,Segurança & Governança,Básico,30,2024-10-07,"Artigo técnico detalhado que explora Gestão de Metadados e Qualidade de Dados Mestres sob uma ótica técnica e conceitual. Focado em nível básico, aborda trade-offs arquiteturais, vantagens competitivas, padrões recomendados e diretrizes fundamentais para especialistas que atuam em Segurança & Governança.",Prof. Lucas Fernandes Prado
28,Solucionando Desafios do Dia a Dia em Análise Exploratória de Dados com Pandas,Vídeo,Ciência de Dados,Básico,36,2025-07-12,"Vídeo prático e objetivo apresentando a aplicação de Análise Exploratória de Dados com Pandas. Em formato hands-on com nível básico, o conteúdo demonstra resolução de problemas reais, passo a passo detalhado e dicas essenciais de implementação para acelerar seu domínio em Ciência de Dados.",Eng. Felipe Siqueira Castro
29,Construindo Aplicações Robustas com Infraestrutura como Código com Terraform,Curso,DevOps & Cloud,Intermediário,1410,2025-07-05,"Neste curso aprofundado, você aprenderá de forma estruturada sobre Infraestrutura como Código com Terraform. O treinamento abrange tópicos de nível intermediário, exercícios práticos e construção de projetos completos. Indicado para profissionais que desejam dominar ferramentas modernas e padrões consolidados em DevOps & Cloud.",Profa. Beatriz Helena Nogueira
30,Masterclass de Monitoramento de Performance e Acompanhamento de Metas para Projetos Reais,Curso,Business Intelligence,Avançado,2407,2025-07-30,"Neste curso aprofundado, você aprenderá de forma estruturada sobre Monitoramento de Performance e Acompanhamento de Metas. O treinamento abrange tópicos de nível avançado, exercícios práticos e construção de projetos completos. Indicado para profissionais que desejam dominar ferramentas modernas e padrões consolidados em Business Intelligence.",Eng. Patrícia Moreira Viana
31,Solucionando Desafios do Dia a Dia em Visão Computacional e Processamento de Imagens,Vídeo,Inteligência Artificial,Básico,16,2025-12-01,"Vídeo prático e objetivo apresentando a aplicação de Visão Computacional e Processamento de Imagens. Em formato hands-on com nível básico, o conteúdo demonstra resolução de problemas reais, passo a passo detalhado e dicas essenciais de implementação para acelerar seu domínio em Inteligência Artificial.",Dra. Camila Guimarães Rocha
32,Como Obter Alta Performance Utilizando Armazenamento de Documentos com MongoDB,Artigo,Banco de Dados,Avançado,23,2026-05-07,"Artigo técnico detalhado que explora Armazenamento de Documentos com MongoDB sob uma ótica técnica e conceitual. Focado em nível avançado, aborda trade-offs arquiteturais, vantagens competitivas, padrões recomendados e diretrizes fundamentais para especialistas que atuam em Banco de Dados.",Eng. Rodrigo Alves Mendonça
33,Como Obter Alta Performance Utilizando Infraestrutura como Código com Terraform,Artigo,DevOps & Cloud,Intermediário,5,2025-02-25,"Artigo técnico detalhado que explora Infraestrutura como Código com Terraform sob uma ótica técnica e conceitual. Focado em nível intermediário, aborda trade-offs arquiteturais, vantagens competitivas, padrões recomendados e diretrizes fundamentais para especialistas que atuam em DevOps & Cloud.",Eng. Patrícia Moreira Viana
34,Tech Talk Ep. 6: Melhores Práticas em Pipelines de Ingestão Batch e Streaming,Podcast,Engenharia de Dados,Básico,64,2024-05-05,"Episódio enriquecedor com debates aprofundados sobre Pipelines de Ingestão Batch e Streaming. Nesta gravação para o público de nível básico, especialistas compartilham experiências práticas, desafios reais do mercado e reflexões sobre impactos estratégicos e técnicos em Engenharia de Dados.",Prof. Lucas Fernandes Prado
35,Análise Comparativa e Padrões Recomendados em Automação de Servidores Linux e Acesso SSH,Artigo,DevOps & Cloud,Avançado,17,2024-11-19,"Artigo técnico detalhado que explora Automação de Servidores Linux e Acesso SSH sob uma ótica técnica e conceitual. Focado em nível avançado, aborda trade-offs arquiteturais, vantagens competitivas, padrões recomendados e diretrizes fundamentais para especialistas que atuam em DevOps & Cloud.",Dr. Fernando Zanin Pacheco
36,Como Implementar Auditoria e Monitoramento de Logs de Acesso Passo a Passo,Vídeo,Segurança & Governança,Avançado,109,2025-11-28,"Vídeo prático e objetivo apresentando a aplicação de Auditoria e Monitoramento de Logs de Acesso. Em formato hands-on com nível avançado, o conteúdo demonstra resolução de problemas reais, passo a passo detalhado e dicas essenciais de implementação para acelerar seu domínio em Segurança & Governança.",Eng. Patrícia Moreira Viana
37,Arquitetura & Código Ep. 7: Inovações em Filtros Interativos e Exploração Granular em BI,Podcast,Business Intelligence,Básico,61,2025-12-12,"Episódio enriquecedor com debates aprofundados sobre Filtros Interativos e Exploração Granular em BI. Nesta gravação para o público de nível básico, especialistas compartilham experiências práticas, desafios reais do mercado e reflexões sobre impactos estratégicos e técnicos em Business Intelligence.",Dra. Juliana Martins Fontes
38,Como Obter Alta Performance Utilizando Visão Computacional e Processamento de Imagens,Artigo,Inteligência Artificial,Intermediário,5,2025-07-09,"Artigo técnico detalhado que explora Visão Computacional e Processamento de Imagens sob uma ótica técnica e conceitual. Focado em nível intermediário, aborda trade-offs arquiteturais, vantagens competitivas, padrões recomendados e diretrizes fundamentais para especialistas que atuam em Inteligência Artificial.",Dra. Juliana Martins Fontes
39,Melhores Práticas e Arquitetura de Processamento Distribuído com Apache Spark,Vídeo,Engenharia de Dados,Básico,17,2024-02-08,"Vídeo prático e objetivo apresentando a aplicação de Processamento Distribuído com Apache Spark. Em formato hands-on com nível básico, o conteúdo demonstra resolução de problemas reais, passo a passo detalhado e dicas essenciais de implementação para acelerar seu domínio em Engenharia de Dados.",Dra. Mariana Vasconcelos
40,Análise Comparativa e Padrões Recomendados em Dashboards Estratégicos no Apache Superset,Artigo,Business Intelligence,Intermediário,16,2025-03-01,"Artigo técnico detalhado que explora Dashboards Estratégicos no Apache Superset sob uma ótica técnica e conceitual. Focado em nível intermediário, aborda trade-offs arquiteturais, vantagens competitivas, padrões recomendados e diretrizes fundamentais para especialistas que atuam em Business Intelligence.",Profa. Larissa Duarte Toledo
41,Tech Talk Ep. 33: Melhores Práticas em Clusterização e Segmentação de Perfis,Podcast,Ciência de Dados,Avançado,48,2025-07-09,"Episódio enriquecedor com debates aprofundados sobre Clusterização e Segmentação de Perfis. Nesta gravação para o público de nível avançado, especialistas compartilham experiências práticas, desafios reais do mercado e reflexões sobre impactos estratégicos e técnicos em Ciência de Dados.",Prof. Elmo Batista de Faria
42,Papo de Dados Ep. 5: Desvendando Visualizações com Big Numbers e Gráficos Eficazes,Podcast,Business Intelligence,Básico,60,2025-07-08,"Episódio enriquecedor com debates aprofundados sobre Visualizações com Big Numbers e Gráficos Eficazes. Nesta gravação para o público de nível básico, especialistas compartilham experiências práticas, desafios reais do mercado e reflexões sobre impactos estratégicos e técnicos em Business Intelligence.",Prof. Diego Henrique Barros
43,Deep Dive Ep. 23: Casos de Sucesso em Filtros Interativos e Exploração Granular em BI,Podcast,Business Intelligence,Básico,47,2025-07-20,"Episódio enriquecedor com debates aprofundados sobre Filtros Interativos e Exploração Granular em BI. Nesta gravação para o público de nível básico, especialistas compartilham experiências práticas, desafios reais do mercado e reflexões sobre impactos estratégicos e técnicos em Business Intelligence.",Dra. Camila Guimarães Rocha
44,Como Obter Alta Performance Utilizando Segurança de Redes e Controle de Acesso,Artigo,DevOps & Cloud,Avançado,26,2026-05-10,"Artigo técnico detalhado que explora Segurança de Redes e Controle de Acesso sob uma ótica técnica e conceitual. Focado em nível avançado, aborda trade-offs arquiteturais, vantagens competitivas, padrões recomendados e diretrizes fundamentais para especialistas que atuam em DevOps & Cloud.",Prof. Elmo Batista de Faria
45,Melhores Práticas e Arquitetura de Adequação à LGPD e Proteção de Dados Pessoais,Vídeo,Segurança & Governança,Básico,35,2025-12-25,"Vídeo prático e objetivo apresentando a aplicação de Adequação à LGPD e Proteção de Dados Pessoais. Em formato hands-on com nível básico, o conteúdo demonstra resolução de problemas reais, passo a passo detalhado e dicas essenciais de implementação para acelerar seu domínio em Segurança & Governança.",Eng. Thiago Pinheiro Borges
46,Análise Prática e Demonstração de Filtros Interativos e Exploração Granular em BI,Vídeo,Business Intelligence,Básico,39,2025-10-14,"Vídeo prático e objetivo apresentando a aplicação de Filtros Interativos e Exploração Granular em BI. Em formato hands-on com nível básico, o conteúdo demonstra resolução de problemas reais, passo a passo detalhado e dicas essenciais de implementação para acelerar seu domínio em Business Intelligence.",Eng. Vanessa Cristina Ramos
47,Arquitetura & Código Ep. 40: Inovações em Modelagem e Agregações Analíticas no SQL Lab,Podcast,Business Intelligence,Básico,87,2024-01-06,"Episódio enriquecedor com debates aprofundados sobre Modelagem e Agregações Analíticas no SQL Lab. Nesta gravação para o público de nível básico, especialistas compartilham experiências práticas, desafios reais do mercado e reflexões sobre impactos estratégicos e técnicos em Business Intelligence.",Eng. Thiago Pinheiro Borges
48,Data Insights Ep. 96: Experiências Reais com Orquestração de Workflows com Apache Airflow,Podcast,Engenharia de Dados,Básico,58,2024-05-21,"Episódio enriquecedor com debates aprofundados sobre Orquestração de Workflows com Apache Airflow. Nesta gravação para o público de nível básico, especialistas compartilham experiências práticas, desafios reais do mercado e reflexões sobre impactos estratégicos e técnicos em Engenharia de Dados.",Prof. Lucas Fernandes Prado
49,Construindo Aplicações Robustas com Experimentação e Testes A/B Orientados a Dados,Curso,Ciência de Dados,Intermediário,1002,2025-01-24,"Neste curso aprofundado, você aprenderá de forma estruturada sobre Experimentação e Testes A/B Orientados a Dados. O treinamento abrange tópicos de nível intermediário, exercícios práticos e construção de projetos completos. Indicado para profissionais que desejam dominar ferramentas modernas e padrões consolidados em Ciência de Dados.",Eng. Bruno César Pires
50,Solucionando Desafios do Dia a Dia em Arquitetura RAG e Recuperação Semântica,Vídeo,Inteligência Artificial,Básico,45,2024-09-24,"Vídeo prático e objetivo apresentando a aplicação de Arquitetura RAG e Recuperação Semântica. Em formato hands-on com nível básico, o conteúdo demonstra resolução de problemas reais, passo a passo detalhado e dicas essenciais de implementação para acelerar seu domínio em Inteligência Artificial.",Prof. Gabriel Santana Ribeiro
51,Formação Prática em Estatística Descritiva e Inferencial para Decisão: Fundamentos e Aplicação,Curso,Ciência de Dados,Intermediário,892,2024-12-31,"Neste curso aprofundado, você aprenderá de forma estruturada sobre Estatística Descritiva e Inferencial para Decisão. O treinamento abrange tópicos de nível intermediário, exercícios práticos e construção de projetos completos. Indicado para profissionais que desejam dominar ferramentas modernas e padrões consolidados em Ciência de Dados.",Dra. Mariana Vasconcelos
52,Arquitetura & Código Ep. 109: Inovações em Análise Exploratória de Dados com Pandas,Podcast,Ciência de Dados,Avançado,70,2026-04-11,"Episódio enriquecedor com debates aprofundados sobre Análise Exploratória de Dados com Pandas. Nesta gravação para o público de nível avançado, especialistas compartilham experiências práticas, desafios reais do mercado e reflexões sobre impactos estratégicos e técnicos em Ciência de Dados.",Eng. Bruno César Pires
53,Melhores Práticas e Arquitetura de Orquestração de Workflows com Apache Airflow,Vídeo,Engenharia de Dados,Intermediário,40,2024-01-30,"Vídeo prático e objetivo apresentando a aplicação de Orquestração de Workflows com Apache Airflow. Em formato hands-on com nível intermediário, o conteúdo demonstra resolução de problemas reais, passo a passo detalhado e dicas essenciais de implementação para acelerar seu domínio em Engenharia de Dados.",Prof. Lucas Fernandes Prado
54,Formação Prática em Orquestração de Microsserviços com Kubernetes: Fundamentos e Aplicação,Curso,DevOps & Cloud,Intermediário,1144,2024-06-06,"Neste curso aprofundado, você aprenderá de forma estruturada sobre Orquestração de Microsserviços com Kubernetes. O treinamento abrange tópicos de nível intermediário, exercícios práticos e construção de projetos completos. Indicado para profissionais que desejam dominar ferramentas modernas e padrões consolidados em DevOps & Cloud.",Dr. Fernando Zanin Pacheco
55,Solucionando Desafios do Dia a Dia em Armazenamento de Documentos com MongoDB,Vídeo,Banco de Dados,Intermediário,34,2025-01-25,"Vídeo prático e objetivo apresentando a aplicação de Armazenamento de Documentos com MongoDB. Em formato hands-on com nível intermediário, o conteúdo demonstra resolução de problemas reais, passo a passo detalhado e dicas essenciais de implementação para acelerar seu domínio em Banco de Dados.",Eng. Patrícia Moreira Viana
56,Estudo Técnico e Decisões de Arquitetura em Processamento de Linguagem Natural (PLN),Artigo,Inteligência Artificial,Intermediário,22,2025-06-15,"Artigo técnico detalhado que explora Processamento de Linguagem Natural (PLN) sob uma ótica técnica e conceitual. Focado em nível intermediário, aborda trade-offs arquiteturais, vantagens competitivas, padrões recomendados e diretrizes fundamentais para especialistas que atuam em Inteligência Artificial.",Dr. André Luiz Carvalho
57,Guia Definitivo e Boas Práticas sobre Governança de Dados para Aplicações de IA,Artigo,Segurança & Governança,Intermediário,29,2024-03-30,"Artigo técnico detalhado que explora Governança de Dados para Aplicações de IA sob uma ótica técnica e conceitual. Focado em nível intermediário, aborda trade-offs arquiteturais, vantagens competitivas, padrões recomendados e diretrizes fundamentais para especialistas que atuam em Segurança & Governança.",Prof. Diego Henrique Barros
58,Como Obter Alta Performance Utilizando Modelagem e Agregações Analíticas no SQL Lab,Artigo,Business Intelligence,Básico,21,2025-07-29,"Artigo técnico detalhado que explora Modelagem e Agregações Analíticas no SQL Lab sob uma ótica técnica e conceitual. Focado em nível básico, aborda trade-offs arquiteturais, vantagens competitivas, padrões recomendados e diretrizes fundamentais para especialistas que atuam em Business Intelligence.",Dra. Juliana Martins Fontes
59,Princípios Essenciais e Arquitetura de Auditoria e Monitoramento de Logs de Acesso,Artigo,Segurança & Governança,Intermediário,30,2025-04-19,"Artigo técnico detalhado que explora Auditoria e Monitoramento de Logs de Acesso sob uma ótica técnica e conceitual. Focado em nível intermediário, aborda trade-offs arquiteturais, vantagens competitivas, padrões recomendados e diretrizes fundamentais para especialistas que atuam em Segurança & Governança.",Dr. André Luiz Carvalho
60,Estudo Técnico e Decisões de Arquitetura em Ambientes Reprodutíveis para Aplicações de Dados,Artigo,DevOps & Cloud,Avançado,9,2025-03-28,"Artigo técnico detalhado que explora Ambientes Reprodutíveis para Aplicações de Dados sob uma ótica técnica e conceitual. Focado em nível avançado, aborda trade-offs arquiteturais, vantagens competitivas, padrões recomendados e diretrizes fundamentais para especialistas que atuam em DevOps & Cloud.",Profa. Carla Antunes Silveira
61,Como Implementar Testes Automatizados e TDD com Pytest Passo a Passo,Vídeo,Programação & Software,Intermediário,47,2026-05-11,"Vídeo prático e objetivo apresentando a aplicação de Testes Automatizados e TDD com Pytest. Em formato hands-on com nível intermediário, o conteúdo demonstra resolução de problemas reais, passo a passo detalhado e dicas essenciais de implementação para acelerar seu domínio em Programação & Software.",Eng. Vanessa Cristina Ramos
62,Como Obter Alta Performance Utilizando Integração Híbrida PostgreSQL e NoSQL MongoDB,Artigo,Banco de Dados,Avançado,15,2024-05-26,"Artigo técnico detalhado que explora Integração Híbrida PostgreSQL e NoSQL MongoDB sob uma ótica técnica e conceitual. Focado em nível avançado, aborda trade-offs arquiteturais, vantagens competitivas, padrões recomendados e diretrizes fundamentais para especialistas que atuam em Banco de Dados.",Eng. Bruno César Pires
63,Especialização em Storytelling com Dados para Apresentações Executivas com Projetos Práticos,Curso,Business Intelligence,Avançado,2836,2024-01-23,"Neste curso aprofundado, você aprenderá de forma estruturada sobre Storytelling com Dados para Apresentações Executivas. O treinamento abrange tópicos de nível avançado, exercícios práticos e construção de projetos completos. Indicado para profissionais que desejam dominar ferramentas modernas e padrões consolidados em Business Intelligence.",Eng. Bruno César Pires
64,Estudo Técnico e Decisões de Arquitetura em Tipagem Estática e Boas Práticas com Mypy,Artigo,Programação & Software,Básico,21,2024-08-02,"Artigo técnico detalhado que explora Tipagem Estática e Boas Práticas com Mypy sob uma ótica técnica e conceitual. Focado em nível básico, aborda trade-offs arquiteturais, vantagens competitivas, padrões recomendados e diretrizes fundamentais para especialistas que atuam em Programação & Software.",Dr. Marcelo Silveira Neves
65,Princípios Essenciais e Arquitetura de Conteinerização com Docker e Docker Compose,Artigo,DevOps & Cloud,Intermediário,13,2025-07-26,"Artigo técnico detalhado que explora Conteinerização com Docker e Docker Compose sob uma ótica técnica e conceitual. Focado em nível intermediário, aborda trade-offs arquiteturais, vantagens competitivas, padrões recomendados e diretrizes fundamentais para especialistas que atuam em DevOps & Cloud.",Eng. Patrícia Moreira Viana
66,Melhores Práticas e Arquitetura de Escalabilidade e Gestão de Custos em Cloud,Vídeo,DevOps & Cloud,Avançado,105,2026-05-21,"Vídeo prático e objetivo apresentando a aplicação de Escalabilidade e Gestão de Custos em Cloud. Em formato hands-on com nível avançado, o conteúdo demonstra resolução de problemas reais, passo a passo detalhado e dicas essenciais de implementação para acelerar seu domínio em DevOps & Cloud.",Prof. Diego Henrique Barros
67,Guia Definitivo e Boas Práticas sobre Pipelines de Ingestão Batch e Streaming,Artigo,Engenharia de Dados,Básico,15,2024-01-19,"Artigo técnico detalhado que explora Pipelines de Ingestão Batch e Streaming sob uma ótica técnica e conceitual. Focado em nível básico, aborda trade-offs arquiteturais, vantagens competitivas, padrões recomendados e diretrizes fundamentais para especialistas que atuam em Engenharia de Dados.",Profa. Beatriz Helena Nogueira
68,Data Insights Ep. 21: Experiências Reais com Governança e Padronização de Painéis de Indicadores,Podcast,Business Intelligence,Avançado,49,2025-07-05,"Episódio enriquecedor com debates aprofundados sobre Governança e Padronização de Painéis de Indicadores. Nesta gravação para o público de nível avançado, especialistas compartilham experiências práticas, desafios reais do mercado e reflexões sobre impactos estratégicos e técnicos em Business Intelligence.",Prof. Elmo Batista de Faria
69,Especialização em Transações ACID e Controle de Concorrência com Projetos Práticos,Curso,Banco de Dados,Básico,354,2025-12-23,"Neste curso aprofundado, você aprenderá de forma estruturada sobre Transações ACID e Controle de Concorrência. O treinamento abrange tópicos de nível básico, exercícios práticos e construção de projetos completos. Indicado para profissionais que desejam dominar ferramentas modernas e padrões consolidados em Banco de Dados.",Prof. Gabriel Santana Ribeiro
70,Construindo Aplicações Robustas com Integração de Conectores com SQLAlchemy e Psycopg3,Curso,Programação & Software,Avançado,1745,2024-04-20,"Neste curso aprofundado, você aprenderá de forma estruturada sobre Integração de Conectores com SQLAlchemy e Psycopg3. O treinamento abrange tópicos de nível avançado, exercícios práticos e construção de projetos completos. Indicado para profissionais que desejam dominar ferramentas modernas e padrões consolidados em Programação & Software.",Prof. Elmo Batista de Faria
71,"Análise Comparativa e Padrões Recomendados em Python Avançado: POO, Decorators e Geradores",Artigo,Programação & Software,Básico,12,2025-04-27,"Artigo técnico detalhado que explora Python Avançado: POO, Decorators e Geradores sob uma ótica técnica e conceitual. Focado em nível básico, aborda trade-offs arquiteturais, vantagens competitivas, padrões recomendados e diretrizes fundamentais para especialistas que atuam em Programação & Software.",Dra. Juliana Martins Fontes
72,Estudo Técnico e Decisões de Arquitetura em Gerenciamento de Ambientes e Segredos em Nuvem,Artigo,DevOps & Cloud,Avançado,20,2026-06-23,"Artigo técnico detalhado que explora Gerenciamento de Ambientes e Segredos em Nuvem sob uma ótica técnica e conceitual. Focado em nível avançado, aborda trade-offs arquiteturais, vantagens competitivas, padrões recomendados e diretrizes fundamentais para especialistas que atuam em DevOps & Cloud.",Dra. Juliana Martins Fontes
73,Guia Definitivo e Boas Práticas sobre Práticas de DataOps e Qualidade de Dados,Artigo,Engenharia de Dados,Básico,30,2025-01-09,"Artigo técnico detalhado que explora Práticas de DataOps e Qualidade de Dados sob uma ótica técnica e conceitual. Focado em nível básico, aborda trade-offs arquiteturais, vantagens competitivas, padrões recomendados e diretrizes fundamentais para especialistas que atuam em Engenharia de Dados.",Eng. Patrícia Moreira Viana
74,Deep Dive Ep. 103: Casos de Sucesso em Métricas de Avaliação de Modelos Preditivos,Podcast,Ciência de Dados,Intermediário,63,2024-08-11,"Episódio enriquecedor com debates aprofundados sobre Métricas de Avaliação de Modelos Preditivos. Nesta gravação para o público de nível intermediário, especialistas compartilham experiências práticas, desafios reais do mercado e reflexões sobre impactos estratégicos e técnicos em Ciência de Dados.",Profa. Carla Antunes Silveira
75,Construindo Aplicações Robustas com APIs RESTful de Alta Performance com FastAPI,Curso,Programação & Software,Avançado,2423,2025-05-09,"Neste curso aprofundado, você aprenderá de forma estruturada sobre APIs RESTful de Alta Performance com FastAPI. O treinamento abrange tópicos de nível avançado, exercícios práticos e construção de projetos completos. Indicado para profissionais que desejam dominar ferramentas modernas e padrões consolidados em Programação & Software.",Dr. Fernando Zanin Pacheco
76,Formação Prática em Automação de Servidores Linux e Acesso SSH: Fundamentos e Aplicação,Curso,DevOps & Cloud,Intermediário,785,2024-03-20,"Neste curso aprofundado, você aprenderá de forma estruturada sobre Automação de Servidores Linux e Acesso SSH. O treinamento abrange tópicos de nível intermediário, exercícios práticos e construção de projetos completos. Indicado para profissionais que desejam dominar ferramentas modernas e padrões consolidados em DevOps & Cloud.",Eng. Bruno César Pires
77,Solucionando Desafios do Dia a Dia em Monitoramento de Performance e Acompanhamento de Metas,Vídeo,Business Intelligence,Avançado,72,2024-01-30,"Vídeo prático e objetivo apresentando a aplicação de Monitoramento de Performance e Acompanhamento de Metas. Em formato hands-on com nível avançado, o conteúdo demonstra resolução de problemas reais, passo a passo detalhado e dicas essenciais de implementação para acelerar seu domínio em Business Intelligence.",Eng. Vanessa Cristina Ramos
78,Melhores Práticas e Arquitetura de Clusterização e Segmentação de Perfis,Vídeo,Ciência de Dados,Avançado,110,2024-08-04,"Vídeo prático e objetivo apresentando a aplicação de Clusterização e Segmentação de Perfis. Em formato hands-on com nível avançado, o conteúdo demonstra resolução de problemas reais, passo a passo detalhado e dicas essenciais de implementação para acelerar seu domínio em Ciência de Dados.",Eng. Patrícia Moreira Viana
79,Data Insights Ep. 94: Experiências Reais com Integração Híbrida PostgreSQL e NoSQL MongoDB,Podcast,Banco de Dados,Avançado,75,2025-06-29,"Episódio enriquecedor com debates aprofundados sobre Integração Híbrida PostgreSQL e NoSQL MongoDB. Nesta gravação para o público de nível avançado, especialistas compartilham experiências práticas, desafios reais do mercado e reflexões sobre impactos estratégicos e técnicos em Banco de Dados.",Dr. Fernando Zanin Pacheco
80,Guia Rápido e Hands-on: Estratégias de Indexação e Performance de Bancos,Vídeo,Banco de Dados,Avançado,61,2026-03-27,"Vídeo prático e objetivo apresentando a aplicação de Estratégias de Indexação e Performance de Bancos. Em formato hands-on com nível avançado, o conteúdo demonstra resolução de problemas reais, passo a passo detalhado e dicas essenciais de implementação para acelerar seu domínio em Banco de Dados.",Profa. Carla Antunes Silveira
81,Masterclass de Data Lakehouse e Armazenamento Delta Lake para Projetos Reais,Curso,Engenharia de Dados,Intermediário,873,2025-07-07,"Neste curso aprofundado, você aprenderá de forma estruturada sobre Data Lakehouse e Armazenamento Delta Lake. O treinamento abrange tópicos de nível intermediário, exercícios práticos e construção de projetos completos. Indicado para profissionais que desejam dominar ferramentas modernas e padrões consolidados em Engenharia de Dados.",Eng. Thiago Pinheiro Borges
82,Como Implementar Catálogo de Dados Corporativo e Glossário Passo a Passo,Vídeo,Segurança & Governança,Básico,19,2025-02-27,"Vídeo prático e objetivo apresentando a aplicação de Catálogo de Dados Corporativo e Glossário. Em formato hands-on com nível básico, o conteúdo demonstra resolução de problemas reais, passo a passo detalhado e dicas essenciais de implementação para acelerar seu domínio em Segurança & Governança.",Dr. Fernando Zanin Pacheco
83,Deep Dive Ep. 94: Casos de Sucesso em Data Lakehouse e Armazenamento Delta Lake,Podcast,Engenharia de Dados,Básico,36,2025-04-21,"Episódio enriquecedor com debates aprofundados sobre Data Lakehouse e Armazenamento Delta Lake. Nesta gravação para o público de nível básico, especialistas compartilham experiências práticas, desafios reais do mercado e reflexões sobre impactos estratégicos e técnicos em Engenharia de Dados.",Dr. Marcelo Silveira Neves
84,Melhores Práticas e Arquitetura de Infraestrutura como Código com Terraform,Vídeo,DevOps & Cloud,Avançado,105,2024-01-08,"Vídeo prático e objetivo apresentando a aplicação de Infraestrutura como Código com Terraform. Em formato hands-on com nível avançado, o conteúdo demonstra resolução de problemas reais, passo a passo detalhado e dicas essenciais de implementação para acelerar seu domínio em DevOps & Cloud.",Dra. Camila Guimarães Rocha
85,Formação Prática em Escalabilidade e Gestão de Custos em Cloud: Fundamentos e Aplicação,Curso,DevOps & Cloud,Avançado,1315,2024-06-16,"Neste curso aprofundado, você aprenderá de forma estruturada sobre Escalabilidade e Gestão de Custos em Cloud. O treinamento abrange tópicos de nível avançado, exercícios práticos e construção de projetos completos. Indicado para profissionais que desejam dominar ferramentas modernas e padrões consolidados em DevOps & Cloud.",Dra. Renata Figueiredo Melo
86,Solucionando Desafios do Dia a Dia em Sistemas de Recomendação por Similaridade,Vídeo,Inteligência Artificial,Avançado,66,2024-09-03,"Vídeo prático e objetivo apresentando a aplicação de Sistemas de Recomendação por Similaridade. Em formato hands-on com nível avançado, o conteúdo demonstra resolução de problemas reais, passo a passo detalhado e dicas essenciais de implementação para acelerar seu domínio em Inteligência Artificial.",Dr. André Luiz Carvalho
87,Deep Dive Ep. 109: Casos de Sucesso em Métricas de Avaliação de Modelos Preditivos,Podcast,Ciência de Dados,Básico,79,2025-04-15,"Episódio enriquecedor com debates aprofundados sobre Métricas de Avaliação de Modelos Preditivos. Nesta gravação para o público de nível básico, especialistas compartilham experiências práticas, desafios reais do mercado e reflexões sobre impactos estratégicos e técnicos em Ciência de Dados.",Eng. Thiago Pinheiro Borges
88,Melhores Práticas e Arquitetura de Design de Dashboards e Eliminação de Chartjunk,Vídeo,Business Intelligence,Avançado,56,2026-06-18,"Vídeo prático e objetivo apresentando a aplicação de Design de Dashboards e Eliminação de Chartjunk. Em formato hands-on com nível avançado, o conteúdo demonstra resolução de problemas reais, passo a passo detalhado e dicas essenciais de implementação para acelerar seu domínio em Business Intelligence.",Profa. Beatriz Helena Nogueira
89,Melhores Práticas e Arquitetura de Arquitetura RAG e Recuperação Semântica,Vídeo,Inteligência Artificial,Intermediário,37,2024-06-25,"Vídeo prático e objetivo apresentando a aplicação de Arquitetura RAG e Recuperação Semântica. Em formato hands-on com nível intermediário, o conteúdo demonstra resolução de problemas reais, passo a passo detalhado e dicas essenciais de implementação para acelerar seu domínio em Inteligência Artificial.",Profa. Beatriz Helena Nogueira
90,Deep Dive Ep. 38: Casos de Sucesso em Clusterização e Segmentação de Perfis,Podcast,Ciência de Dados,Básico,59,2024-10-21,"Episódio enriquecedor com debates aprofundados sobre Clusterização e Segmentação de Perfis. Nesta gravação para o público de nível básico, especialistas compartilham experiências práticas, desafios reais do mercado e reflexões sobre impactos estratégicos e técnicos em Ciência de Dados.",Eng. Thiago Pinheiro Borges
91,Arquitetura & Código Ep. 70: Inovações em Práticas de DataOps e Qualidade de Dados,Podcast,Engenharia de Dados,Avançado,70,2025-05-14,"Episódio enriquecedor com debates aprofundados sobre Práticas de DataOps e Qualidade de Dados. Nesta gravação para o público de nível avançado, especialistas compartilham experiências práticas, desafios reais do mercado e reflexões sobre impactos estratégicos e técnicos em Engenharia de Dados.",Dra. Mariana Vasconcelos
92,Formação Prática em Integração Híbrida PostgreSQL e NoSQL MongoDB: Fundamentos e Aplicação,Curso,Banco de Dados,Básico,566,2025-09-15,"Neste curso aprofundado, você aprenderá de forma estruturada sobre Integração Híbrida PostgreSQL e NoSQL MongoDB. O treinamento abrange tópicos de nível básico, exercícios práticos e construção de projetos completos. Indicado para profissionais que desejam dominar ferramentas modernas e padrões consolidados em Banco de Dados.",Profa. Carla Antunes Silveira
93,Curso Completo de Monitoramento com Prometheus e Grafana: Da Teoria à Prática,Curso,DevOps & Cloud,Avançado,3119,2024-12-20,"Neste curso aprofundado, você aprenderá de forma estruturada sobre Monitoramento com Prometheus e Grafana. O treinamento abrange tópicos de nível avançado, exercícios práticos e construção de projetos completos. Indicado para profissionais que desejam dominar ferramentas modernas e padrões consolidados em DevOps & Cloud.",Eng. Bruno César Pires
94,Curso Completo de Storytelling com Dados para Apresentações Executivas: Da Teoria à Prática,Curso,Business Intelligence,Básico,251,2025-06-24,"Neste curso aprofundado, você aprenderá de forma estruturada sobre Storytelling com Dados para Apresentações Executivas. O treinamento abrange tópicos de nível básico, exercícios práticos e construção de projetos completos. Indicado para profissionais que desejam dominar ferramentas modernas e padrões consolidados em Business Intelligence.",Eng. Vanessa Cristina Ramos
95,Construindo Aplicações Robustas com Refatoração de Código e Padrões PEP 8,Curso,Programação & Software,Intermediário,1153,2024-01-23,"Neste curso aprofundado, você aprenderá de forma estruturada sobre Refatoração de Código e Padrões PEP 8. O treinamento abrange tópicos de nível intermediário, exercícios práticos e construção de projetos completos. Indicado para profissionais que desejam dominar ferramentas modernas e padrões consolidados em Programação & Software.",Dra. Mariana Vasconcelos
96,Estudo Técnico e Decisões de Arquitetura em Modelagem Relacional Avançada no PostgreSQL,Artigo,Banco de Dados,Básico,10,2025-07-01,"Artigo técnico detalhado que explora Modelagem Relacional Avançada no PostgreSQL sob uma ótica técnica e conceitual. Focado em nível básico, aborda trade-offs arquiteturais, vantagens competitivas, padrões recomendados e diretrizes fundamentais para especialistas que atuam em Banco de Dados.",Eng. Patrícia Moreira Viana
97,Construindo Aplicações Robustas com Processamento Distribuído com Apache Spark,Curso,Engenharia de Dados,Avançado,2571,2026-01-04,"Neste curso aprofundado, você aprenderá de forma estruturada sobre Processamento Distribuído com Apache Spark. O treinamento abrange tópicos de nível avançado, exercícios práticos e construção de projetos completos. Indicado para profissionais que desejam dominar ferramentas modernas e padrões consolidados em Engenharia de Dados.",Dra. Mariana Vasconcelos
98,Estudo Técnico e Decisões de Arquitetura em Linhagem de Dados e Rastreabilidade de Origem,Artigo,Segurança & Governança,Intermediário,17,2024-09-01,"Artigo técnico detalhado que explora Linhagem de Dados e Rastreabilidade de Origem sob uma ótica técnica e conceitual. Focado em nível intermediário, aborda trade-offs arquiteturais, vantagens competitivas, padrões recomendados e diretrizes fundamentais para especialistas que atuam em Segurança & Governança.",Dra. Renata Figueiredo Melo
99,"Princípios Essenciais e Arquitetura de Python Avançado: POO, Decorators e Geradores",Artigo,Programação & Software,Intermediário,19,2024-07-12,"Artigo técnico detalhado que explora Python Avançado: POO, Decorators e Geradores sob uma ótica técnica e conceitual. Focado em nível intermediário, aborda trade-offs arquiteturais, vantagens competitivas, padrões recomendados e diretrizes fundamentais para especialistas que atuam em Programação & Software.",Prof. Lucas Fernandes Prado
100,Papo de Dados Ep. 128: Desvendando Padrões de Projeto para Engenharia de Software,Podcast,Programação & Software,Avançado,52,2025-01-28,"Episódio enriquecedor com debates aprofundados sobre Padrões de Projeto para Engenharia de Software. Nesta gravação para o público de nível avançado, especialistas compartilham experiências práticas, desafios reais do mercado e reflexões sobre impactos estratégicos e técnicos em Programação & Software.",Dra. Camila Guimarães Rocha
101,Deep Dive Ep. 81: Casos de Sucesso em Consultas e Índices GIN com JSONB no PostgreSQL,Podcast,Banco de Dados,Básico,59,2026-02-24,"Episódio enriquecedor com debates aprofundados sobre Consultas e Índices GIN com JSONB no PostgreSQL. Nesta gravação para o público de nível básico, especialistas compartilham experiências práticas, desafios reais do mercado e reflexões sobre impactos estratégicos e técnicos em Banco de Dados.",Dr. Marcelo Silveira Neves
102,Masterclass de Escalabilidade e Gestão de Custos em Cloud para Projetos Reais,Curso,DevOps & Cloud,Avançado,1700,2025-07-30,"Neste curso aprofundado, você aprenderá de forma estruturada sobre Escalabilidade e Gestão de Custos em Cloud. O treinamento abrange tópicos de nível avançado, exercícios práticos e construção de projetos completos. Indicado para profissionais que desejam dominar ferramentas modernas e padrões consolidados em DevOps & Cloud.",Eng. Thiago Pinheiro Borges
103,Solucionando Desafios do Dia a Dia em Fine-Tuning de Modelos Fundacionais,Vídeo,Inteligência Artificial,Básico,17,2026-03-31,"Vídeo prático e objetivo apresentando a aplicação de Fine-Tuning de Modelos Fundacionais. Em formato hands-on com nível básico, o conteúdo demonstra resolução de problemas reais, passo a passo detalhado e dicas essenciais de implementação para acelerar seu domínio em Inteligência Artificial.",Prof. Lucas Fernandes Prado
104,"Tech Talk Ep. 14: Melhores Práticas em Python Avançado: POO, Decorators e Geradores",Podcast,Programação & Software,Básico,58,2026-02-08,"Episódio enriquecedor com debates aprofundados sobre Python Avançado: POO, Decorators e Geradores. Nesta gravação para o público de nível básico, especialistas compartilham experiências práticas, desafios reais do mercado e reflexões sobre impactos estratégicos e técnicos em Programação & Software.",Eng. Felipe Siqueira Castro
105,Princípios Essenciais e Arquitetura de Orquestração de Microsserviços com Kubernetes,Artigo,DevOps & Cloud,Intermediário,11,2025-12-24,"Artigo técnico detalhado que explora Orquestração de Microsserviços com Kubernetes sob uma ótica técnica e conceitual. Focado em nível intermediário, aborda trade-offs arquiteturais, vantagens competitivas, padrões recomendados e diretrizes fundamentais para especialistas que atuam em DevOps & Cloud.",Eng. Bruno César Pires
106,Curso Completo de Prevenção contra Vazamentos e Segurança em APIs: Da Teoria à Prática,Curso,Segurança & Governança,Avançado,3112,2026-05-11,"Neste curso aprofundado, você aprenderá de forma estruturada sobre Prevenção contra Vazamentos e Segurança em APIs. O treinamento abrange tópicos de nível avançado, exercícios práticos e construção de projetos completos. Indicado para profissionais que desejam dominar ferramentas modernas e padrões consolidados em Segurança & Governança.",Dra. Renata Figueiredo Melo
107,Formação Prática em Detecção de Anomalias em Grandes Volumes: Fundamentos e Aplicação,Curso,Ciência de Dados,Básico,352,2025-10-29,"Neste curso aprofundado, você aprenderá de forma estruturada sobre Detecção de Anomalias em Grandes Volumes. O treinamento abrange tópicos de nível básico, exercícios práticos e construção de projetos completos. Indicado para profissionais que desejam dominar ferramentas modernas e padrões consolidados em Ciência de Dados.",Eng. Rodrigo Alves Mendonça
108,Análise Comparativa e Padrões Recomendados em Análise Exploratória de Dados com Pandas,Artigo,Ciência de Dados,Intermediário,20,2024-09-22,"Artigo técnico detalhado que explora Análise Exploratória de Dados com Pandas sob uma ótica técnica e conceitual. Focado em nível intermediário, aborda trade-offs arquiteturais, vantagens competitivas, padrões recomendados e diretrizes fundamentais para especialistas que atuam em Ciência de Dados.",Eng. Rodrigo Alves Mendonça
109,Melhores Práticas e Arquitetura de Detecção de Anomalias em Grandes Volumes,Vídeo,Ciência de Dados,Básico,24,2025-07-03,"Vídeo prático e objetivo apresentando a aplicação de Detecção de Anomalias em Grandes Volumes. Em formato hands-on com nível básico, o conteúdo demonstra resolução de problemas reais, passo a passo detalhado e dicas essenciais de implementação para acelerar seu domínio em Ciência de Dados.",Profa. Larissa Duarte Toledo
110,Papo de Dados Ep. 106: Desvendando Fundamentos de Deep Learning com PyTorch,Podcast,Inteligência Artificial,Básico,74,2025-07-23,"Episódio enriquecedor com debates aprofundados sobre Fundamentos de Deep Learning com PyTorch. Nesta gravação para o público de nível básico, especialistas compartilham experiências práticas, desafios reais do mercado e reflexões sobre impactos estratégicos e técnicos em Inteligência Artificial.",Eng. Rodrigo Alves Mendonça
111,Tech Talk Ep. 144: Melhores Práticas em Busca Vetorial com pgvector e Índices HNSW,Podcast,Banco de Dados,Básico,50,2025-05-31,"Episódio enriquecedor com debates aprofundados sobre Busca Vetorial com pgvector e Índices HNSW. Nesta gravação para o público de nível básico, especialistas compartilham experiências práticas, desafios reais do mercado e reflexões sobre impactos estratégicos e técnicos em Banco de Dados.",Dra. Juliana Martins Fontes
112,Papo de Dados Ep. 5: Desvendando Visualizações com Big Numbers e Gráficos Eficazes,Podcast,Business Intelligence,Intermediário,69,2024-03-17,"Episódio enriquecedor com debates aprofundados sobre Visualizações com Big Numbers e Gráficos Eficazes. Nesta gravação para o público de nível intermediário, especialistas compartilham experiências práticas, desafios reais do mercado e reflexões sobre impactos estratégicos e técnicos em Business Intelligence.",Dra. Mariana Vasconcelos
113,Análise Prática e Demonstração de Catálogo de Dados Corporativo e Glossário,Vídeo,Segurança & Governança,Avançado,108,2025-07-17,"Vídeo prático e objetivo apresentando a aplicação de Catálogo de Dados Corporativo e Glossário. Em formato hands-on com nível avançado, o conteúdo demonstra resolução de problemas reais, passo a passo detalhado e dicas essenciais de implementação para acelerar seu domínio em Segurança & Governança.",Prof. Lucas Fernandes Prado
114,Solucionando Desafios do Dia a Dia em Modelagem Dimensional Star Schema e Snowflake,Vídeo,Engenharia de Dados,Básico,31,2025-06-08,"Vídeo prático e objetivo apresentando a aplicação de Modelagem Dimensional Star Schema e Snowflake. Em formato hands-on com nível básico, o conteúdo demonstra resolução de problemas reais, passo a passo detalhado e dicas essenciais de implementação para acelerar seu domínio em Engenharia de Dados.",Eng. Thiago Pinheiro Borges
115,Curso Completo de Data Lakehouse e Armazenamento Delta Lake: Da Teoria à Prática,Curso,Engenharia de Dados,Básico,430,2024-11-07,"Neste curso aprofundado, você aprenderá de forma estruturada sobre Data Lakehouse e Armazenamento Delta Lake. O treinamento abrange tópicos de nível básico, exercícios práticos e construção de projetos completos. Indicado para profissionais que desejam dominar ferramentas modernas e padrões consolidados em Engenharia de Dados.",Dr. Fernando Zanin Pacheco
116,Como Implementar Monitoramento de Performance e Acompanhamento de Metas Passo a Passo,Vídeo,Business Intelligence,Básico,21,2026-01-01,"Vídeo prático e objetivo apresentando a aplicação de Monitoramento de Performance e Acompanhamento de Metas. Em formato hands-on com nível básico, o conteúdo demonstra resolução de problemas reais, passo a passo detalhado e dicas essenciais de implementação para acelerar seu domínio em Business Intelligence.",Eng. Vanessa Cristina Ramos
117,Construindo Aplicações Robustas com Detecção de Anomalias em Grandes Volumes,Curso,Ciência de Dados,Básico,669,2024-04-25,"Neste curso aprofundado, você aprenderá de forma estruturada sobre Detecção de Anomalias em Grandes Volumes. O treinamento abrange tópicos de nível básico, exercícios práticos e construção de projetos completos. Indicado para profissionais que desejam dominar ferramentas modernas e padrões consolidados em Ciência de Dados.",Eng. Rodrigo Alves Mendonça
118,Análise Prática e Demonstração de Arquitetura de Dados Resiliente e Tolerante a Falhas,Vídeo,Engenharia de Dados,Avançado,97,2024-09-15,"Vídeo prático e objetivo apresentando a aplicação de Arquitetura de Dados Resiliente e Tolerante a Falhas. Em formato hands-on com nível avançado, o conteúdo demonstra resolução de problemas reais, passo a passo detalhado e dicas essenciais de implementação para acelerar seu domínio em Engenharia de Dados.",Prof. Elmo Batista de Faria
119,Papo de Dados Ep. 114: Desvendando Visualizações com Big Numbers e Gráficos Eficazes,Podcast,Business Intelligence,Intermediário,40,2024-04-08,"Episódio enriquecedor com debates aprofundados sobre Visualizações com Big Numbers e Gráficos Eficazes. Nesta gravação para o público de nível intermediário, especialistas compartilham experiências práticas, desafios reais do mercado e reflexões sobre impactos estratégicos e técnicos em Business Intelligence.",Dr. André Luiz Carvalho
120,Como Obter Alta Performance Utilizando Técnicas de Anonimização e Pseudonimização,Artigo,Segurança & Governança,Intermediário,29,2025-03-30,"Artigo técnico detalhado que explora Técnicas de Anonimização e Pseudonimização sob uma ótica técnica e conceitual. Focado em nível intermediário, aborda trade-offs arquiteturais, vantagens competitivas, padrões recomendados e diretrizes fundamentais para especialistas que atuam em Segurança & Governança.",Prof. Gabriel Santana Ribeiro
121,Estudo Técnico e Decisões de Arquitetura em Governança de Dados para Aplicações de IA,Artigo,Segurança & Governança,Intermediário,15,2026-04-17,"Artigo técnico detalhado que explora Governança de Dados para Aplicações de IA sob uma ótica técnica e conceitual. Focado em nível intermediário, aborda trade-offs arquiteturais, vantagens competitivas, padrões recomendados e diretrizes fundamentais para especialistas que atuam em Segurança & Governança.",Eng. Felipe Siqueira Castro
122,Formação Prática em Pipelines e Transformações com Apache Hop: Fundamentos e Aplicação,Curso,Engenharia de Dados,Básico,410,2026-06-07,"Neste curso aprofundado, você aprenderá de forma estruturada sobre Pipelines e Transformações com Apache Hop. O treinamento abrange tópicos de nível básico, exercícios práticos e construção de projetos completos. Indicado para profissionais que desejam dominar ferramentas modernas e padrões consolidados em Engenharia de Dados.",Dra. Juliana Martins Fontes
123,Guia Rápido e Hands-on: Fundamentos de Deep Learning com PyTorch,Vídeo,Inteligência Artificial,Intermediário,71,2025-07-03,"Vídeo prático e objetivo apresentando a aplicação de Fundamentos de Deep Learning com PyTorch. Em formato hands-on com nível intermediário, o conteúdo demonstra resolução de problemas reais, passo a passo detalhado e dicas essenciais de implementação para acelerar seu domínio em Inteligência Artificial.",Profa. Larissa Duarte Toledo
124,Solucionando Desafios do Dia a Dia em Monitoramento de Performance e Acompanhamento de Metas,Vídeo,Business Intelligence,Avançado,89,2026-06-05,"Vídeo prático e objetivo apresentando a aplicação de Monitoramento de Performance e Acompanhamento de Metas. Em formato hands-on com nível avançado, o conteúdo demonstra resolução de problemas reais, passo a passo detalhado e dicas essenciais de implementação para acelerar seu domínio em Business Intelligence.",Eng. Vanessa Cristina Ramos
125,Como Implementar Integração Híbrida PostgreSQL e NoSQL MongoDB Passo a Passo,Vídeo,Banco de Dados,Intermediário,49,2024-06-22,"Vídeo prático e objetivo apresentando a aplicação de Integração Híbrida PostgreSQL e NoSQL MongoDB. Em formato hands-on com nível intermediário, o conteúdo demonstra resolução de problemas reais, passo a passo detalhado e dicas essenciais de implementação para acelerar seu domínio em Banco de Dados.",Dr. Marcelo Silveira Neves
126,Solucionando Desafios do Dia a Dia em Auditoria e Monitoramento de Logs de Acesso,Vídeo,Segurança & Governança,Avançado,84,2026-01-25,"Vídeo prático e objetivo apresentando a aplicação de Auditoria e Monitoramento de Logs de Acesso. Em formato hands-on com nível avançado, o conteúdo demonstra resolução de problemas reais, passo a passo detalhado e dicas essenciais de implementação para acelerar seu domínio em Segurança & Governança.",Dra. Camila Guimarães Rocha
127,"Análise Comparativa e Padrões Recomendados em Métricas de Engajamento, Retenção e Conversão",Artigo,Business Intelligence,Básico,14,2026-03-31,"Artigo técnico detalhado que explora Métricas de Engajamento, Retenção e Conversão sob uma ótica técnica e conceitual. Focado em nível básico, aborda trade-offs arquiteturais, vantagens competitivas, padrões recomendados e diretrizes fundamentais para especialistas que atuam em Business Intelligence.",Dr. Fernando Zanin Pacheco
128,Princípios Essenciais e Arquitetura de Ambientes Reprodutíveis para Aplicações de Dados,Artigo,DevOps & Cloud,Avançado,18,2025-06-22,"Artigo técnico detalhado que explora Ambientes Reprodutíveis para Aplicações de Dados sob uma ótica técnica e conceitual. Focado em nível avançado, aborda trade-offs arquiteturais, vantagens competitivas, padrões recomendados e diretrizes fundamentais para especialistas que atuam em DevOps & Cloud.",Dr. Marcelo Silveira Neves
129,Deep Dive Ep. 97: Casos de Sucesso em Pipelines de CI/CD para Engenharia de Dados,Podcast,DevOps & Cloud,Avançado,70,2026-06-03,"Episódio enriquecedor com debates aprofundados sobre Pipelines de CI/CD para Engenharia de Dados. Nesta gravação para o público de nível avançado, especialistas compartilham experiências práticas, desafios reais do mercado e reflexões sobre impactos estratégicos e técnicos em DevOps & Cloud.",Prof. Elmo Batista de Faria
130,Especialização em Engenharia de Recursos e Pré-processamento com Projetos Práticos,Curso,Ciência de Dados,Básico,664,2026-04-13,"Neste curso aprofundado, você aprenderá de forma estruturada sobre Engenharia de Recursos e Pré-processamento. O treinamento abrange tópicos de nível básico, exercícios práticos e construção de projetos completos. Indicado para profissionais que desejam dominar ferramentas modernas e padrões consolidados em Ciência de Dados.",Eng. Felipe Siqueira Castro
131,Deep Dive Ep. 22: Casos de Sucesso em Métricas de Avaliação de Modelos Preditivos,Podcast,Ciência de Dados,Básico,37,2024-04-29,"Episódio enriquecedor com debates aprofundados sobre Métricas de Avaliação de Modelos Preditivos. Nesta gravação para o público de nível básico, especialistas compartilham experiências práticas, desafios reais do mercado e reflexões sobre impactos estratégicos e técnicos em Ciência de Dados.",Profa. Beatriz Helena Nogueira
132,Data Insights Ep. 133: Experiências Reais com Embeddings Vetoriais e Representação Semântica,Podcast,Inteligência Artificial,Avançado,37,2025-03-02,"Episódio enriquecedor com debates aprofundados sobre Embeddings Vetoriais e Representação Semântica. Nesta gravação para o público de nível avançado, especialistas compartilham experiências práticas, desafios reais do mercado e reflexões sobre impactos estratégicos e técnicos em Inteligência Artificial.",Dr. André Luiz Carvalho
133,Guia Definitivo e Boas Práticas sobre Dashboards Estratégicos no Apache Superset,Artigo,Business Intelligence,Básico,26,2024-06-03,"Artigo técnico detalhado que explora Dashboards Estratégicos no Apache Superset sob uma ótica técnica e conceitual. Focado em nível básico, aborda trade-offs arquiteturais, vantagens competitivas, padrões recomendados e diretrizes fundamentais para especialistas que atuam em Business Intelligence.",Eng. Vanessa Cristina Ramos
134,Deep Dive Ep. 125: Casos de Sucesso em Arquitetura RAG e Recuperação Semântica,Podcast,Inteligência Artificial,Básico,68,2025-08-31,"Episódio enriquecedor com debates aprofundados sobre Arquitetura RAG e Recuperação Semântica. Nesta gravação para o público de nível básico, especialistas compartilham experiências práticas, desafios reais do mercado e reflexões sobre impactos estratégicos e técnicos em Inteligência Artificial.",Eng. Felipe Siqueira Castro
135,Masterclass de Processamento de Linguagem Natural (PLN) para Projetos Reais,Curso,Inteligência Artificial,Básico,657,2026-05-25,"Neste curso aprofundado, você aprenderá de forma estruturada sobre Processamento de Linguagem Natural (PLN). O treinamento abrange tópicos de nível básico, exercícios práticos e construção de projetos completos. Indicado para profissionais que desejam dominar ferramentas modernas e padrões consolidados em Inteligência Artificial.",Prof. Lucas Fernandes Prado
136,Arquitetura & Código Ep. 109: Inovações em Armazenamento de Documentos com MongoDB,Podcast,Banco de Dados,Básico,33,2025-03-28,"Episódio enriquecedor com debates aprofundados sobre Armazenamento de Documentos com MongoDB. Nesta gravação para o público de nível básico, especialistas compartilham experiências práticas, desafios reais do mercado e reflexões sobre impactos estratégicos e técnicos em Banco de Dados.",Prof. Diego Henrique Barros
137,Curso Completo de Gestão de Metadados e Qualidade de Dados Mestres: Da Teoria à Prática,Curso,Segurança & Governança,Intermediário,1017,2024-07-04,"Neste curso aprofundado, você aprenderá de forma estruturada sobre Gestão de Metadados e Qualidade de Dados Mestres. O treinamento abrange tópicos de nível intermediário, exercícios práticos e construção de projetos completos. Indicado para profissionais que desejam dominar ferramentas modernas e padrões consolidados em Segurança & Governança.",Dr. Marcelo Silveira Neves
138,Masterclass de Monitoramento de Performance e Acompanhamento de Metas para Projetos Reais,Curso,Business Intelligence,Avançado,1646,2024-12-24,"Neste curso aprofundado, você aprenderá de forma estruturada sobre Monitoramento de Performance e Acompanhamento de Metas. O treinamento abrange tópicos de nível avançado, exercícios práticos e construção de projetos completos. Indicado para profissionais que desejam dominar ferramentas modernas e padrões consolidados em Business Intelligence.",Eng. Felipe Siqueira Castro
139,Formação Prática em Estratégias de Indexação e Performance de Bancos: Fundamentos e Aplicação,Curso,Banco de Dados,Avançado,2980,2026-03-15,"Neste curso aprofundado, você aprenderá de forma estruturada sobre Estratégias de Indexação e Performance de Bancos. O treinamento abrange tópicos de nível avançado, exercícios práticos e construção de projetos completos. Indicado para profissionais que desejam dominar ferramentas modernas e padrões consolidados em Banco de Dados.",Prof. Lucas Fernandes Prado
140,Como Implementar Orquestração de Microsserviços com Kubernetes Passo a Passo,Vídeo,DevOps & Cloud,Intermediário,69,2024-09-27,"Vídeo prático e objetivo apresentando a aplicação de Orquestração de Microsserviços com Kubernetes. Em formato hands-on com nível intermediário, o conteúdo demonstra resolução de problemas reais, passo a passo detalhado e dicas essenciais de implementação para acelerar seu domínio em DevOps & Cloud.",Dra. Juliana Martins Fontes
141,Deep Dive Ep. 135: Casos de Sucesso em Modelagem e Agregações Analíticas no SQL Lab,Podcast,Business Intelligence,Avançado,48,2025-06-24,"Episódio enriquecedor com debates aprofundados sobre Modelagem e Agregações Analíticas no SQL Lab. Nesta gravação para o público de nível avançado, especialistas compartilham experiências práticas, desafios reais do mercado e reflexões sobre impactos estratégicos e técnicos em Business Intelligence.",Dr. Marcelo Silveira Neves
142,"Como Obter Alta Performance Utilizando Ingestão Eficiente de CSV, JSON e Parquet",Artigo,Engenharia de Dados,Avançado,19,2024-10-24,"Artigo técnico detalhado que explora Ingestão Eficiente de CSV, JSON e Parquet sob uma ótica técnica e conceitual. Focado em nível avançado, aborda trade-offs arquiteturais, vantagens competitivas, padrões recomendados e diretrizes fundamentais para especialistas que atuam em Engenharia de Dados.",Dr. Marcelo Silveira Neves
143,Princípios Essenciais e Arquitetura de Experimentação e Testes A/B Orientados a Dados,Artigo,Ciência de Dados,Intermediário,21,2024-11-12,"Artigo técnico detalhado que explora Experimentação e Testes A/B Orientados a Dados sob uma ótica técnica e conceitual. Focado em nível intermediário, aborda trade-offs arquiteturais, vantagens competitivas, padrões recomendados e diretrizes fundamentais para especialistas que atuam em Ciência de Dados.",Eng. Patrícia Moreira Viana
144,Guia Definitivo e Boas Práticas sobre Governança e Ética em Sistemas de IA,Artigo,Inteligência Artificial,Básico,24,2025-09-01,"Artigo técnico detalhado que explora Governança e Ética em Sistemas de IA sob uma ótica técnica e conceitual. Focado em nível básico, aborda trade-offs arquiteturais, vantagens competitivas, padrões recomendados e diretrizes fundamentais para especialistas que atuam em Inteligência Artificial.",Dra. Juliana Martins Fontes
145,Estudo Técnico e Decisões de Arquitetura em Processamento de Linguagem Natural (PLN),Artigo,Inteligência Artificial,Intermediário,24,2025-01-20,"Artigo técnico detalhado que explora Processamento de Linguagem Natural (PLN) sob uma ótica técnica e conceitual. Focado em nível intermediário, aborda trade-offs arquiteturais, vantagens competitivas, padrões recomendados e diretrizes fundamentais para especialistas que atuam em Inteligência Artificial.",Prof. Lucas Fernandes Prado
146,Como Obter Alta Performance Utilizando Padrões de Projeto para Engenharia de Software,Artigo,Programação & Software,Avançado,17,2025-01-01,"Artigo técnico detalhado que explora Padrões de Projeto para Engenharia de Software sob uma ótica técnica e conceitual. Focado em nível avançado, aborda trade-offs arquiteturais, vantagens competitivas, padrões recomendados e diretrizes fundamentais para especialistas que atuam em Programação & Software.",Prof. Elmo Batista de Faria
147,Estudo Técnico e Decisões de Arquitetura em Tipagem Estática e Boas Práticas com Mypy,Artigo,Programação & Software,Intermediário,16,2025-02-27,"Artigo técnico detalhado que explora Tipagem Estática e Boas Práticas com Mypy sob uma ótica técnica e conceitual. Focado em nível intermediário, aborda trade-offs arquiteturais, vantagens competitivas, padrões recomendados e diretrizes fundamentais para especialistas que atuam em Programação & Software.",Eng. Vanessa Cristina Ramos
148,Construindo Aplicações Robustas com Data Lakehouse e Armazenamento Delta Lake,Curso,Engenharia de Dados,Avançado,1675,2026-02-27,"Neste curso aprofundado, você aprenderá de forma estruturada sobre Data Lakehouse e Armazenamento Delta Lake. O treinamento abrange tópicos de nível avançado, exercícios práticos e construção de projetos completos. Indicado para profissionais que desejam dominar ferramentas modernas e padrões consolidados em Engenharia de Dados.",Dra. Juliana Martins Fontes
149,"Data Insights Ep. 1: Experiências Reais com Métricas de Engajamento, Retenção e Conversão",Podcast,Business Intelligence,Intermediário,51,2024-08-11,"Episódio enriquecedor com debates aprofundados sobre Métricas de Engajamento, Retenção e Conversão. Nesta gravação para o público de nível intermediário, especialistas compartilham experiências práticas, desafios reais do mercado e reflexões sobre impactos estratégicos e técnicos em Business Intelligence.",Dra. Camila Guimarães Rocha
150,Formação Prática em Estatística Descritiva e Inferencial para Decisão: Fundamentos e Aplicação,Curso,Ciência de Dados,Básico,647,2024-04-15,"Neste curso aprofundado, você aprenderá de forma estruturada sobre Estatística Descritiva e Inferencial para Decisão. O treinamento abrange tópicos de nível básico, exercícios práticos e construção de projetos completos. Indicado para profissionais que desejam dominar ferramentas modernas e padrões consolidados em Ciência de Dados.",Dr. Fernando Zanin Pacheco
151,Especialização em Visualizações com Big Numbers e Gráficos Eficazes com Projetos Práticos,Curso,Business Intelligence,Básico,299,2025-12-12,"Neste curso aprofundado, você aprenderá de forma estruturada sobre Visualizações com Big Numbers e Gráficos Eficazes. O treinamento abrange tópicos de nível básico, exercícios práticos e construção de projetos completos. Indicado para profissionais que desejam dominar ferramentas modernas e padrões consolidados em Business Intelligence.",Eng. Rodrigo Alves Mendonça
152,Especialização em Governança e Ética em Sistemas de IA com Projetos Práticos,Curso,Inteligência Artificial,Avançado,1760,2025-03-27,"Neste curso aprofundado, você aprenderá de forma estruturada sobre Governança e Ética em Sistemas de IA. O treinamento abrange tópicos de nível avançado, exercícios práticos e construção de projetos completos. Indicado para profissionais que desejam dominar ferramentas modernas e padrões consolidados em Inteligência Artificial.",Eng. Bruno César Pires
153,"Construindo Aplicações Robustas com Métricas de Engajamento, Retenção e Conversão",Curso,Business Intelligence,Intermediário,794,2024-02-22,"Neste curso aprofundado, você aprenderá de forma estruturada sobre Métricas de Engajamento, Retenção e Conversão. O treinamento abrange tópicos de nível intermediário, exercícios práticos e construção de projetos completos. Indicado para profissionais que desejam dominar ferramentas modernas e padrões consolidados em Business Intelligence.",Dr. Marcelo Silveira Neves
154,Análise Comparativa e Padrões Recomendados em Consultas e Índices GIN com JSONB no PostgreSQL,Artigo,Banco de Dados,Avançado,24,2025-02-10,"Artigo técnico detalhado que explora Consultas e Índices GIN com JSONB no PostgreSQL sob uma ótica técnica e conceitual. Focado em nível avançado, aborda trade-offs arquiteturais, vantagens competitivas, padrões recomendados e diretrizes fundamentais para especialistas que atuam em Banco de Dados.",Dra. Camila Guimarães Rocha
155,Especialização em Governança de Dados para Aplicações de IA com Projetos Práticos,Curso,Segurança & Governança,Intermediário,1250,2025-10-13,"Neste curso aprofundado, você aprenderá de forma estruturada sobre Governança de Dados para Aplicações de IA. O treinamento abrange tópicos de nível intermediário, exercícios práticos e construção de projetos completos. Indicado para profissionais que desejam dominar ferramentas modernas e padrões consolidados em Segurança & Governança.",Dra. Mariana Vasconcelos
156,Especialização em Definição de KPIs e Métricas Orientadas a Decisão com Projetos Práticos,Curso,Business Intelligence,Básico,456,2026-01-28,"Neste curso aprofundado, você aprenderá de forma estruturada sobre Definição de KPIs e Métricas Orientadas a Decisão. O treinamento abrange tópicos de nível básico, exercícios práticos e construção de projetos completos. Indicado para profissionais que desejam dominar ferramentas modernas e padrões consolidados em Business Intelligence.",Eng. Vanessa Cristina Ramos
157,Análise Prática e Demonstração de Métricas de Avaliação de Modelos Preditivos,Vídeo,Ciência de Dados,Básico,16,2024-07-16,"Vídeo prático e objetivo apresentando a aplicação de Métricas de Avaliação de Modelos Preditivos. Em formato hands-on com nível básico, o conteúdo demonstra resolução de problemas reais, passo a passo detalhado e dicas essenciais de implementação para acelerar seu domínio em Ciência de Dados.",Eng. Vanessa Cristina Ramos
158,Papo de Dados Ep. 3: Desvendando Processamento de Linguagem Natural (PLN),Podcast,Inteligência Artificial,Intermediário,71,2025-08-13,"Episódio enriquecedor com debates aprofundados sobre Processamento de Linguagem Natural (PLN). Nesta gravação para o público de nível intermediário, especialistas compartilham experiências práticas, desafios reais do mercado e reflexões sobre impactos estratégicos e técnicos em Inteligência Artificial.",Eng. Rodrigo Alves Mendonça
159,Como Obter Alta Performance Utilizando Engenharia de Recursos e Pré-processamento,Artigo,Ciência de Dados,Intermediário,14,2025-07-05,"Artigo técnico detalhado que explora Engenharia de Recursos e Pré-processamento sob uma ótica técnica e conceitual. Focado em nível intermediário, aborda trade-offs arquiteturais, vantagens competitivas, padrões recomendados e diretrizes fundamentais para especialistas que atuam em Ciência de Dados.",Eng. Bruno César Pires
160,Construindo Aplicações Robustas com Fundamentos de Deep Learning com PyTorch,Curso,Inteligência Artificial,Intermediário,1405,2026-03-13,"Neste curso aprofundado, você aprenderá de forma estruturada sobre Fundamentos de Deep Learning com PyTorch. O treinamento abrange tópicos de nível intermediário, exercícios práticos e construção de projetos completos. Indicado para profissionais que desejam dominar ferramentas modernas e padrões consolidados em Inteligência Artificial.",Dra. Mariana Vasconcelos
161,Análise Prática e Demonstração de Otimização de Consultas SQL com EXPLAIN ANALYZE,Vídeo,Banco de Dados,Avançado,94,2024-09-14,"Vídeo prático e objetivo apresentando a aplicação de Otimização de Consultas SQL com EXPLAIN ANALYZE. Em formato hands-on com nível avançado, o conteúdo demonstra resolução de problemas reais, passo a passo detalhado e dicas essenciais de implementação para acelerar seu domínio em Banco de Dados.",Profa. Carla Antunes Silveira
162,Tech Talk Ep. 93: Melhores Práticas em Pipelines de CI/CD para Engenharia de Dados,Podcast,DevOps & Cloud,Básico,85,2024-03-07,"Episódio enriquecedor com debates aprofundados sobre Pipelines de CI/CD para Engenharia de Dados. Nesta gravação para o público de nível básico, especialistas compartilham experiências práticas, desafios reais do mercado e reflexões sobre impactos estratégicos e técnicos em DevOps & Cloud.",Dr. Fernando Zanin Pacheco
163,Melhores Práticas e Arquitetura de Monitoramento de Performance e Acompanhamento de Metas,Vídeo,Business Intelligence,Básico,24,2026-01-06,"Vídeo prático e objetivo apresentando a aplicação de Monitoramento de Performance e Acompanhamento de Metas. Em formato hands-on com nível básico, o conteúdo demonstra resolução de problemas reais, passo a passo detalhado e dicas essenciais de implementação para acelerar seu domínio em Business Intelligence.",Eng. Patrícia Moreira Viana
164,Data Insights Ep. 117: Experiências Reais com Data Lakehouse e Armazenamento Delta Lake,Podcast,Engenharia de Dados,Básico,75,2026-06-29,"Episódio enriquecedor com debates aprofundados sobre Data Lakehouse e Armazenamento Delta Lake. Nesta gravação para o público de nível básico, especialistas compartilham experiências práticas, desafios reais do mercado e reflexões sobre impactos estratégicos e técnicos em Engenharia de Dados.",Prof. Lucas Fernandes Prado
165,Solucionando Desafios do Dia a Dia em Definição de KPIs e Métricas Orientadas a Decisão,Vídeo,Business Intelligence,Intermediário,60,2024-11-19,"Vídeo prático e objetivo apresentando a aplicação de Definição de KPIs e Métricas Orientadas a Decisão. Em formato hands-on com nível intermediário, o conteúdo demonstra resolução de problemas reais, passo a passo detalhado e dicas essenciais de implementação para acelerar seu domínio em Business Intelligence.",Prof. Gabriel Santana Ribeiro
166,Como Obter Alta Performance Utilizando Modelagem Relacional Avançada no PostgreSQL,Artigo,Banco de Dados,Básico,7,2026-06-16,"Artigo técnico detalhado que explora Modelagem Relacional Avançada no PostgreSQL sob uma ótica técnica e conceitual. Focado em nível básico, aborda trade-offs arquiteturais, vantagens competitivas, padrões recomendados e diretrizes fundamentais para especialistas que atuam em Banco de Dados.",Profa. Beatriz Helena Nogueira
167,Guia Rápido e Hands-on: Pipelines de Ingestão Batch e Streaming,Vídeo,Engenharia de Dados,Intermediário,70,2026-05-10,"Vídeo prático e objetivo apresentando a aplicação de Pipelines de Ingestão Batch e Streaming. Em formato hands-on com nível intermediário, o conteúdo demonstra resolução de problemas reais, passo a passo detalhado e dicas essenciais de implementação para acelerar seu domínio em Engenharia de Dados.",Dra. Juliana Martins Fontes
168,Especialização em Design de Dashboards e Eliminação de Chartjunk com Projetos Práticos,Curso,Business Intelligence,Avançado,3414,2026-02-02,"Neste curso aprofundado, você aprenderá de forma estruturada sobre Design de Dashboards e Eliminação de Chartjunk. O treinamento abrange tópicos de nível avançado, exercícios práticos e construção de projetos completos. Indicado para profissionais que desejam dominar ferramentas modernas e padrões consolidados em Business Intelligence.",Dr. Fernando Zanin Pacheco
169,Melhores Práticas e Arquitetura de Mensageria e Streaming com Apache Kafka,Vídeo,Engenharia de Dados,Avançado,107,2025-12-07,"Vídeo prático e objetivo apresentando a aplicação de Mensageria e Streaming com Apache Kafka. Em formato hands-on com nível avançado, o conteúdo demonstra resolução de problemas reais, passo a passo detalhado e dicas essenciais de implementação para acelerar seu domínio em Engenharia de Dados.",Dr. Marcelo Silveira Neves
170,Construindo Aplicações Robustas com Gerenciamento de Ambientes e Segredos em Nuvem,Curso,DevOps & Cloud,Básico,717,2024-12-18,"Neste curso aprofundado, você aprenderá de forma estruturada sobre Gerenciamento de Ambientes e Segredos em Nuvem. O treinamento abrange tópicos de nível básico, exercícios práticos e construção de projetos completos. Indicado para profissionais que desejam dominar ferramentas modernas e padrões consolidados em DevOps & Cloud.",Profa. Larissa Duarte Toledo
171,Curso Completo de Modelagem Dimensional Star Schema e Snowflake: Da Teoria à Prática,Curso,Engenharia de Dados,Intermediário,1083,2024-05-29,"Neste curso aprofundado, você aprenderá de forma estruturada sobre Modelagem Dimensional Star Schema e Snowflake. O treinamento abrange tópicos de nível intermediário, exercícios práticos e construção de projetos completos. Indicado para profissionais que desejam dominar ferramentas modernas e padrões consolidados em Engenharia de Dados.",Prof. Diego Henrique Barros
172,Data Insights Ep. 31: Experiências Reais com Processamento de Linguagem Natural (PLN),Podcast,Inteligência Artificial,Básico,56,2025-03-08,"Episódio enriquecedor com debates aprofundados sobre Processamento de Linguagem Natural (PLN). Nesta gravação para o público de nível básico, especialistas compartilham experiências práticas, desafios reais do mercado e reflexões sobre impactos estratégicos e técnicos em Inteligência Artificial.",Dr. André Luiz Carvalho
173,Como Implementar Modelagem e Agregações Analíticas no SQL Lab Passo a Passo,Vídeo,Business Intelligence,Intermediário,32,2026-01-27,"Vídeo prático e objetivo apresentando a aplicação de Modelagem e Agregações Analíticas no SQL Lab. Em formato hands-on com nível intermediário, o conteúdo demonstra resolução de problemas reais, passo a passo detalhado e dicas essenciais de implementação para acelerar seu domínio em Business Intelligence.",Dra. Renata Figueiredo Melo
174,Tech Talk Ep. 51: Melhores Práticas em Infraestrutura como Código com Terraform,Podcast,DevOps & Cloud,Intermediário,63,2024-07-02,"Episódio enriquecedor com debates aprofundados sobre Infraestrutura como Código com Terraform. Nesta gravação para o público de nível intermediário, especialistas compartilham experiências práticas, desafios reais do mercado e reflexões sobre impactos estratégicos e técnicos em DevOps & Cloud.",Prof. Gabriel Santana Ribeiro
175,"Deep Dive Ep. 111: Casos de Sucesso em Métricas de Engajamento, Retenção e Conversão",Podcast,Business Intelligence,Intermediário,50,2024-04-01,"Episódio enriquecedor com debates aprofundados sobre Métricas de Engajamento, Retenção e Conversão. Nesta gravação para o público de nível intermediário, especialistas compartilham experiências práticas, desafios reais do mercado e reflexões sobre impactos estratégicos e técnicos em Business Intelligence.",Profa. Larissa Duarte Toledo
176,Deep Dive Ep. 147: Casos de Sucesso em Pipelines de CI/CD para Engenharia de Dados,Podcast,DevOps & Cloud,Avançado,87,2024-09-25,"Episódio enriquecedor com debates aprofundados sobre Pipelines de CI/CD para Engenharia de Dados. Nesta gravação para o público de nível avançado, especialistas compartilham experiências práticas, desafios reais do mercado e reflexões sobre impactos estratégicos e técnicos em DevOps & Cloud.",Dra. Juliana Martins Fontes
177,Guia Rápido e Hands-on: Segurança de Redes e Controle de Acesso,Vídeo,DevOps & Cloud,Básico,21,2024-03-22,"Vídeo prático e objetivo apresentando a aplicação de Segurança de Redes e Controle de Acesso. Em formato hands-on com nível básico, o conteúdo demonstra resolução de problemas reais, passo a passo detalhado e dicas essenciais de implementação para acelerar seu domínio em DevOps & Cloud.",Eng. Vanessa Cristina Ramos
178,Melhores Práticas e Arquitetura de Engenharia de Recursos e Pré-processamento,Vídeo,Ciência de Dados,Intermediário,59,2026-05-11,"Vídeo prático e objetivo apresentando a aplicação de Engenharia de Recursos e Pré-processamento. Em formato hands-on com nível intermediário, o conteúdo demonstra resolução de problemas reais, passo a passo detalhado e dicas essenciais de implementação para acelerar seu domínio em Ciência de Dados.",Eng. Vanessa Cristina Ramos
179,Curso Completo de Storytelling com Dados para Apresentações Executivas: Da Teoria à Prática,Curso,Business Intelligence,Avançado,2330,2026-05-03,"Neste curso aprofundado, você aprenderá de forma estruturada sobre Storytelling com Dados para Apresentações Executivas. O treinamento abrange tópicos de nível avançado, exercícios práticos e construção de projetos completos. Indicado para profissionais que desejam dominar ferramentas modernas e padrões consolidados em Business Intelligence.",Eng. Vanessa Cristina Ramos
180,Análise Comparativa e Padrões Recomendados em Sistemas de Recomendação por Similaridade,Artigo,Inteligência Artificial,Avançado,28,2024-11-17,"Artigo técnico detalhado que explora Sistemas de Recomendação por Similaridade sob uma ótica técnica e conceitual. Focado em nível avançado, aborda trade-offs arquiteturais, vantagens competitivas, padrões recomendados e diretrizes fundamentais para especialistas que atuam em Inteligência Artificial.",Dr. Marcelo Silveira Neves
181,Curso Completo de Visão Computacional e Processamento de Imagens: Da Teoria à Prática,Curso,Inteligência Artificial,Básico,312,2024-09-10,"Neste curso aprofundado, você aprenderá de forma estruturada sobre Visão Computacional e Processamento de Imagens. O treinamento abrange tópicos de nível básico, exercícios práticos e construção de projetos completos. Indicado para profissionais que desejam dominar ferramentas modernas e padrões consolidados em Inteligência Artificial.",Dra. Juliana Martins Fontes
182,Como Obter Alta Performance Utilizando Previsão de Séries Temporais e Tendências,Artigo,Ciência de Dados,Avançado,26,2024-10-17,"Artigo técnico detalhado que explora Previsão de Séries Temporais e Tendências sob uma ótica técnica e conceitual. Focado em nível avançado, aborda trade-offs arquiteturais, vantagens competitivas, padrões recomendados e diretrizes fundamentais para especialistas que atuam em Ciência de Dados.",Eng. Felipe Siqueira Castro
183,Análise Comparativa e Padrões Recomendados em Controle de Acesso Baseado em Papéis (RBAC),Artigo,Segurança & Governança,Intermediário,29,2025-07-16,"Artigo técnico detalhado que explora Controle de Acesso Baseado em Papéis (RBAC) sob uma ótica técnica e conceitual. Focado em nível intermediário, aborda trade-offs arquiteturais, vantagens competitivas, padrões recomendados e diretrizes fundamentais para especialistas que atuam em Segurança & Governança.",Dra. Mariana Vasconcelos
184,"Princípios Essenciais e Arquitetura de Métricas de Engajamento, Retenção e Conversão",Artigo,Business Intelligence,Básico,7,2025-09-24,"Artigo técnico detalhado que explora Métricas de Engajamento, Retenção e Conversão sob uma ótica técnica e conceitual. Focado em nível básico, aborda trade-offs arquiteturais, vantagens competitivas, padrões recomendados e diretrizes fundamentais para especialistas que atuam em Business Intelligence.",Eng. Thiago Pinheiro Borges
185,"Papo de Dados Ep. 15: Desvendando Ingestão Eficiente de CSV, JSON e Parquet",Podcast,Engenharia de Dados,Básico,27,2026-01-03,"Episódio enriquecedor com debates aprofundados sobre Ingestão Eficiente de CSV, JSON e Parquet. Nesta gravação para o público de nível básico, especialistas compartilham experiências práticas, desafios reais do mercado e reflexões sobre impactos estratégicos e técnicos em Engenharia de Dados.",Dra. Camila Guimarães Rocha
186,Estudo Técnico e Decisões de Arquitetura em Modelagem Relacional Avançada no PostgreSQL,Artigo,Banco de Dados,Básico,29,2024-01-19,"Artigo técnico detalhado que explora Modelagem Relacional Avançada no PostgreSQL sob uma ótica técnica e conceitual. Focado em nível básico, aborda trade-offs arquiteturais, vantagens competitivas, padrões recomendados e diretrizes fundamentais para especialistas que atuam em Banco de Dados.",Profa. Carla Antunes Silveira
187,Construindo Aplicações Robustas com Adequação à LGPD e Proteção de Dados Pessoais,Curso,Segurança & Governança,Básico,684,2024-07-24,"Neste curso aprofundado, você aprenderá de forma estruturada sobre Adequação à LGPD e Proteção de Dados Pessoais. O treinamento abrange tópicos de nível básico, exercícios práticos e construção de projetos completos. Indicado para profissionais que desejam dominar ferramentas modernas e padrões consolidados em Segurança & Governança.",Dr. André Luiz Carvalho
188,Masterclass de Automação de Servidores Linux e Acesso SSH para Projetos Reais,Curso,DevOps & Cloud,Básico,499,2025-06-21,"Neste curso aprofundado, você aprenderá de forma estruturada sobre Automação de Servidores Linux e Acesso SSH. O treinamento abrange tópicos de nível básico, exercícios práticos e construção de projetos completos. Indicado para profissionais que desejam dominar ferramentas modernas e padrões consolidados em DevOps & Cloud.",Dra. Renata Figueiredo Melo
189,Papo de Dados Ep. 108: Desvendando Prevenção contra Vazamentos e Segurança em APIs,Podcast,Segurança & Governança,Avançado,76,2026-05-24,"Episódio enriquecedor com debates aprofundados sobre Prevenção contra Vazamentos e Segurança em APIs. Nesta gravação para o público de nível avançado, especialistas compartilham experiências práticas, desafios reais do mercado e reflexões sobre impactos estratégicos e técnicos em Segurança & Governança.",Eng. Rodrigo Alves Mendonça
190,"Formação Prática em Métricas de Engajamento, Retenção e Conversão: Fundamentos e Aplicação",Curso,Business Intelligence,Básico,262,2024-01-06,"Neste curso aprofundado, você aprenderá de forma estruturada sobre Métricas de Engajamento, Retenção e Conversão. O treinamento abrange tópicos de nível básico, exercícios práticos e construção de projetos completos. Indicado para profissionais que desejam dominar ferramentas modernas e padrões consolidados em Business Intelligence.",Eng. Felipe Siqueira Castro
191,Curso Completo de Interpretabilidade de Modelos com SHAP e LIME: Da Teoria à Prática,Curso,Ciência de Dados,Básico,492,2024-01-06,"Neste curso aprofundado, você aprenderá de forma estruturada sobre Interpretabilidade de Modelos com SHAP e LIME. O treinamento abrange tópicos de nível básico, exercícios práticos e construção de projetos completos. Indicado para profissionais que desejam dominar ferramentas modernas e padrões consolidados em Ciência de Dados.",Profa. Beatriz Helena Nogueira
192,Especialização em Data Lakehouse e Armazenamento Delta Lake com Projetos Práticos,Curso,Engenharia de Dados,Básico,633,2024-03-29,"Neste curso aprofundado, você aprenderá de forma estruturada sobre Data Lakehouse e Armazenamento Delta Lake. O treinamento abrange tópicos de nível básico, exercícios práticos e construção de projetos completos. Indicado para profissionais que desejam dominar ferramentas modernas e padrões consolidados em Engenharia de Dados.",Dr. Marcelo Silveira Neves
193,Tech Talk Ep. 63: Melhores Práticas em Processamento de Linguagem Natural (PLN),Podcast,Inteligência Artificial,Intermediário,30,2024-03-24,"Episódio enriquecedor com debates aprofundados sobre Processamento de Linguagem Natural (PLN). Nesta gravação para o público de nível intermediário, especialistas compartilham experiências práticas, desafios reais do mercado e reflexões sobre impactos estratégicos e técnicos em Inteligência Artificial.",Dra. Mariana Vasconcelos
194,Papo de Dados Ep. 39: Desvendando Adequação à LGPD e Proteção de Dados Pessoais,Podcast,Segurança & Governança,Avançado,82,2025-04-30,"Episódio enriquecedor com debates aprofundados sobre Adequação à LGPD e Proteção de Dados Pessoais. Nesta gravação para o público de nível avançado, especialistas compartilham experiências práticas, desafios reais do mercado e reflexões sobre impactos estratégicos e técnicos em Segurança & Governança.",Prof. Elmo Batista de Faria
195,Princípios Essenciais e Arquitetura de Governança de Dados para Aplicações de IA,Artigo,Segurança & Governança,Avançado,27,2025-09-25,"Artigo técnico detalhado que explora Governança de Dados para Aplicações de IA sob uma ótica técnica e conceitual. Focado em nível avançado, aborda trade-offs arquiteturais, vantagens competitivas, padrões recomendados e diretrizes fundamentais para especialistas que atuam em Segurança & Governança.",Eng. Felipe Siqueira Castro
196,Solucionando Desafios do Dia a Dia em Fundamentos de Deep Learning com PyTorch,Vídeo,Inteligência Artificial,Básico,18,2025-05-13,"Vídeo prático e objetivo apresentando a aplicação de Fundamentos de Deep Learning com PyTorch. Em formato hands-on com nível básico, o conteúdo demonstra resolução de problemas reais, passo a passo detalhado e dicas essenciais de implementação para acelerar seu domínio em Inteligência Artificial.",Prof. Lucas Fernandes Prado
197,Papo de Dados Ep. 35: Desvendando Processamento de Linguagem Natural (PLN),Podcast,Inteligência Artificial,Avançado,38,2024-10-26,"Episódio enriquecedor com debates aprofundados sobre Processamento de Linguagem Natural (PLN). Nesta gravação para o público de nível avançado, especialistas compartilham experiências práticas, desafios reais do mercado e reflexões sobre impactos estratégicos e técnicos em Inteligência Artificial.",Prof. Diego Henrique Barros
198,Formação Prática em Padrões de Projeto para Engenharia de Software: Fundamentos e Aplicação,Curso,Programação & Software,Intermediário,1157,2024-11-17,"Neste curso aprofundado, você aprenderá de forma estruturada sobre Padrões de Projeto para Engenharia de Software. O treinamento abrange tópicos de nível intermediário, exercícios práticos e construção de projetos completos. Indicado para profissionais que desejam dominar ferramentas modernas e padrões consolidados em Programação & Software.",Dra. Camila Guimarães Rocha
199,Papo de Dados Ep. 102: Desvendando Arquitetura Limpa e Princípios SOLID,Podcast,Programação & Software,Intermediário,88,2025-02-28,"Episódio enriquecedor com debates aprofundados sobre Arquitetura Limpa e Princípios SOLID. Nesta gravação para o público de nível intermediário, especialistas compartilham experiências práticas, desafios reais do mercado e reflexões sobre impactos estratégicos e técnicos em Programação & Software.",Dra. Renata Figueiredo Melo
200,Guia Rápido e Hands-on: Escalabilidade e Gestão de Custos em Cloud,Vídeo,DevOps & Cloud,Intermediário,65,2026-01-12,"Vídeo prático e objetivo apresentando a aplicação de Escalabilidade e Gestão de Custos em Cloud. Em formato hands-on com nível intermediário, o conteúdo demonstra resolução de problemas reais, passo a passo detalhado e dicas essenciais de implementação para acelerar seu domínio em DevOps & Cloud.",Eng. Rodrigo Alves Mendonça
201,Guia Rápido e Hands-on: Definição de KPIs e Métricas Orientadas a Decisão,Vídeo,Business Intelligence,Intermediário,46,2024-08-17,"Vídeo prático e objetivo apresentando a aplicação de Definição de KPIs e Métricas Orientadas a Decisão. Em formato hands-on com nível intermediário, o conteúdo demonstra resolução de problemas reais, passo a passo detalhado e dicas essenciais de implementação para acelerar seu domínio em Business Intelligence.",Dr. Marcelo Silveira Neves
202,Deep Dive Ep. 7: Casos de Sucesso em Integração Híbrida PostgreSQL e NoSQL MongoDB,Podcast,Banco de Dados,Básico,47,2024-01-16,"Episódio enriquecedor com debates aprofundados sobre Integração Híbrida PostgreSQL e NoSQL MongoDB. Nesta gravação para o público de nível básico, especialistas compartilham experiências práticas, desafios reais do mercado e reflexões sobre impactos estratégicos e técnicos em Banco de Dados.",Dra. Renata Figueiredo Melo
203,Guia Rápido e Hands-on: Visualizações com Big Numbers e Gráficos Eficazes,Vídeo,Business Intelligence,Avançado,82,2024-05-19,"Vídeo prático e objetivo apresentando a aplicação de Visualizações com Big Numbers e Gráficos Eficazes. Em formato hands-on com nível avançado, o conteúdo demonstra resolução de problemas reais, passo a passo detalhado e dicas essenciais de implementação para acelerar seu domínio em Business Intelligence.",Profa. Larissa Duarte Toledo
204,Como Implementar Detecção de Anomalias em Grandes Volumes Passo a Passo,Vídeo,Ciência de Dados,Avançado,50,2025-01-26,"Vídeo prático e objetivo apresentando a aplicação de Detecção de Anomalias em Grandes Volumes. Em formato hands-on com nível avançado, o conteúdo demonstra resolução de problemas reais, passo a passo detalhado e dicas essenciais de implementação para acelerar seu domínio em Ciência de Dados.",Dra. Camila Guimarães Rocha
205,Curso Completo de Adequação à LGPD e Proteção de Dados Pessoais: Da Teoria à Prática,Curso,Segurança & Governança,Intermediário,723,2025-04-18,"Neste curso aprofundado, você aprenderá de forma estruturada sobre Adequação à LGPD e Proteção de Dados Pessoais. O treinamento abrange tópicos de nível intermediário, exercícios práticos e construção de projetos completos. Indicado para profissionais que desejam dominar ferramentas modernas e padrões consolidados em Segurança & Governança.",Eng. Bruno César Pires
206,Masterclass de Fundamentos de Deep Learning com PyTorch para Projetos Reais,Curso,Inteligência Artificial,Básico,362,2025-01-28,"Neste curso aprofundado, você aprenderá de forma estruturada sobre Fundamentos de Deep Learning com PyTorch. O treinamento abrange tópicos de nível básico, exercícios práticos e construção de projetos completos. Indicado para profissionais que desejam dominar ferramentas modernas e padrões consolidados em Inteligência Artificial.",Profa. Carla Antunes Silveira
207,Estudo Técnico e Decisões de Arquitetura em Arquitetura Limpa e Princípios SOLID,Artigo,Programação & Software,Avançado,30,2024-05-23,"Artigo técnico detalhado que explora Arquitetura Limpa e Princípios SOLID sob uma ótica técnica e conceitual. Focado em nível avançado, aborda trade-offs arquiteturais, vantagens competitivas, padrões recomendados e diretrizes fundamentais para especialistas que atuam em Programação & Software.",Eng. Vanessa Cristina Ramos
208,"Papo de Dados Ep. 104: Desvendando Ingestão Eficiente de CSV, JSON e Parquet",Podcast,Engenharia de Dados,Básico,38,2024-06-28,"Episódio enriquecedor com debates aprofundados sobre Ingestão Eficiente de CSV, JSON e Parquet. Nesta gravação para o público de nível básico, especialistas compartilham experiências práticas, desafios reais do mercado e reflexões sobre impactos estratégicos e técnicos em Engenharia de Dados.",Prof. Lucas Fernandes Prado
209,Solucionando Desafios do Dia a Dia em Ambientes Reprodutíveis para Aplicações de Dados,Vídeo,DevOps & Cloud,Básico,11,2024-06-19,"Vídeo prático e objetivo apresentando a aplicação de Ambientes Reprodutíveis para Aplicações de Dados. Em formato hands-on com nível básico, o conteúdo demonstra resolução de problemas reais, passo a passo detalhado e dicas essenciais de implementação para acelerar seu domínio em DevOps & Cloud.",Dra. Mariana Vasconcelos
210,Melhores Práticas e Arquitetura de Refatoração de Código e Padrões PEP 8,Vídeo,Programação & Software,Intermediário,43,2024-09-23,"Vídeo prático e objetivo apresentando a aplicação de Refatoração de Código e Padrões PEP 8. Em formato hands-on com nível intermediário, o conteúdo demonstra resolução de problemas reais, passo a passo detalhado e dicas essenciais de implementação para acelerar seu domínio em Programação & Software.",Dr. André Luiz Carvalho
211,Análise Prática e Demonstração de Controle de Acesso Baseado em Papéis (RBAC),Vídeo,Segurança & Governança,Intermediário,32,2024-03-08,"Vídeo prático e objetivo apresentando a aplicação de Controle de Acesso Baseado em Papéis (RBAC). Em formato hands-on com nível intermediário, o conteúdo demonstra resolução de problemas reais, passo a passo detalhado e dicas essenciais de implementação para acelerar seu domínio em Segurança & Governança.",Profa. Beatriz Helena Nogueira
212,Guia Definitivo e Boas Práticas sobre Modelos de Linguagem de Larga Escala (LLMs),Artigo,Inteligência Artificial,Avançado,11,2026-06-17,"Artigo técnico detalhado que explora Modelos de Linguagem de Larga Escala (LLMs) sob uma ótica técnica e conceitual. Focado em nível avançado, aborda trade-offs arquiteturais, vantagens competitivas, padrões recomendados e diretrizes fundamentais para especialistas que atuam em Inteligência Artificial.",Prof. Diego Henrique Barros
213,Curso Completo de Técnicas de Anonimização e Pseudonimização: Da Teoria à Prática,Curso,Segurança & Governança,Avançado,2306,2024-08-19,"Neste curso aprofundado, você aprenderá de forma estruturada sobre Técnicas de Anonimização e Pseudonimização. O treinamento abrange tópicos de nível avançado, exercícios práticos e construção de projetos completos. Indicado para profissionais que desejam dominar ferramentas modernas e padrões consolidados em Segurança & Governança.",Dr. André Luiz Carvalho
214,Análise Comparativa e Padrões Recomendados em Sistemas de Recomendação por Similaridade,Artigo,Inteligência Artificial,Intermediário,6,2025-08-31,"Artigo técnico detalhado que explora Sistemas de Recomendação por Similaridade sob uma ótica técnica e conceitual. Focado em nível intermediário, aborda trade-offs arquiteturais, vantagens competitivas, padrões recomendados e diretrizes fundamentais para especialistas que atuam em Inteligência Artificial.",Eng. Bruno César Pires
215,Data Insights Ep. 56: Experiências Reais com Processamento Distribuído com Apache Spark,Podcast,Engenharia de Dados,Intermediário,38,2025-01-31,"Episódio enriquecedor com debates aprofundados sobre Processamento Distribuído com Apache Spark. Nesta gravação para o público de nível intermediário, especialistas compartilham experiências práticas, desafios reais do mercado e reflexões sobre impactos estratégicos e técnicos em Engenharia de Dados.",Eng. Rodrigo Alves Mendonça
216,Masterclass de Análise Exploratória de Dados com Pandas para Projetos Reais,Curso,Ciência de Dados,Básico,181,2024-06-09,"Neste curso aprofundado, você aprenderá de forma estruturada sobre Análise Exploratória de Dados com Pandas. O treinamento abrange tópicos de nível básico, exercícios práticos e construção de projetos completos. Indicado para profissionais que desejam dominar ferramentas modernas e padrões consolidados em Ciência de Dados.",Prof. Lucas Fernandes Prado
217,Guia Definitivo e Boas Práticas sobre Modelagem Relacional Avançada no PostgreSQL,Artigo,Banco de Dados,Intermediário,13,2025-06-28,"Artigo técnico detalhado que explora Modelagem Relacional Avançada no PostgreSQL sob uma ótica técnica e conceitual. Focado em nível intermediário, aborda trade-offs arquiteturais, vantagens competitivas, padrões recomendados e diretrizes fundamentais para especialistas que atuam em Banco de Dados.",Dra. Mariana Vasconcelos
218,Como Obter Alta Performance Utilizando Fine-Tuning de Modelos Fundacionais,Artigo,Inteligência Artificial,Básico,23,2024-01-19,"Artigo técnico detalhado que explora Fine-Tuning de Modelos Fundacionais sob uma ótica técnica e conceitual. Focado em nível básico, aborda trade-offs arquiteturais, vantagens competitivas, padrões recomendados e diretrizes fundamentais para especialistas que atuam em Inteligência Artificial.",Dra. Renata Figueiredo Melo
219,Como Implementar Interpretabilidade de Modelos com SHAP e LIME Passo a Passo,Vídeo,Ciência de Dados,Intermediário,53,2026-03-29,"Vídeo prático e objetivo apresentando a aplicação de Interpretabilidade de Modelos com SHAP e LIME. Em formato hands-on com nível intermediário, o conteúdo demonstra resolução de problemas reais, passo a passo detalhado e dicas essenciais de implementação para acelerar seu domínio em Ciência de Dados.",Dra. Mariana Vasconcelos
220,Masterclass de Busca Vetorial com pgvector e Índices HNSW para Projetos Reais,Curso,Banco de Dados,Básico,566,2024-07-28,"Neste curso aprofundado, você aprenderá de forma estruturada sobre Busca Vetorial com pgvector e Índices HNSW. O treinamento abrange tópicos de nível básico, exercícios práticos e construção de projetos completos. Indicado para profissionais que desejam dominar ferramentas modernas e padrões consolidados em Banco de Dados.",Prof. Diego Henrique Barros
221,Data Insights Ep. 4: Experiências Reais com Auditoria e Monitoramento de Logs de Acesso,Podcast,Segurança & Governança,Básico,71,2024-11-08,"Episódio enriquecedor com debates aprofundados sobre Auditoria e Monitoramento de Logs de Acesso. Nesta gravação para o público de nível básico, especialistas compartilham experiências práticas, desafios reais do mercado e reflexões sobre impactos estratégicos e técnicos em Segurança & Governança.",Eng. Felipe Siqueira Castro
222,Como Obter Alta Performance Utilizando Integração de Conectores com SQLAlchemy e Psycopg3,Artigo,Programação & Software,Avançado,26,2024-06-04,"Artigo técnico detalhado que explora Integração de Conectores com SQLAlchemy e Psycopg3 sob uma ótica técnica e conceitual. Focado em nível avançado, aborda trade-offs arquiteturais, vantagens competitivas, padrões recomendados e diretrizes fundamentais para especialistas que atuam em Programação & Software.",Eng. Patrícia Moreira Viana
223,Como Implementar Auditoria e Monitoramento de Logs de Acesso Passo a Passo,Vídeo,Segurança & Governança,Intermediário,69,2026-04-08,"Vídeo prático e objetivo apresentando a aplicação de Auditoria e Monitoramento de Logs de Acesso. Em formato hands-on com nível intermediário, o conteúdo demonstra resolução de problemas reais, passo a passo detalhado e dicas essenciais de implementação para acelerar seu domínio em Segurança & Governança.",Prof. Diego Henrique Barros
224,Estudo Técnico e Decisões de Arquitetura em Design de Dashboards e Eliminação de Chartjunk,Artigo,Business Intelligence,Intermediário,13,2026-04-30,"Artigo técnico detalhado que explora Design de Dashboards e Eliminação de Chartjunk sob uma ótica técnica e conceitual. Focado em nível intermediário, aborda trade-offs arquiteturais, vantagens competitivas, padrões recomendados e diretrizes fundamentais para especialistas que atuam em Business Intelligence.",Eng. Vanessa Cristina Ramos
225,Especialização em Experimentação e Testes A/B Orientados a Dados com Projetos Práticos,Curso,Ciência de Dados,Básico,550,2024-12-14,"Neste curso aprofundado, você aprenderá de forma estruturada sobre Experimentação e Testes A/B Orientados a Dados. O treinamento abrange tópicos de nível básico, exercícios práticos e construção de projetos completos. Indicado para profissionais que desejam dominar ferramentas modernas e padrões consolidados em Ciência de Dados.",Prof. Elmo Batista de Faria
226,Guia Definitivo e Boas Práticas sobre Tipagem Estática e Boas Práticas com Mypy,Artigo,Programação & Software,Intermediário,18,2024-02-19,"Artigo técnico detalhado que explora Tipagem Estática e Boas Práticas com Mypy sob uma ótica técnica e conceitual. Focado em nível intermediário, aborda trade-offs arquiteturais, vantagens competitivas, padrões recomendados e diretrizes fundamentais para especialistas que atuam em Programação & Software.",Dra. Juliana Martins Fontes
227,Tech Talk Ep. 131: Melhores Práticas em Modelagem e Agregações Analíticas no SQL Lab,Podcast,Business Intelligence,Básico,84,2026-03-17,"Episódio enriquecedor com debates aprofundados sobre Modelagem e Agregações Analíticas no SQL Lab. Nesta gravação para o público de nível básico, especialistas compartilham experiências práticas, desafios reais do mercado e reflexões sobre impactos estratégicos e técnicos em Business Intelligence.",Dr. Fernando Zanin Pacheco
228,Solucionando Desafios do Dia a Dia em Integração de Conectores com SQLAlchemy e Psycopg3,Vídeo,Programação & Software,Intermediário,30,2025-09-30,"Vídeo prático e objetivo apresentando a aplicação de Integração de Conectores com SQLAlchemy e Psycopg3. Em formato hands-on com nível intermediário, o conteúdo demonstra resolução de problemas reais, passo a passo detalhado e dicas essenciais de implementação para acelerar seu domínio em Programação & Software.",Dr. Fernando Zanin Pacheco
229,Arquitetura & Código Ep. 79: Inovações em Storytelling com Dados para Apresentações Executivas,Podcast,Business Intelligence,Intermediário,30,2026-06-17,"Episódio enriquecedor com debates aprofundados sobre Storytelling com Dados para Apresentações Executivas. Nesta gravação para o público de nível intermediário, especialistas compartilham experiências práticas, desafios reais do mercado e reflexões sobre impactos estratégicos e técnicos em Business Intelligence.",Dr. André Luiz Carvalho
230,Arquitetura & Código Ep. 139: Inovações em Modelagem Relacional Avançada no PostgreSQL,Podcast,Banco de Dados,Intermediário,56,2026-04-19,"Episódio enriquecedor com debates aprofundados sobre Modelagem Relacional Avançada no PostgreSQL. Nesta gravação para o público de nível intermediário, especialistas compartilham experiências práticas, desafios reais do mercado e reflexões sobre impactos estratégicos e técnicos em Banco de Dados.",Dra. Mariana Vasconcelos
231,"Data Insights Ep. 100: Experiências Reais com Python Avançado: POO, Decorators e Geradores",Podcast,Programação & Software,Intermediário,89,2025-08-29,"Episódio enriquecedor com debates aprofundados sobre Python Avançado: POO, Decorators e Geradores. Nesta gravação para o público de nível intermediário, especialistas compartilham experiências práticas, desafios reais do mercado e reflexões sobre impactos estratégicos e técnicos em Programação & Software.",Profa. Larissa Duarte Toledo
232,Como Obter Alta Performance Utilizando Sistemas de Recomendação por Similaridade,Artigo,Inteligência Artificial,Avançado,6,2025-05-26,"Artigo técnico detalhado que explora Sistemas de Recomendação por Similaridade sob uma ótica técnica e conceitual. Focado em nível avançado, aborda trade-offs arquiteturais, vantagens competitivas, padrões recomendados e diretrizes fundamentais para especialistas que atuam em Inteligência Artificial.",Eng. Bruno César Pires
233,Solucionando Desafios do Dia a Dia em Pipelines e Transformações com Apache Hop,Vídeo,Engenharia de Dados,Avançado,68,2024-02-04,"Vídeo prático e objetivo apresentando a aplicação de Pipelines e Transformações com Apache Hop. Em formato hands-on com nível avançado, o conteúdo demonstra resolução de problemas reais, passo a passo detalhado e dicas essenciais de implementação para acelerar seu domínio em Engenharia de Dados.",Profa. Carla Antunes Silveira
234,Tech Talk Ep. 128: Melhores Práticas em Refatoração de Código e Padrões PEP 8,Podcast,Programação & Software,Intermediário,36,2024-04-25,"Episódio enriquecedor com debates aprofundados sobre Refatoração de Código e Padrões PEP 8. Nesta gravação para o público de nível intermediário, especialistas compartilham experiências práticas, desafios reais do mercado e reflexões sobre impactos estratégicos e técnicos em Programação & Software.",Prof. Elmo Batista de Faria
235,Curso Completo de Auditoria e Monitoramento de Logs de Acesso: Da Teoria à Prática,Curso,Segurança & Governança,Avançado,1921,2026-02-14,"Neste curso aprofundado, você aprenderá de forma estruturada sobre Auditoria e Monitoramento de Logs de Acesso. O treinamento abrange tópicos de nível avançado, exercícios práticos e construção de projetos completos. Indicado para profissionais que desejam dominar ferramentas modernas e padrões consolidados em Segurança & Governança.",Dra. Renata Figueiredo Melo
236,Como Implementar Modelagem Relacional Avançada no PostgreSQL Passo a Passo,Vídeo,Banco de Dados,Intermediário,70,2026-04-02,"Vídeo prático e objetivo apresentando a aplicação de Modelagem Relacional Avançada no PostgreSQL. Em formato hands-on com nível intermediário, o conteúdo demonstra resolução de problemas reais, passo a passo detalhado e dicas essenciais de implementação para acelerar seu domínio em Banco de Dados.",Dr. Marcelo Silveira Neves
237,Solucionando Desafios do Dia a Dia em Storytelling com Dados para Apresentações Executivas,Vídeo,Business Intelligence,Básico,19,2024-02-22,"Vídeo prático e objetivo apresentando a aplicação de Storytelling com Dados para Apresentações Executivas. Em formato hands-on com nível básico, o conteúdo demonstra resolução de problemas reais, passo a passo detalhado e dicas essenciais de implementação para acelerar seu domínio em Business Intelligence.",Profa. Larissa Duarte Toledo
238,Como Implementar Storytelling com Dados para Apresentações Executivas Passo a Passo,Vídeo,Business Intelligence,Básico,38,2024-10-06,"Vídeo prático e objetivo apresentando a aplicação de Storytelling com Dados para Apresentações Executivas. Em formato hands-on com nível básico, o conteúdo demonstra resolução de problemas reais, passo a passo detalhado e dicas essenciais de implementação para acelerar seu domínio em Business Intelligence.",Dr. Marcelo Silveira Neves
239,Tech Talk Ep. 29: Melhores Práticas em Modelagem e Agregações Analíticas no SQL Lab,Podcast,Business Intelligence,Básico,80,2025-12-16,"Episódio enriquecedor com debates aprofundados sobre Modelagem e Agregações Analíticas no SQL Lab. Nesta gravação para o público de nível básico, especialistas compartilham experiências práticas, desafios reais do mercado e reflexões sobre impactos estratégicos e técnicos em Business Intelligence.",Prof. Diego Henrique Barros
240,Papo de Dados Ep. 74: Desvendando Governança de Dados para Aplicações de IA,Podcast,Segurança & Governança,Básico,36,2025-12-16,"Episódio enriquecedor com debates aprofundados sobre Governança de Dados para Aplicações de IA. Nesta gravação para o público de nível básico, especialistas compartilham experiências práticas, desafios reais do mercado e reflexões sobre impactos estratégicos e técnicos em Segurança & Governança.",Eng. Thiago Pinheiro Borges
241,Melhores Práticas e Arquitetura de Storytelling com Dados para Apresentações Executivas,Vídeo,Business Intelligence,Intermediário,58,2024-05-16,"Vídeo prático e objetivo apresentando a aplicação de Storytelling com Dados para Apresentações Executivas. Em formato hands-on com nível intermediário, o conteúdo demonstra resolução de problemas reais, passo a passo detalhado e dicas essenciais de implementação para acelerar seu domínio em Business Intelligence.",Eng. Thiago Pinheiro Borges
242,Melhores Práticas e Arquitetura de Fine-Tuning de Modelos Fundacionais,Vídeo,Inteligência Artificial,Avançado,71,2024-08-09,"Vídeo prático e objetivo apresentando a aplicação de Fine-Tuning de Modelos Fundacionais. Em formato hands-on com nível avançado, o conteúdo demonstra resolução de problemas reais, passo a passo detalhado e dicas essenciais de implementação para acelerar seu domínio em Inteligência Artificial.",Eng. Felipe Siqueira Castro
243,Especialização em Particionamento e Alta Disponibilidade em Bancos com Projetos Práticos,Curso,Banco de Dados,Avançado,2906,2025-08-27,"Neste curso aprofundado, você aprenderá de forma estruturada sobre Particionamento e Alta Disponibilidade em Bancos. O treinamento abrange tópicos de nível avançado, exercícios práticos e construção de projetos completos. Indicado para profissionais que desejam dominar ferramentas modernas e padrões consolidados em Banco de Dados.",Eng. Felipe Siqueira Castro
244,Melhores Práticas e Arquitetura de Técnicas de Anonimização e Pseudonimização,Vídeo,Segurança & Governança,Básico,17,2024-06-25,"Vídeo prático e objetivo apresentando a aplicação de Técnicas de Anonimização e Pseudonimização. Em formato hands-on com nível básico, o conteúdo demonstra resolução de problemas reais, passo a passo detalhado e dicas essenciais de implementação para acelerar seu domínio em Segurança & Governança.",Profa. Carla Antunes Silveira
245,Guia Definitivo e Boas Práticas sobre Técnicas de Anonimização e Pseudonimização,Artigo,Segurança & Governança,Intermediário,25,2026-02-06,"Artigo técnico detalhado que explora Técnicas de Anonimização e Pseudonimização sob uma ótica técnica e conceitual. Focado em nível intermediário, aborda trade-offs arquiteturais, vantagens competitivas, padrões recomendados e diretrizes fundamentais para especialistas que atuam em Segurança & Governança.",Dr. Fernando Zanin Pacheco
246,Guia Definitivo e Boas Práticas sobre Estratégias de Indexação e Performance de Bancos,Artigo,Banco de Dados,Básico,14,2024-06-24,"Artigo técnico detalhado que explora Estratégias de Indexação e Performance de Bancos sob uma ótica técnica e conceitual. Focado em nível básico, aborda trade-offs arquiteturais, vantagens competitivas, padrões recomendados e diretrizes fundamentais para especialistas que atuam em Banco de Dados.",Dra. Juliana Martins Fontes
247,Deep Dive Ep. 49: Casos de Sucesso em Automação de Servidores Linux e Acesso SSH,Podcast,DevOps & Cloud,Avançado,85,2024-04-09,"Episódio enriquecedor com debates aprofundados sobre Automação de Servidores Linux e Acesso SSH. Nesta gravação para o público de nível avançado, especialistas compartilham experiências práticas, desafios reais do mercado e reflexões sobre impactos estratégicos e técnicos em DevOps & Cloud.",Prof. Diego Henrique Barros
248,Tech Talk Ep. 111: Melhores Práticas em Previsão de Séries Temporais e Tendências,Podcast,Ciência de Dados,Intermediário,29,2025-12-25,"Episódio enriquecedor com debates aprofundados sobre Previsão de Séries Temporais e Tendências. Nesta gravação para o público de nível intermediário, especialistas compartilham experiências práticas, desafios reais do mercado e reflexões sobre impactos estratégicos e técnicos em Ciência de Dados.",Dr. Marcelo Silveira Neves
249,Guia Definitivo e Boas Práticas sobre Conteinerização com Docker e Docker Compose,Artigo,DevOps & Cloud,Básico,16,2025-09-18,"Artigo técnico detalhado que explora Conteinerização com Docker e Docker Compose sob uma ótica técnica e conceitual. Focado em nível básico, aborda trade-offs arquiteturais, vantagens competitivas, padrões recomendados e diretrizes fundamentais para especialistas que atuam em DevOps & Cloud.",Prof. Gabriel Santana Ribeiro
250,Data Insights Ep. 137: Experiências Reais com Arquitetura de Dados Resiliente e Tolerante a Falhas,Podcast,Engenharia de Dados,Intermediário,61,2024-12-03,"Episódio enriquecedor com debates aprofundados sobre Arquitetura de Dados Resiliente e Tolerante a Falhas. Nesta gravação para o público de nível intermediário, especialistas compartilham experiências práticas, desafios reais do mercado e reflexões sobre impactos estratégicos e técnicos em Engenharia de Dados.",Dra. Camila Guimarães Rocha
251,Construindo Aplicações Robustas com Controle de Acesso Baseado em Papéis (RBAC),Curso,Segurança & Governança,Avançado,1672,2024-10-18,"Neste curso aprofundado, você aprenderá de forma estruturada sobre Controle de Acesso Baseado em Papéis (RBAC). O treinamento abrange tópicos de nível avançado, exercícios práticos e construção de projetos completos. Indicado para profissionais que desejam dominar ferramentas modernas e padrões consolidados em Segurança & Governança.",Eng. Bruno César Pires
252,Masterclass de Processamento Distribuído com Apache Spark para Projetos Reais,Curso,Engenharia de Dados,Básico,561,2025-03-14,"Neste curso aprofundado, você aprenderá de forma estruturada sobre Processamento Distribuído com Apache Spark. O treinamento abrange tópicos de nível básico, exercícios práticos e construção de projetos completos. Indicado para profissionais que desejam dominar ferramentas modernas e padrões consolidados em Engenharia de Dados.",Dra. Camila Guimarães Rocha
253,"Princípios Essenciais e Arquitetura de Ingestão Eficiente de CSV, JSON e Parquet",Artigo,Engenharia de Dados,Avançado,21,2026-01-16,"Artigo técnico detalhado que explora Ingestão Eficiente de CSV, JSON e Parquet sob uma ótica técnica e conceitual. Focado em nível avançado, aborda trade-offs arquiteturais, vantagens competitivas, padrões recomendados e diretrizes fundamentais para especialistas que atuam em Engenharia de Dados.",Eng. Rodrigo Alves Mendonça
254,Guia Definitivo e Boas Práticas sobre APIs RESTful de Alta Performance com FastAPI,Artigo,Programação & Software,Básico,8,2025-08-12,"Artigo técnico detalhado que explora APIs RESTful de Alta Performance com FastAPI sob uma ótica técnica e conceitual. Focado em nível básico, aborda trade-offs arquiteturais, vantagens competitivas, padrões recomendados e diretrizes fundamentais para especialistas que atuam em Programação & Software.",Dra. Juliana Martins Fontes
255,Guia Definitivo e Boas Práticas sobre Storytelling com Dados para Apresentações Executivas,Artigo,Business Intelligence,Intermediário,8,2024-12-29,"Artigo técnico detalhado que explora Storytelling com Dados para Apresentações Executivas sob uma ótica técnica e conceitual. Focado em nível intermediário, aborda trade-offs arquiteturais, vantagens competitivas, padrões recomendados e diretrizes fundamentais para especialistas que atuam em Business Intelligence.",Prof. Diego Henrique Barros
256,Princípios Essenciais e Arquitetura de Experimentação e Testes A/B Orientados a Dados,Artigo,Ciência de Dados,Avançado,6,2025-11-15,"Artigo técnico detalhado que explora Experimentação e Testes A/B Orientados a Dados sob uma ótica técnica e conceitual. Focado em nível avançado, aborda trade-offs arquiteturais, vantagens competitivas, padrões recomendados e diretrizes fundamentais para especialistas que atuam em Ciência de Dados.",Eng. Felipe Siqueira Castro
257,Guia Definitivo e Boas Práticas sobre Governança e Padronização de Painéis de Indicadores,Artigo,Business Intelligence,Avançado,25,2026-05-12,"Artigo técnico detalhado que explora Governança e Padronização de Painéis de Indicadores sob uma ótica técnica e conceitual. Focado em nível avançado, aborda trade-offs arquiteturais, vantagens competitivas, padrões recomendados e diretrizes fundamentais para especialistas que atuam em Business Intelligence.",Eng. Rodrigo Alves Mendonça
258,Formação Prática em Governança e Padronização de Painéis de Indicadores: Fundamentos e Aplicação,Curso,Business Intelligence,Avançado,1510,2026-03-19,"Neste curso aprofundado, você aprenderá de forma estruturada sobre Governança e Padronização de Painéis de Indicadores. O treinamento abrange tópicos de nível avançado, exercícios práticos e construção de projetos completos. Indicado para profissionais que desejam dominar ferramentas modernas e padrões consolidados em Business Intelligence.",Prof. Gabriel Santana Ribeiro
259,Guia Rápido e Hands-on: Detecção de Anomalias em Grandes Volumes,Vídeo,Ciência de Dados,Avançado,93,2025-10-23,"Vídeo prático e objetivo apresentando a aplicação de Detecção de Anomalias em Grandes Volumes. Em formato hands-on com nível avançado, o conteúdo demonstra resolução de problemas reais, passo a passo detalhado e dicas essenciais de implementação para acelerar seu domínio em Ciência de Dados.",Profa. Carla Antunes Silveira
260,Deep Dive Ep. 84: Casos de Sucesso em Orquestração de Microsserviços com Kubernetes,Podcast,DevOps & Cloud,Intermediário,61,2024-05-24,"Episódio enriquecedor com debates aprofundados sobre Orquestração de Microsserviços com Kubernetes. Nesta gravação para o público de nível intermediário, especialistas compartilham experiências práticas, desafios reais do mercado e reflexões sobre impactos estratégicos e técnicos em DevOps & Cloud.",Eng. Patrícia Moreira Viana
261,Deep Dive Ep. 3: Casos de Sucesso em Storytelling com Dados para Apresentações Executivas,Podcast,Business Intelligence,Avançado,67,2025-08-19,"Episódio enriquecedor com debates aprofundados sobre Storytelling com Dados para Apresentações Executivas. Nesta gravação para o público de nível avançado, especialistas compartilham experiências práticas, desafios reais do mercado e reflexões sobre impactos estratégicos e técnicos em Business Intelligence.",Eng. Patrícia Moreira Viana
262,Construindo Aplicações Robustas com Tipagem Estática e Boas Práticas com Mypy,Curso,Programação & Software,Intermediário,1047,2026-02-06,"Neste curso aprofundado, você aprenderá de forma estruturada sobre Tipagem Estática e Boas Práticas com Mypy. O treinamento abrange tópicos de nível intermediário, exercícios práticos e construção de projetos completos. Indicado para profissionais que desejam dominar ferramentas modernas e padrões consolidados em Programação & Software.",Dra. Mariana Vasconcelos
263,Como Obter Alta Performance Utilizando Integração Híbrida PostgreSQL e NoSQL MongoDB,Artigo,Banco de Dados,Intermediário,7,2025-06-17,"Artigo técnico detalhado que explora Integração Híbrida PostgreSQL e NoSQL MongoDB sob uma ótica técnica e conceitual. Focado em nível intermediário, aborda trade-offs arquiteturais, vantagens competitivas, padrões recomendados e diretrizes fundamentais para especialistas que atuam em Banco de Dados.",Dr. Marcelo Silveira Neves
264,Análise Prática e Demonstração de Dashboards Estratégicos no Apache Superset,Vídeo,Business Intelligence,Avançado,55,2024-08-09,"Vídeo prático e objetivo apresentando a aplicação de Dashboards Estratégicos no Apache Superset. Em formato hands-on com nível avançado, o conteúdo demonstra resolução de problemas reais, passo a passo detalhado e dicas essenciais de implementação para acelerar seu domínio em Business Intelligence.",Eng. Thiago Pinheiro Borges
265,Deep Dive Ep. 74: Casos de Sucesso em Conteinerização com Docker e Docker Compose,Podcast,DevOps & Cloud,Intermediário,45,2025-02-28,"Episódio enriquecedor com debates aprofundados sobre Conteinerização com Docker e Docker Compose. Nesta gravação para o público de nível intermediário, especialistas compartilham experiências práticas, desafios reais do mercado e reflexões sobre impactos estratégicos e técnicos em DevOps & Cloud.",Profa. Larissa Duarte Toledo
266,Curso Completo de Modelagem e Agregações Analíticas no SQL Lab: Da Teoria à Prática,Curso,Business Intelligence,Básico,263,2024-10-06,"Neste curso aprofundado, você aprenderá de forma estruturada sobre Modelagem e Agregações Analíticas no SQL Lab. O treinamento abrange tópicos de nível básico, exercícios práticos e construção de projetos completos. Indicado para profissionais que desejam dominar ferramentas modernas e padrões consolidados em Business Intelligence.",Dr. André Luiz Carvalho
267,Especialização em Controle de Acesso Baseado em Papéis (RBAC) com Projetos Práticos,Curso,Segurança & Governança,Intermediário,995,2024-07-18,"Neste curso aprofundado, você aprenderá de forma estruturada sobre Controle de Acesso Baseado em Papéis (RBAC). O treinamento abrange tópicos de nível intermediário, exercícios práticos e construção de projetos completos. Indicado para profissionais que desejam dominar ferramentas modernas e padrões consolidados em Segurança & Governança.",Eng. Bruno César Pires
268,Data Insights Ep. 70: Experiências Reais com Fine-Tuning de Modelos Fundacionais,Podcast,Inteligência Artificial,Básico,34,2025-06-16,"Episódio enriquecedor com debates aprofundados sobre Fine-Tuning de Modelos Fundacionais. Nesta gravação para o público de nível básico, especialistas compartilham experiências práticas, desafios reais do mercado e reflexões sobre impactos estratégicos e técnicos em Inteligência Artificial.",Dr. Marcelo Silveira Neves
269,Especialização em Previsão de Séries Temporais e Tendências com Projetos Práticos,Curso,Ciência de Dados,Básico,613,2024-08-21,"Neste curso aprofundado, você aprenderá de forma estruturada sobre Previsão de Séries Temporais e Tendências. O treinamento abrange tópicos de nível básico, exercícios práticos e construção de projetos completos. Indicado para profissionais que desejam dominar ferramentas modernas e padrões consolidados em Ciência de Dados.",Prof. Lucas Fernandes Prado
270,Como Obter Alta Performance Utilizando Experimentação e Testes A/B Orientados a Dados,Artigo,Ciência de Dados,Avançado,28,2025-02-16,"Artigo técnico detalhado que explora Experimentação e Testes A/B Orientados a Dados sob uma ótica técnica e conceitual. Focado em nível avançado, aborda trade-offs arquiteturais, vantagens competitivas, padrões recomendados e diretrizes fundamentais para especialistas que atuam em Ciência de Dados.",Prof. Lucas Fernandes Prado
271,Especialização em Criptografia de Dados em Repouso e em Trânsito com Projetos Práticos,Curso,Segurança & Governança,Intermediário,715,2025-05-22,"Neste curso aprofundado, você aprenderá de forma estruturada sobre Criptografia de Dados em Repouso e em Trânsito. O treinamento abrange tópicos de nível intermediário, exercícios práticos e construção de projetos completos. Indicado para profissionais que desejam dominar ferramentas modernas e padrões consolidados em Segurança & Governança.",Dra. Mariana Vasconcelos
272,Guia Definitivo e Boas Práticas sobre Estruturas de Dados e Algoritmos Eficientes,Artigo,Programação & Software,Intermediário,9,2024-01-14,"Artigo técnico detalhado que explora Estruturas de Dados e Algoritmos Eficientes sob uma ótica técnica e conceitual. Focado em nível intermediário, aborda trade-offs arquiteturais, vantagens competitivas, padrões recomendados e diretrizes fundamentais para especialistas que atuam em Programação & Software.",Eng. Felipe Siqueira Castro
273,Como Obter Alta Performance Utilizando Infraestrutura como Código com Terraform,Artigo,DevOps & Cloud,Avançado,5,2026-04-08,"Artigo técnico detalhado que explora Infraestrutura como Código com Terraform sob uma ótica técnica e conceitual. Focado em nível avançado, aborda trade-offs arquiteturais, vantagens competitivas, padrões recomendados e diretrizes fundamentais para especialistas que atuam em DevOps & Cloud.",Eng. Felipe Siqueira Castro
274,Estudo Técnico e Decisões de Arquitetura em Governança de Dados para Aplicações de IA,Artigo,Segurança & Governança,Avançado,7,2026-04-30,"Artigo técnico detalhado que explora Governança de Dados para Aplicações de IA sob uma ótica técnica e conceitual. Focado em nível avançado, aborda trade-offs arquiteturais, vantagens competitivas, padrões recomendados e diretrizes fundamentais para especialistas que atuam em Segurança & Governança.",Prof. Diego Henrique Barros
275,Deep Dive Ep. 148: Casos de Sucesso em Prevenção contra Vazamentos e Segurança em APIs,Podcast,Segurança & Governança,Intermediário,76,2026-03-02,"Episódio enriquecedor com debates aprofundados sobre Prevenção contra Vazamentos e Segurança em APIs. Nesta gravação para o público de nível intermediário, especialistas compartilham experiências práticas, desafios reais do mercado e reflexões sobre impactos estratégicos e técnicos em Segurança & Governança.",Prof. Lucas Fernandes Prado
276,Data Insights Ep. 82: Experiências Reais com Prevenção contra Vazamentos e Segurança em APIs,Podcast,Segurança & Governança,Avançado,87,2024-12-13,"Episódio enriquecedor com debates aprofundados sobre Prevenção contra Vazamentos e Segurança em APIs. Nesta gravação para o público de nível avançado, especialistas compartilham experiências práticas, desafios reais do mercado e reflexões sobre impactos estratégicos e técnicos em Segurança & Governança.",Dr. Marcelo Silveira Neves
277,Data Insights Ep. 136: Experiências Reais com Mensageria e Streaming com Apache Kafka,Podcast,Engenharia de Dados,Intermediário,49,2026-05-15,"Episódio enriquecedor com debates aprofundados sobre Mensageria e Streaming com Apache Kafka. Nesta gravação para o público de nível intermediário, especialistas compartilham experiências práticas, desafios reais do mercado e reflexões sobre impactos estratégicos e técnicos em Engenharia de Dados.",Dr. Marcelo Silveira Neves
278,"Arquitetura & Código Ep. 129: Inovações em Ingestão Eficiente de CSV, JSON e Parquet",Podcast,Engenharia de Dados,Avançado,68,2024-07-11,"Episódio enriquecedor com debates aprofundados sobre Ingestão Eficiente de CSV, JSON e Parquet. Nesta gravação para o público de nível avançado, especialistas compartilham experiências práticas, desafios reais do mercado e reflexões sobre impactos estratégicos e técnicos em Engenharia de Dados.",Eng. Rodrigo Alves Mendonça
279,Deep Dive Ep. 117: Casos de Sucesso em Consultas e Índices GIN com JSONB no PostgreSQL,Podcast,Banco de Dados,Intermediário,33,2025-05-15,"Episódio enriquecedor com debates aprofundados sobre Consultas e Índices GIN com JSONB no PostgreSQL. Nesta gravação para o público de nível intermediário, especialistas compartilham experiências práticas, desafios reais do mercado e reflexões sobre impactos estratégicos e técnicos em Banco de Dados.",Eng. Vanessa Cristina Ramos
280,Como Obter Alta Performance Utilizando Clusterização e Segmentação de Perfis,Artigo,Ciência de Dados,Avançado,11,2024-05-22,"Artigo técnico detalhado que explora Clusterização e Segmentação de Perfis sob uma ótica técnica e conceitual. Focado em nível avançado, aborda trade-offs arquiteturais, vantagens competitivas, padrões recomendados e diretrizes fundamentais para especialistas que atuam em Ciência de Dados.",Prof. Elmo Batista de Faria
281,Masterclass de Embeddings Vetoriais e Representação Semântica para Projetos Reais,Curso,Inteligência Artificial,Básico,389,2026-02-24,"Neste curso aprofundado, você aprenderá de forma estruturada sobre Embeddings Vetoriais e Representação Semântica. O treinamento abrange tópicos de nível básico, exercícios práticos e construção de projetos completos. Indicado para profissionais que desejam dominar ferramentas modernas e padrões consolidados em Inteligência Artificial.",Dra. Juliana Martins Fontes
282,Deep Dive Ep. 11: Casos de Sucesso em Conteinerização com Docker e Docker Compose,Podcast,DevOps & Cloud,Intermediário,85,2026-04-14,"Episódio enriquecedor com debates aprofundados sobre Conteinerização com Docker e Docker Compose. Nesta gravação para o público de nível intermediário, especialistas compartilham experiências práticas, desafios reais do mercado e reflexões sobre impactos estratégicos e técnicos em DevOps & Cloud.",Prof. Diego Henrique Barros
283,Arquitetura & Código Ep. 23: Inovações em Monitoramento com Prometheus e Grafana,Podcast,DevOps & Cloud,Intermediário,28,2024-04-23,"Episódio enriquecedor com debates aprofundados sobre Monitoramento com Prometheus e Grafana. Nesta gravação para o público de nível intermediário, especialistas compartilham experiências práticas, desafios reais do mercado e reflexões sobre impactos estratégicos e técnicos em DevOps & Cloud.",Profa. Larissa Duarte Toledo
284,Guia Rápido e Hands-on: Interpretabilidade de Modelos com SHAP e LIME,Vídeo,Ciência de Dados,Básico,15,2025-05-08,"Vídeo prático e objetivo apresentando a aplicação de Interpretabilidade de Modelos com SHAP e LIME. Em formato hands-on com nível básico, o conteúdo demonstra resolução de problemas reais, passo a passo detalhado e dicas essenciais de implementação para acelerar seu domínio em Ciência de Dados.",Eng. Patrícia Moreira Viana
285,Como Obter Alta Performance Utilizando Visão Computacional e Processamento de Imagens,Artigo,Inteligência Artificial,Básico,8,2024-11-28,"Artigo técnico detalhado que explora Visão Computacional e Processamento de Imagens sob uma ótica técnica e conceitual. Focado em nível básico, aborda trade-offs arquiteturais, vantagens competitivas, padrões recomendados e diretrizes fundamentais para especialistas que atuam em Inteligência Artificial.",Profa. Carla Antunes Silveira
286,Guia Rápido e Hands-on: Prevenção contra Vazamentos e Segurança em APIs,Vídeo,Segurança & Governança,Intermediário,55,2025-05-07,"Vídeo prático e objetivo apresentando a aplicação de Prevenção contra Vazamentos e Segurança em APIs. Em formato hands-on com nível intermediário, o conteúdo demonstra resolução de problemas reais, passo a passo detalhado e dicas essenciais de implementação para acelerar seu domínio em Segurança & Governança.",Prof. Gabriel Santana Ribeiro
287,Tech Talk Ep. 36: Melhores Práticas em Visão Computacional e Processamento de Imagens,Podcast,Inteligência Artificial,Intermediário,53,2024-04-03,"Episódio enriquecedor com debates aprofundados sobre Visão Computacional e Processamento de Imagens. Nesta gravação para o público de nível intermediário, especialistas compartilham experiências práticas, desafios reais do mercado e reflexões sobre impactos estratégicos e técnicos em Inteligência Artificial.",Eng. Felipe Siqueira Castro
288,Estudo Técnico e Decisões de Arquitetura em Infraestrutura como Código com Terraform,Artigo,DevOps & Cloud,Avançado,8,2024-08-19,"Artigo técnico detalhado que explora Infraestrutura como Código com Terraform sob uma ótica técnica e conceitual. Focado em nível avançado, aborda trade-offs arquiteturais, vantagens competitivas, padrões recomendados e diretrizes fundamentais para especialistas que atuam em DevOps & Cloud.",Eng. Felipe Siqueira Castro
289,Data Insights Ep. 58: Experiências Reais com Storytelling com Dados para Apresentações Executivas,Podcast,Business Intelligence,Básico,30,2025-08-08,"Episódio enriquecedor com debates aprofundados sobre Storytelling com Dados para Apresentações Executivas. Nesta gravação para o público de nível básico, especialistas compartilham experiências práticas, desafios reais do mercado e reflexões sobre impactos estratégicos e técnicos em Business Intelligence.",Dr. Marcelo Silveira Neves
290,Como Obter Alta Performance Utilizando Integração Híbrida PostgreSQL e NoSQL MongoDB,Artigo,Banco de Dados,Básico,8,2024-11-03,"Artigo técnico detalhado que explora Integração Híbrida PostgreSQL e NoSQL MongoDB sob uma ótica técnica e conceitual. Focado em nível básico, aborda trade-offs arquiteturais, vantagens competitivas, padrões recomendados e diretrizes fundamentais para especialistas que atuam em Banco de Dados.",Profa. Beatriz Helena Nogueira
291,Melhores Práticas e Arquitetura de Escalabilidade e Gestão de Custos em Cloud,Vídeo,DevOps & Cloud,Básico,42,2024-04-13,"Vídeo prático e objetivo apresentando a aplicação de Escalabilidade e Gestão de Custos em Cloud. Em formato hands-on com nível básico, o conteúdo demonstra resolução de problemas reais, passo a passo detalhado e dicas essenciais de implementação para acelerar seu domínio em DevOps & Cloud.",Prof. Gabriel Santana Ribeiro
292,Guia Definitivo e Boas Práticas sobre Controle de Acesso Baseado em Papéis (RBAC),Artigo,Segurança & Governança,Intermediário,22,2025-01-26,"Artigo técnico detalhado que explora Controle de Acesso Baseado em Papéis (RBAC) sob uma ótica técnica e conceitual. Focado em nível intermediário, aborda trade-offs arquiteturais, vantagens competitivas, padrões recomendados e diretrizes fundamentais para especialistas que atuam em Segurança & Governança.",Profa. Larissa Duarte Toledo
293,Análise Prática e Demonstração de Técnicas de Anonimização e Pseudonimização,Vídeo,Segurança & Governança,Básico,11,2026-04-05,"Vídeo prático e objetivo apresentando a aplicação de Técnicas de Anonimização e Pseudonimização. Em formato hands-on com nível básico, o conteúdo demonstra resolução de problemas reais, passo a passo detalhado e dicas essenciais de implementação para acelerar seu domínio em Segurança & Governança.",Prof. Gabriel Santana Ribeiro
294,Como Implementar Tipagem Estática e Boas Práticas com Mypy Passo a Passo,Vídeo,Programação & Software,Básico,21,2025-02-07,"Vídeo prático e objetivo apresentando a aplicação de Tipagem Estática e Boas Práticas com Mypy. Em formato hands-on com nível básico, o conteúdo demonstra resolução de problemas reais, passo a passo detalhado e dicas essenciais de implementação para acelerar seu domínio em Programação & Software.",Dr. Fernando Zanin Pacheco
295,Análise Comparativa e Padrões Recomendados em Métricas de Avaliação de Modelos Preditivos,Artigo,Ciência de Dados,Avançado,10,2025-04-28,"Artigo técnico detalhado que explora Métricas de Avaliação de Modelos Preditivos sob uma ótica técnica e conceitual. Focado em nível avançado, aborda trade-offs arquiteturais, vantagens competitivas, padrões recomendados e diretrizes fundamentais para especialistas que atuam em Ciência de Dados.",Eng. Rodrigo Alves Mendonça
296,Especialização em Infraestrutura como Código com Terraform com Projetos Práticos,Curso,DevOps & Cloud,Avançado,3577,2024-11-08,"Neste curso aprofundado, você aprenderá de forma estruturada sobre Infraestrutura como Código com Terraform. O treinamento abrange tópicos de nível avançado, exercícios práticos e construção de projetos completos. Indicado para profissionais que desejam dominar ferramentas modernas e padrões consolidados em DevOps & Cloud.",Dr. Marcelo Silveira Neves
297,Construindo Aplicações Robustas com Gerenciamento de Ambientes e Segredos em Nuvem,Curso,DevOps & Cloud,Básico,232,2024-01-19,"Neste curso aprofundado, você aprenderá de forma estruturada sobre Gerenciamento de Ambientes e Segredos em Nuvem. O treinamento abrange tópicos de nível básico, exercícios práticos e construção de projetos completos. Indicado para profissionais que desejam dominar ferramentas modernas e padrões consolidados em DevOps & Cloud.",Dra. Camila Guimarães Rocha
298,Data Insights Ep. 94: Experiências Reais com Visão Computacional e Processamento de Imagens,Podcast,Inteligência Artificial,Intermediário,67,2025-04-05,"Episódio enriquecedor com debates aprofundados sobre Visão Computacional e Processamento de Imagens. Nesta gravação para o público de nível intermediário, especialistas compartilham experiências práticas, desafios reais do mercado e reflexões sobre impactos estratégicos e técnicos em Inteligência Artificial.",Eng. Felipe Siqueira Castro
299,Melhores Práticas e Arquitetura de Previsão de Séries Temporais e Tendências,Vídeo,Ciência de Dados,Avançado,74,2024-02-19,"Vídeo prático e objetivo apresentando a aplicação de Previsão de Séries Temporais e Tendências. Em formato hands-on com nível avançado, o conteúdo demonstra resolução de problemas reais, passo a passo detalhado e dicas essenciais de implementação para acelerar seu domínio em Ciência de Dados.",Eng. Felipe Siqueira Castro
300,Melhores Práticas e Arquitetura de Tipagem Estática e Boas Práticas com Mypy,Vídeo,Programação & Software,Intermediário,63,2025-08-25,"Vídeo prático e objetivo apresentando a aplicação de Tipagem Estática e Boas Práticas com Mypy. Em formato hands-on com nível intermediário, o conteúdo demonstra resolução de problemas reais, passo a passo detalhado e dicas essenciais de implementação para acelerar seu domínio em Programação & Software.",Dra. Renata Figueiredo Melo
301,Análise Prática e Demonstração de Engenharia de Recursos e Pré-processamento,Vídeo,Ciência de Dados,Avançado,45,2026-03-22,"Vídeo prático e objetivo apresentando a aplicação de Engenharia de Recursos e Pré-processamento. Em formato hands-on com nível avançado, o conteúdo demonstra resolução de problemas reais, passo a passo detalhado e dicas essenciais de implementação para acelerar seu domínio em Ciência de Dados.",Dra. Juliana Martins Fontes
302,Masterclass de APIs RESTful de Alta Performance com FastAPI para Projetos Reais,Curso,Programação & Software,Avançado,3007,2025-01-13,"Neste curso aprofundado, você aprenderá de forma estruturada sobre APIs RESTful de Alta Performance com FastAPI. O treinamento abrange tópicos de nível avançado, exercícios práticos e construção de projetos completos. Indicado para profissionais que desejam dominar ferramentas modernas e padrões consolidados em Programação & Software.",Dra. Juliana Martins Fontes
303,Guia Rápido e Hands-on: Monitoramento com Prometheus e Grafana,Vídeo,DevOps & Cloud,Avançado,81,2025-05-25,"Vídeo prático e objetivo apresentando a aplicação de Monitoramento com Prometheus e Grafana. Em formato hands-on com nível avançado, o conteúdo demonstra resolução de problemas reais, passo a passo detalhado e dicas essenciais de implementação para acelerar seu domínio em DevOps & Cloud.",Eng. Patrícia Moreira Viana
304,Análise Comparativa e Padrões Recomendados em Orquestração de Microsserviços com Kubernetes,Artigo,DevOps & Cloud,Avançado,30,2026-01-17,"Artigo técnico detalhado que explora Orquestração de Microsserviços com Kubernetes sob uma ótica técnica e conceitual. Focado em nível avançado, aborda trade-offs arquiteturais, vantagens competitivas, padrões recomendados e diretrizes fundamentais para especialistas que atuam em DevOps & Cloud.",Eng. Thiago Pinheiro Borges
305,Como Implementar Estratégias de Indexação e Performance de Bancos Passo a Passo,Vídeo,Banco de Dados,Avançado,50,2026-02-15,"Vídeo prático e objetivo apresentando a aplicação de Estratégias de Indexação e Performance de Bancos. Em formato hands-on com nível avançado, o conteúdo demonstra resolução de problemas reais, passo a passo detalhado e dicas essenciais de implementação para acelerar seu domínio em Banco de Dados.",Profa. Beatriz Helena Nogueira
306,Deep Dive Ep. 114: Casos de Sucesso em Fundamentos de Deep Learning com PyTorch,Podcast,Inteligência Artificial,Avançado,52,2024-01-12,"Episódio enriquecedor com debates aprofundados sobre Fundamentos de Deep Learning com PyTorch. Nesta gravação para o público de nível avançado, especialistas compartilham experiências práticas, desafios reais do mercado e reflexões sobre impactos estratégicos e técnicos em Inteligência Artificial.",Dr. André Luiz Carvalho
307,Deep Dive Ep. 2: Casos de Sucesso em Infraestrutura como Código com Terraform,Podcast,DevOps & Cloud,Intermediário,65,2025-05-20,"Episódio enriquecedor com debates aprofundados sobre Infraestrutura como Código com Terraform. Nesta gravação para o público de nível intermediário, especialistas compartilham experiências práticas, desafios reais do mercado e reflexões sobre impactos estratégicos e técnicos em DevOps & Cloud.",Dra. Renata Figueiredo Melo
308,Papo de Dados Ep. 142: Desvendando Mensageria e Streaming com Apache Kafka,Podcast,Engenharia de Dados,Avançado,52,2026-03-04,"Episódio enriquecedor com debates aprofundados sobre Mensageria e Streaming com Apache Kafka. Nesta gravação para o público de nível avançado, especialistas compartilham experiências práticas, desafios reais do mercado e reflexões sobre impactos estratégicos e técnicos em Engenharia de Dados.",Prof. Diego Henrique Barros
309,Tech Talk Ep. 149: Melhores Práticas em Engenharia de Prompts e Agentes Inteligentes,Podcast,Inteligência Artificial,Intermediário,48,2026-03-27,"Episódio enriquecedor com debates aprofundados sobre Engenharia de Prompts e Agentes Inteligentes. Nesta gravação para o público de nível intermediário, especialistas compartilham experiências práticas, desafios reais do mercado e reflexões sobre impactos estratégicos e técnicos em Inteligência Artificial.",Dra. Juliana Martins Fontes
310,Papo de Dados Ep. 121: Desvendando Pipelines de CI/CD para Engenharia de Dados,Podcast,DevOps & Cloud,Intermediário,49,2024-01-28,"Episódio enriquecedor com debates aprofundados sobre Pipelines de CI/CD para Engenharia de Dados. Nesta gravação para o público de nível intermediário, especialistas compartilham experiências práticas, desafios reais do mercado e reflexões sobre impactos estratégicos e técnicos em DevOps & Cloud.",Dra. Renata Figueiredo Melo
311,"Masterclass de Ingestão Eficiente de CSV, JSON e Parquet para Projetos Reais",Curso,Engenharia de Dados,Intermediário,1078,2024-08-19,"Neste curso aprofundado, você aprenderá de forma estruturada sobre Ingestão Eficiente de CSV, JSON e Parquet. O treinamento abrange tópicos de nível intermediário, exercícios práticos e construção de projetos completos. Indicado para profissionais que desejam dominar ferramentas modernas e padrões consolidados em Engenharia de Dados.",Dra. Mariana Vasconcelos
312,Tech Talk Ep. 127: Melhores Práticas em Storytelling com Dados para Apresentações Executivas,Podcast,Business Intelligence,Intermediário,62,2024-08-19,"Episódio enriquecedor com debates aprofundados sobre Storytelling com Dados para Apresentações Executivas. Nesta gravação para o público de nível intermediário, especialistas compartilham experiências práticas, desafios reais do mercado e reflexões sobre impactos estratégicos e técnicos em Business Intelligence.",Dr. Marcelo Silveira Neves
313,Curso Completo de Modelagem e Agregações Analíticas no SQL Lab: Da Teoria à Prática,Curso,Business Intelligence,Básico,284,2025-05-16,"Neste curso aprofundado, você aprenderá de forma estruturada sobre Modelagem e Agregações Analíticas no SQL Lab. O treinamento abrange tópicos de nível básico, exercícios práticos e construção de projetos completos. Indicado para profissionais que desejam dominar ferramentas modernas e padrões consolidados em Business Intelligence.",Eng. Felipe Siqueira Castro
314,Tech Talk Ep. 44: Melhores Práticas em Visão Computacional e Processamento de Imagens,Podcast,Inteligência Artificial,Avançado,67,2024-04-14,"Episódio enriquecedor com debates aprofundados sobre Visão Computacional e Processamento de Imagens. Nesta gravação para o público de nível avançado, especialistas compartilham experiências práticas, desafios reais do mercado e reflexões sobre impactos estratégicos e técnicos em Inteligência Artificial.",Dra. Juliana Martins Fontes
315,Análise Prática e Demonstração de Sistemas de Recomendação por Similaridade,Vídeo,Inteligência Artificial,Avançado,96,2025-04-02,"Vídeo prático e objetivo apresentando a aplicação de Sistemas de Recomendação por Similaridade. Em formato hands-on com nível avançado, o conteúdo demonstra resolução de problemas reais, passo a passo detalhado e dicas essenciais de implementação para acelerar seu domínio em Inteligência Artificial.",Eng. Thiago Pinheiro Borges
316,"Melhores Práticas e Arquitetura de Python Avançado: POO, Decorators e Geradores",Vídeo,Programação & Software,Intermediário,63,2025-06-04,"Vídeo prático e objetivo apresentando a aplicação de Python Avançado: POO, Decorators e Geradores. Em formato hands-on com nível intermediário, o conteúdo demonstra resolução de problemas reais, passo a passo detalhado e dicas essenciais de implementação para acelerar seu domínio em Programação & Software.",Eng. Thiago Pinheiro Borges
317,Melhores Práticas e Arquitetura de Estatística Descritiva e Inferencial para Decisão,Vídeo,Ciência de Dados,Avançado,102,2025-05-02,"Vídeo prático e objetivo apresentando a aplicação de Estatística Descritiva e Inferencial para Decisão. Em formato hands-on com nível avançado, o conteúdo demonstra resolução de problemas reais, passo a passo detalhado e dicas essenciais de implementação para acelerar seu domínio em Ciência de Dados.",Dra. Camila Guimarães Rocha
318,Formação Prática em Machine Learning Supervisionado com Scikit-Learn: Fundamentos e Aplicação,Curso,Ciência de Dados,Intermediário,629,2026-06-29,"Neste curso aprofundado, você aprenderá de forma estruturada sobre Machine Learning Supervisionado com Scikit-Learn. O treinamento abrange tópicos de nível intermediário, exercícios práticos e construção de projetos completos. Indicado para profissionais que desejam dominar ferramentas modernas e padrões consolidados em Ciência de Dados.",Profa. Larissa Duarte Toledo
319,Especialização em Sistemas de Recomendação por Similaridade com Projetos Práticos,Curso,Inteligência Artificial,Avançado,2776,2024-11-07,"Neste curso aprofundado, você aprenderá de forma estruturada sobre Sistemas de Recomendação por Similaridade. O treinamento abrange tópicos de nível avançado, exercícios práticos e construção de projetos completos. Indicado para profissionais que desejam dominar ferramentas modernas e padrões consolidados em Inteligência Artificial.",Eng. Patrícia Moreira Viana
320,Arquitetura & Código Ep. 111: Inovações em Prevenção contra Vazamentos e Segurança em APIs,Podcast,Segurança & Governança,Básico,89,2025-08-17,"Episódio enriquecedor com debates aprofundados sobre Prevenção contra Vazamentos e Segurança em APIs. Nesta gravação para o público de nível básico, especialistas compartilham experiências práticas, desafios reais do mercado e reflexões sobre impactos estratégicos e técnicos em Segurança & Governança.",Prof. Lucas Fernandes Prado
321,Papo de Dados Ep. 49: Desvendando Auditoria e Monitoramento de Logs de Acesso,Podcast,Segurança & Governança,Avançado,62,2026-06-22,"Episódio enriquecedor com debates aprofundados sobre Auditoria e Monitoramento de Logs de Acesso. Nesta gravação para o público de nível avançado, especialistas compartilham experiências práticas, desafios reais do mercado e reflexões sobre impactos estratégicos e técnicos em Segurança & Governança.",Dra. Mariana Vasconcelos
322,Melhores Práticas e Arquitetura de Tipagem Estática e Boas Práticas com Mypy,Vídeo,Programação & Software,Avançado,93,2024-02-14,"Vídeo prático e objetivo apresentando a aplicação de Tipagem Estática e Boas Práticas com Mypy. Em formato hands-on com nível avançado, o conteúdo demonstra resolução de problemas reais, passo a passo detalhado e dicas essenciais de implementação para acelerar seu domínio em Programação & Software.",Eng. Felipe Siqueira Castro
323,Data Insights Ep. 118: Experiências Reais com Detecção de Anomalias em Grandes Volumes,Podcast,Ciência de Dados,Intermediário,60,2024-04-13,"Episódio enriquecedor com debates aprofundados sobre Detecção de Anomalias em Grandes Volumes. Nesta gravação para o público de nível intermediário, especialistas compartilham experiências práticas, desafios reais do mercado e reflexões sobre impactos estratégicos e técnicos em Ciência de Dados.",Dra. Juliana Martins Fontes
324,Princípios Essenciais e Arquitetura de Gestão de Metadados e Qualidade de Dados Mestres,Artigo,Segurança & Governança,Avançado,25,2024-07-11,"Artigo técnico detalhado que explora Gestão de Metadados e Qualidade de Dados Mestres sob uma ótica técnica e conceitual. Focado em nível avançado, aborda trade-offs arquiteturais, vantagens competitivas, padrões recomendados e diretrizes fundamentais para especialistas que atuam em Segurança & Governança.",Eng. Vanessa Cristina Ramos
325,Estudo Técnico e Decisões de Arquitetura em Clusterização e Segmentação de Perfis,Artigo,Ciência de Dados,Avançado,5,2026-04-15,"Artigo técnico detalhado que explora Clusterização e Segmentação de Perfis sob uma ótica técnica e conceitual. Focado em nível avançado, aborda trade-offs arquiteturais, vantagens competitivas, padrões recomendados e diretrizes fundamentais para especialistas que atuam em Ciência de Dados.",Prof. Gabriel Santana Ribeiro
326,Guia Definitivo e Boas Práticas sobre APIs RESTful de Alta Performance com FastAPI,Artigo,Programação & Software,Avançado,21,2026-04-18,"Artigo técnico detalhado que explora APIs RESTful de Alta Performance com FastAPI sob uma ótica técnica e conceitual. Focado em nível avançado, aborda trade-offs arquiteturais, vantagens competitivas, padrões recomendados e diretrizes fundamentais para especialistas que atuam em Programação & Software.",Dr. André Luiz Carvalho
327,Guia Rápido e Hands-on: Embeddings Vetoriais e Representação Semântica,Vídeo,Inteligência Artificial,Avançado,85,2024-11-14,"Vídeo prático e objetivo apresentando a aplicação de Embeddings Vetoriais e Representação Semântica. Em formato hands-on com nível avançado, o conteúdo demonstra resolução de problemas reais, passo a passo detalhado e dicas essenciais de implementação para acelerar seu domínio em Inteligência Artificial.",Prof. Elmo Batista de Faria
328,Princípios Essenciais e Arquitetura de Processamento de Linguagem Natural (PLN),Artigo,Inteligência Artificial,Básico,18,2025-11-14,"Artigo técnico detalhado que explora Processamento de Linguagem Natural (PLN) sob uma ótica técnica e conceitual. Focado em nível básico, aborda trade-offs arquiteturais, vantagens competitivas, padrões recomendados e diretrizes fundamentais para especialistas que atuam em Inteligência Artificial.",Dra. Renata Figueiredo Melo
329,Data Insights Ep. 68: Experiências Reais com Práticas de DataOps e Qualidade de Dados,Podcast,Engenharia de Dados,Avançado,50,2026-04-15,"Episódio enriquecedor com debates aprofundados sobre Práticas de DataOps e Qualidade de Dados. Nesta gravação para o público de nível avançado, especialistas compartilham experiências práticas, desafios reais do mercado e reflexões sobre impactos estratégicos e técnicos em Engenharia de Dados.",Eng. Rodrigo Alves Mendonça
330,Data Insights Ep. 23: Experiências Reais com Clusterização e Segmentação de Perfis,Podcast,Ciência de Dados,Intermediário,48,2026-06-26,"Episódio enriquecedor com debates aprofundados sobre Clusterização e Segmentação de Perfis. Nesta gravação para o público de nível intermediário, especialistas compartilham experiências práticas, desafios reais do mercado e reflexões sobre impactos estratégicos e técnicos em Ciência de Dados.",Prof. Diego Henrique Barros
331,Análise Prática e Demonstração de Gerenciamento de Ambientes e Segredos em Nuvem,Vídeo,DevOps & Cloud,Avançado,86,2024-04-24,"Vídeo prático e objetivo apresentando a aplicação de Gerenciamento de Ambientes e Segredos em Nuvem. Em formato hands-on com nível avançado, o conteúdo demonstra resolução de problemas reais, passo a passo detalhado e dicas essenciais de implementação para acelerar seu domínio em DevOps & Cloud.",Eng. Vanessa Cristina Ramos
332,Estudo Técnico e Decisões de Arquitetura em Catálogo de Dados Corporativo e Glossário,Artigo,Segurança & Governança,Avançado,6,2024-03-28,"Artigo técnico detalhado que explora Catálogo de Dados Corporativo e Glossário sob uma ótica técnica e conceitual. Focado em nível avançado, aborda trade-offs arquiteturais, vantagens competitivas, padrões recomendados e diretrizes fundamentais para especialistas que atuam em Segurança & Governança.",Dra. Mariana Vasconcelos
333,Masterclass de Particionamento e Alta Disponibilidade em Bancos para Projetos Reais,Curso,Banco de Dados,Intermediário,1211,2025-04-18,"Neste curso aprofundado, você aprenderá de forma estruturada sobre Particionamento e Alta Disponibilidade em Bancos. O treinamento abrange tópicos de nível intermediário, exercícios práticos e construção de projetos completos. Indicado para profissionais que desejam dominar ferramentas modernas e padrões consolidados em Banco de Dados.",Profa. Beatriz Helena Nogueira
334,Arquitetura & Código Ep. 124: Inovações em Auditoria e Monitoramento de Logs de Acesso,Podcast,Segurança & Governança,Intermediário,34,2025-01-21,"Episódio enriquecedor com debates aprofundados sobre Auditoria e Monitoramento de Logs de Acesso. Nesta gravação para o público de nível intermediário, especialistas compartilham experiências práticas, desafios reais do mercado e reflexões sobre impactos estratégicos e técnicos em Segurança & Governança.",Profa. Carla Antunes Silveira
335,Data Insights Ep. 140: Experiências Reais com Machine Learning Supervisionado com Scikit-Learn,Podcast,Ciência de Dados,Intermediário,37,2025-08-03,"Episódio enriquecedor com debates aprofundados sobre Machine Learning Supervisionado com Scikit-Learn. Nesta gravação para o público de nível intermediário, especialistas compartilham experiências práticas, desafios reais do mercado e reflexões sobre impactos estratégicos e técnicos em Ciência de Dados.",Dra. Renata Figueiredo Melo
336,Princípios Essenciais e Arquitetura de Arquitetura de Dados Resiliente e Tolerante a Falhas,Artigo,Engenharia de Dados,Avançado,23,2025-12-08,"Artigo técnico detalhado que explora Arquitetura de Dados Resiliente e Tolerante a Falhas sob uma ótica técnica e conceitual. Focado em nível avançado, aborda trade-offs arquiteturais, vantagens competitivas, padrões recomendados e diretrizes fundamentais para especialistas que atuam em Engenharia de Dados.",Eng. Vanessa Cristina Ramos
337,Como Obter Alta Performance Utilizando Concorrência e Assincronismo com Asyncio,Artigo,Programação & Software,Básico,28,2025-10-19,"Artigo técnico detalhado que explora Concorrência e Assincronismo com Asyncio sob uma ótica técnica e conceitual. Focado em nível básico, aborda trade-offs arquiteturais, vantagens competitivas, padrões recomendados e diretrizes fundamentais para especialistas que atuam em Programação & Software.",Dr. Fernando Zanin Pacheco
338,Curso Completo de Data Lakehouse e Armazenamento Delta Lake: Da Teoria à Prática,Curso,Engenharia de Dados,Intermediário,918,2025-10-22,"Neste curso aprofundado, você aprenderá de forma estruturada sobre Data Lakehouse e Armazenamento Delta Lake. O treinamento abrange tópicos de nível intermediário, exercícios práticos e construção de projetos completos. Indicado para profissionais que desejam dominar ferramentas modernas e padrões consolidados em Engenharia de Dados.",Eng. Bruno César Pires
339,Especialização em Prevenção contra Vazamentos e Segurança em APIs com Projetos Práticos,Curso,Segurança & Governança,Básico,547,2024-02-06,"Neste curso aprofundado, você aprenderá de forma estruturada sobre Prevenção contra Vazamentos e Segurança em APIs. O treinamento abrange tópicos de nível básico, exercícios práticos e construção de projetos completos. Indicado para profissionais que desejam dominar ferramentas modernas e padrões consolidados em Segurança & Governança.",Prof. Gabriel Santana Ribeiro
340,Como Implementar Controle de Acesso Baseado em Papéis (RBAC) Passo a Passo,Vídeo,Segurança & Governança,Intermediário,52,2024-06-20,"Vídeo prático e objetivo apresentando a aplicação de Controle de Acesso Baseado em Papéis (RBAC). Em formato hands-on com nível intermediário, o conteúdo demonstra resolução de problemas reais, passo a passo detalhado e dicas essenciais de implementação para acelerar seu domínio em Segurança & Governança.",Prof. Lucas Fernandes Prado
341,Tech Talk Ep. 137: Melhores Práticas em Práticas de DataOps e Qualidade de Dados,Podcast,Engenharia de Dados,Intermediário,79,2024-11-17,"Episódio enriquecedor com debates aprofundados sobre Práticas de DataOps e Qualidade de Dados. Nesta gravação para o público de nível intermediário, especialistas compartilham experiências práticas, desafios reais do mercado e reflexões sobre impactos estratégicos e técnicos em Engenharia de Dados.",Profa. Beatriz Helena Nogueira
342,Como Obter Alta Performance Utilizando Governança e Ética em Sistemas de IA,Artigo,Inteligência Artificial,Básico,6,2025-06-24,"Artigo técnico detalhado que explora Governança e Ética em Sistemas de IA sob uma ótica técnica e conceitual. Focado em nível básico, aborda trade-offs arquiteturais, vantagens competitivas, padrões recomendados e diretrizes fundamentais para especialistas que atuam em Inteligência Artificial.",Eng. Vanessa Cristina Ramos
343,Data Insights Ep. 12: Experiências Reais com Fundamentos de Deep Learning com PyTorch,Podcast,Inteligência Artificial,Intermediário,57,2026-02-20,"Episódio enriquecedor com debates aprofundados sobre Fundamentos de Deep Learning com PyTorch. Nesta gravação para o público de nível intermediário, especialistas compartilham experiências práticas, desafios reais do mercado e reflexões sobre impactos estratégicos e técnicos em Inteligência Artificial.",Dr. Fernando Zanin Pacheco
344,Tech Talk Ep. 100: Melhores Práticas em Sistemas de Recomendação por Similaridade,Podcast,Inteligência Artificial,Básico,48,2024-10-21,"Episódio enriquecedor com debates aprofundados sobre Sistemas de Recomendação por Similaridade. Nesta gravação para o público de nível básico, especialistas compartilham experiências práticas, desafios reais do mercado e reflexões sobre impactos estratégicos e técnicos em Inteligência Artificial.",Profa. Carla Antunes Silveira
345,Como Implementar Embeddings Vetoriais e Representação Semântica Passo a Passo,Vídeo,Inteligência Artificial,Avançado,115,2026-06-30,"Vídeo prático e objetivo apresentando a aplicação de Embeddings Vetoriais e Representação Semântica. Em formato hands-on com nível avançado, o conteúdo demonstra resolução de problemas reais, passo a passo detalhado e dicas essenciais de implementação para acelerar seu domínio em Inteligência Artificial.",Dra. Renata Figueiredo Melo
346,Data Insights Ep. 147: Experiências Reais com Filtros Interativos e Exploração Granular em BI,Podcast,Business Intelligence,Avançado,41,2025-07-14,"Episódio enriquecedor com debates aprofundados sobre Filtros Interativos e Exploração Granular em BI. Nesta gravação para o público de nível avançado, especialistas compartilham experiências práticas, desafios reais do mercado e reflexões sobre impactos estratégicos e técnicos em Business Intelligence.",Eng. Patrícia Moreira Viana
347,Como Obter Alta Performance Utilizando Busca Vetorial com pgvector e Índices HNSW,Artigo,Banco de Dados,Básico,25,2024-09-20,"Artigo técnico detalhado que explora Busca Vetorial com pgvector e Índices HNSW sob uma ótica técnica e conceitual. Focado em nível básico, aborda trade-offs arquiteturais, vantagens competitivas, padrões recomendados e diretrizes fundamentais para especialistas que atuam em Banco de Dados.",Dr. André Luiz Carvalho
348,Estudo Técnico e Decisões de Arquitetura em Governança e Ética em Sistemas de IA,Artigo,Inteligência Artificial,Intermediário,13,2024-07-20,"Artigo técnico detalhado que explora Governança e Ética em Sistemas de IA sob uma ótica técnica e conceitual. Focado em nível intermediário, aborda trade-offs arquiteturais, vantagens competitivas, padrões recomendados e diretrizes fundamentais para especialistas que atuam em Inteligência Artificial.",Prof. Gabriel Santana Ribeiro
349,Como Implementar Embeddings Vetoriais e Representação Semântica Passo a Passo,Vídeo,Inteligência Artificial,Básico,44,2024-07-16,"Vídeo prático e objetivo apresentando a aplicação de Embeddings Vetoriais e Representação Semântica. Em formato hands-on com nível básico, o conteúdo demonstra resolução de problemas reais, passo a passo detalhado e dicas essenciais de implementação para acelerar seu domínio em Inteligência Artificial.",Dr. Fernando Zanin Pacheco
350,Estudo Técnico e Decisões de Arquitetura em Integração de Conectores com SQLAlchemy e Psycopg3,Artigo,Programação & Software,Básico,7,2024-01-17,"Artigo técnico detalhado que explora Integração de Conectores com SQLAlchemy e Psycopg3 sob uma ótica técnica e conceitual. Focado em nível básico, aborda trade-offs arquiteturais, vantagens competitivas, padrões recomendados e diretrizes fundamentais para especialistas que atuam em Programação & Software.",Eng. Patrícia Moreira Viana
351,Masterclass de Pipelines e Transformações com Apache Hop para Projetos Reais,Curso,Engenharia de Dados,Intermediário,1089,2025-06-09,"Neste curso aprofundado, você aprenderá de forma estruturada sobre Pipelines e Transformações com Apache Hop. O treinamento abrange tópicos de nível intermediário, exercícios práticos e construção de projetos completos. Indicado para profissionais que desejam dominar ferramentas modernas e padrões consolidados em Engenharia de Dados.",Eng. Vanessa Cristina Ramos
352,Como Obter Alta Performance Utilizando Análise Exploratória de Dados com Pandas,Artigo,Ciência de Dados,Básico,10,2026-06-07,"Artigo técnico detalhado que explora Análise Exploratória de Dados com Pandas sob uma ótica técnica e conceitual. Focado em nível básico, aborda trade-offs arquiteturais, vantagens competitivas, padrões recomendados e diretrizes fundamentais para especialistas que atuam em Ciência de Dados.",Dr. Fernando Zanin Pacheco
353,Data Insights Ep. 130: Experiências Reais com Criptografia de Dados em Repouso e em Trânsito,Podcast,Segurança & Governança,Intermediário,86,2025-07-09,"Episódio enriquecedor com debates aprofundados sobre Criptografia de Dados em Repouso e em Trânsito. Nesta gravação para o público de nível intermediário, especialistas compartilham experiências práticas, desafios reais do mercado e reflexões sobre impactos estratégicos e técnicos em Segurança & Governança.",Eng. Rodrigo Alves Mendonça
354,Curso Completo de Modelos de Linguagem de Larga Escala (LLMs): Da Teoria à Prática,Curso,Inteligência Artificial,Avançado,1750,2024-07-23,"Neste curso aprofundado, você aprenderá de forma estruturada sobre Modelos de Linguagem de Larga Escala (LLMs). O treinamento abrange tópicos de nível avançado, exercícios práticos e construção de projetos completos. Indicado para profissionais que desejam dominar ferramentas modernas e padrões consolidados em Inteligência Artificial.",Dra. Mariana Vasconcelos
355,Formação Prática em Análise Exploratória de Dados com Pandas: Fundamentos e Aplicação,Curso,Ciência de Dados,Intermediário,1111,2026-06-14,"Neste curso aprofundado, você aprenderá de forma estruturada sobre Análise Exploratória de Dados com Pandas. O treinamento abrange tópicos de nível intermediário, exercícios práticos e construção de projetos completos. Indicado para profissionais que desejam dominar ferramentas modernas e padrões consolidados em Ciência de Dados.",Prof. Diego Henrique Barros
356,Especialização em Otimização de Consultas SQL com EXPLAIN ANALYZE com Projetos Práticos,Curso,Banco de Dados,Intermediário,1146,2025-12-27,"Neste curso aprofundado, você aprenderá de forma estruturada sobre Otimização de Consultas SQL com EXPLAIN ANALYZE. O treinamento abrange tópicos de nível intermediário, exercícios práticos e construção de projetos completos. Indicado para profissionais que desejam dominar ferramentas modernas e padrões consolidados em Banco de Dados.",Prof. Diego Henrique Barros
357,Guia Rápido e Hands-on: Data Lakehouse e Armazenamento Delta Lake,Vídeo,Engenharia de Dados,Intermediário,34,2025-02-14,"Vídeo prático e objetivo apresentando a aplicação de Data Lakehouse e Armazenamento Delta Lake. Em formato hands-on com nível intermediário, o conteúdo demonstra resolução de problemas reais, passo a passo detalhado e dicas essenciais de implementação para acelerar seu domínio em Engenharia de Dados.",Prof. Lucas Fernandes Prado
358,Masterclass de Storytelling com Dados para Apresentações Executivas para Projetos Reais,Curso,Business Intelligence,Básico,587,2026-04-07,"Neste curso aprofundado, você aprenderá de forma estruturada sobre Storytelling com Dados para Apresentações Executivas. O treinamento abrange tópicos de nível básico, exercícios práticos e construção de projetos completos. Indicado para profissionais que desejam dominar ferramentas modernas e padrões consolidados em Business Intelligence.",Prof. Elmo Batista de Faria
359,Masterclass de Engenharia de Prompts e Agentes Inteligentes para Projetos Reais,Curso,Inteligência Artificial,Básico,568,2025-01-27,"Neste curso aprofundado, você aprenderá de forma estruturada sobre Engenharia de Prompts e Agentes Inteligentes. O treinamento abrange tópicos de nível básico, exercícios práticos e construção de projetos completos. Indicado para profissionais que desejam dominar ferramentas modernas e padrões consolidados em Inteligência Artificial.",Dr. Marcelo Silveira Neves
360,Formação Prática em Modelagem Relacional Avançada no PostgreSQL: Fundamentos e Aplicação,Curso,Banco de Dados,Avançado,3512,2025-10-10,"Neste curso aprofundado, você aprenderá de forma estruturada sobre Modelagem Relacional Avançada no PostgreSQL. O treinamento abrange tópicos de nível avançado, exercícios práticos e construção de projetos completos. Indicado para profissionais que desejam dominar ferramentas modernas e padrões consolidados em Banco de Dados.",Dr. André Luiz Carvalho
361,Solucionando Desafios do Dia a Dia em Transações ACID e Controle de Concorrência,Vídeo,Banco de Dados,Básico,15,2024-09-14,"Vídeo prático e objetivo apresentando a aplicação de Transações ACID e Controle de Concorrência. Em formato hands-on com nível básico, o conteúdo demonstra resolução de problemas reais, passo a passo detalhado e dicas essenciais de implementação para acelerar seu domínio em Banco de Dados.",Dr. Marcelo Silveira Neves
362,Princípios Essenciais e Arquitetura de Auditoria e Monitoramento de Logs de Acesso,Artigo,Segurança & Governança,Básico,16,2025-12-17,"Artigo técnico detalhado que explora Auditoria e Monitoramento de Logs de Acesso sob uma ótica técnica e conceitual. Focado em nível básico, aborda trade-offs arquiteturais, vantagens competitivas, padrões recomendados e diretrizes fundamentais para especialistas que atuam em Segurança & Governança.",Dra. Mariana Vasconcelos
363,Análise Comparativa e Padrões Recomendados em Fundamentos de Deep Learning com PyTorch,Artigo,Inteligência Artificial,Avançado,8,2024-10-04,"Artigo técnico detalhado que explora Fundamentos de Deep Learning com PyTorch sob uma ótica técnica e conceitual. Focado em nível avançado, aborda trade-offs arquiteturais, vantagens competitivas, padrões recomendados e diretrizes fundamentais para especialistas que atuam em Inteligência Artificial.",Profa. Larissa Duarte Toledo
364,Análise Prática e Demonstração de Pipelines e Transformações com Apache Hop,Vídeo,Engenharia de Dados,Básico,44,2024-09-07,"Vídeo prático e objetivo apresentando a aplicação de Pipelines e Transformações com Apache Hop. Em formato hands-on com nível básico, o conteúdo demonstra resolução de problemas reais, passo a passo detalhado e dicas essenciais de implementação para acelerar seu domínio em Engenharia de Dados.",Dra. Mariana Vasconcelos
365,Tech Talk Ep. 53: Melhores Práticas em Sistemas de Recomendação por Similaridade,Podcast,Inteligência Artificial,Avançado,42,2025-07-03,"Episódio enriquecedor com debates aprofundados sobre Sistemas de Recomendação por Similaridade. Nesta gravação para o público de nível avançado, especialistas compartilham experiências práticas, desafios reais do mercado e reflexões sobre impactos estratégicos e técnicos em Inteligência Artificial.",Dra. Juliana Martins Fontes
366,Construindo Aplicações Robustas com Pipelines de Ingestão Batch e Streaming,Curso,Engenharia de Dados,Básico,369,2024-10-18,"Neste curso aprofundado, você aprenderá de forma estruturada sobre Pipelines de Ingestão Batch e Streaming. O treinamento abrange tópicos de nível básico, exercícios práticos e construção de projetos completos. Indicado para profissionais que desejam dominar ferramentas modernas e padrões consolidados em Engenharia de Dados.",Prof. Gabriel Santana Ribeiro
367,Como Implementar Visão Computacional e Processamento de Imagens Passo a Passo,Vídeo,Inteligência Artificial,Básico,30,2025-04-28,"Vídeo prático e objetivo apresentando a aplicação de Visão Computacional e Processamento de Imagens. Em formato hands-on com nível básico, o conteúdo demonstra resolução de problemas reais, passo a passo detalhado e dicas essenciais de implementação para acelerar seu domínio em Inteligência Artificial.",Prof. Diego Henrique Barros
368,Guia Rápido e Hands-on: Modelos de Linguagem de Larga Escala (LLMs),Vídeo,Inteligência Artificial,Avançado,102,2026-01-29,"Vídeo prático e objetivo apresentando a aplicação de Modelos de Linguagem de Larga Escala (LLMs). Em formato hands-on com nível avançado, o conteúdo demonstra resolução de problemas reais, passo a passo detalhado e dicas essenciais de implementação para acelerar seu domínio em Inteligência Artificial.",Profa. Carla Antunes Silveira
369,Data Insights Ep. 50: Experiências Reais com Governança e Ética em Sistemas de IA,Podcast,Inteligência Artificial,Avançado,31,2025-09-04,"Episódio enriquecedor com debates aprofundados sobre Governança e Ética em Sistemas de IA. Nesta gravação para o público de nível avançado, especialistas compartilham experiências práticas, desafios reais do mercado e reflexões sobre impactos estratégicos e técnicos em Inteligência Artificial.",Dra. Juliana Martins Fontes
370,Guia Definitivo e Boas Práticas sobre Armazenamento de Documentos com MongoDB,Artigo,Banco de Dados,Avançado,29,2024-04-25,"Artigo técnico detalhado que explora Armazenamento de Documentos com MongoDB sob uma ótica técnica e conceitual. Focado em nível avançado, aborda trade-offs arquiteturais, vantagens competitivas, padrões recomendados e diretrizes fundamentais para especialistas que atuam em Banco de Dados.",Dr. Marcelo Silveira Neves
371,Data Insights Ep. 68: Experiências Reais com Integração Híbrida PostgreSQL e NoSQL MongoDB,Podcast,Banco de Dados,Avançado,29,2024-04-19,"Episódio enriquecedor com debates aprofundados sobre Integração Híbrida PostgreSQL e NoSQL MongoDB. Nesta gravação para o público de nível avançado, especialistas compartilham experiências práticas, desafios reais do mercado e reflexões sobre impactos estratégicos e técnicos em Banco de Dados.",Dra. Juliana Martins Fontes
372,Arquitetura & Código Ep. 29: Inovações em Catálogo de Dados Corporativo e Glossário,Podcast,Segurança & Governança,Básico,34,2026-05-21,"Episódio enriquecedor com debates aprofundados sobre Catálogo de Dados Corporativo e Glossário. Nesta gravação para o público de nível básico, especialistas compartilham experiências práticas, desafios reais do mercado e reflexões sobre impactos estratégicos e técnicos em Segurança & Governança.",Eng. Felipe Siqueira Castro
373,Formação Prática em Sistemas de Recomendação por Similaridade: Fundamentos e Aplicação,Curso,Inteligência Artificial,Avançado,2635,2024-12-22,"Neste curso aprofundado, você aprenderá de forma estruturada sobre Sistemas de Recomendação por Similaridade. O treinamento abrange tópicos de nível avançado, exercícios práticos e construção de projetos completos. Indicado para profissionais que desejam dominar ferramentas modernas e padrões consolidados em Inteligência Artificial.",Eng. Bruno César Pires
374,Estudo Técnico e Decisões de Arquitetura em Governança e Ética em Sistemas de IA,Artigo,Inteligência Artificial,Intermediário,21,2026-03-06,"Artigo técnico detalhado que explora Governança e Ética em Sistemas de IA sob uma ótica técnica e conceitual. Focado em nível intermediário, aborda trade-offs arquiteturais, vantagens competitivas, padrões recomendados e diretrizes fundamentais para especialistas que atuam em Inteligência Artificial.",Profa. Beatriz Helena Nogueira
375,Princípios Essenciais e Arquitetura de Arquitetura de Dados Resiliente e Tolerante a Falhas,Artigo,Engenharia de Dados,Avançado,12,2025-10-15,"Artigo técnico detalhado que explora Arquitetura de Dados Resiliente e Tolerante a Falhas sob uma ótica técnica e conceitual. Focado em nível avançado, aborda trade-offs arquiteturais, vantagens competitivas, padrões recomendados e diretrizes fundamentais para especialistas que atuam em Engenharia de Dados.",Profa. Carla Antunes Silveira
376,Guia Definitivo e Boas Práticas sobre Arquitetura RAG e Recuperação Semântica,Artigo,Inteligência Artificial,Avançado,5,2024-03-10,"Artigo técnico detalhado que explora Arquitetura RAG e Recuperação Semântica sob uma ótica técnica e conceitual. Focado em nível avançado, aborda trade-offs arquiteturais, vantagens competitivas, padrões recomendados e diretrizes fundamentais para especialistas que atuam em Inteligência Artificial.",Eng. Patrícia Moreira Viana
377,Tech Talk Ep. 9: Melhores Práticas em Governança e Padronização de Painéis de Indicadores,Podcast,Business Intelligence,Avançado,62,2026-05-18,"Episódio enriquecedor com debates aprofundados sobre Governança e Padronização de Painéis de Indicadores. Nesta gravação para o público de nível avançado, especialistas compartilham experiências práticas, desafios reais do mercado e reflexões sobre impactos estratégicos e técnicos em Business Intelligence.",Prof. Elmo Batista de Faria
378,Como Obter Alta Performance Utilizando Fine-Tuning de Modelos Fundacionais,Artigo,Inteligência Artificial,Básico,15,2026-06-25,"Artigo técnico detalhado que explora Fine-Tuning de Modelos Fundacionais sob uma ótica técnica e conceitual. Focado em nível básico, aborda trade-offs arquiteturais, vantagens competitivas, padrões recomendados e diretrizes fundamentais para especialistas que atuam em Inteligência Artificial.",Dra. Camila Guimarães Rocha
379,Formação Prática em Governança e Ética em Sistemas de IA: Fundamentos e Aplicação,Curso,Inteligência Artificial,Intermediário,660,2024-02-12,"Neste curso aprofundado, você aprenderá de forma estruturada sobre Governança e Ética em Sistemas de IA. O treinamento abrange tópicos de nível intermediário, exercícios práticos e construção de projetos completos. Indicado para profissionais que desejam dominar ferramentas modernas e padrões consolidados em Inteligência Artificial.",Dr. André Luiz Carvalho
380,Princípios Essenciais e Arquitetura de Integração de Conectores com SQLAlchemy e Psycopg3,Artigo,Programação & Software,Intermediário,11,2024-11-14,"Artigo técnico detalhado que explora Integração de Conectores com SQLAlchemy e Psycopg3 sob uma ótica técnica e conceitual. Focado em nível intermediário, aborda trade-offs arquiteturais, vantagens competitivas, padrões recomendados e diretrizes fundamentais para especialistas que atuam em Programação & Software.",Dra. Camila Guimarães Rocha
381,Data Insights Ep. 33: Experiências Reais com Testes Automatizados e TDD com Pytest,Podcast,Programação & Software,Básico,63,2025-08-16,"Episódio enriquecedor com debates aprofundados sobre Testes Automatizados e TDD com Pytest. Nesta gravação para o público de nível básico, especialistas compartilham experiências práticas, desafios reais do mercado e reflexões sobre impactos estratégicos e técnicos em Programação & Software.",Prof. Diego Henrique Barros
382,Tech Talk Ep. 99: Melhores Práticas em Mensageria e Streaming com Apache Kafka,Podcast,Engenharia de Dados,Básico,67,2025-01-22,"Episódio enriquecedor com debates aprofundados sobre Mensageria e Streaming com Apache Kafka. Nesta gravação para o público de nível básico, especialistas compartilham experiências práticas, desafios reais do mercado e reflexões sobre impactos estratégicos e técnicos em Engenharia de Dados.",Dra. Mariana Vasconcelos
383,Curso Completo de Processamento Distribuído com Apache Spark: Da Teoria à Prática,Curso,Engenharia de Dados,Básico,632,2024-11-27,"Neste curso aprofundado, você aprenderá de forma estruturada sobre Processamento Distribuído com Apache Spark. O treinamento abrange tópicos de nível básico, exercícios práticos e construção de projetos completos. Indicado para profissionais que desejam dominar ferramentas modernas e padrões consolidados em Engenharia de Dados.",Dr. André Luiz Carvalho
384,Curso Completo de Adequação à LGPD e Proteção de Dados Pessoais: Da Teoria à Prática,Curso,Segurança & Governança,Avançado,2611,2025-12-07,"Neste curso aprofundado, você aprenderá de forma estruturada sobre Adequação à LGPD e Proteção de Dados Pessoais. O treinamento abrange tópicos de nível avançado, exercícios práticos e construção de projetos completos. Indicado para profissionais que desejam dominar ferramentas modernas e padrões consolidados em Segurança & Governança.",Profa. Beatriz Helena Nogueira
385,Arquitetura & Código Ep. 35: Inovações em Modelos de Linguagem de Larga Escala (LLMs),Podcast,Inteligência Artificial,Básico,86,2024-05-06,"Episódio enriquecedor com debates aprofundados sobre Modelos de Linguagem de Larga Escala (LLMs). Nesta gravação para o público de nível básico, especialistas compartilham experiências práticas, desafios reais do mercado e reflexões sobre impactos estratégicos e técnicos em Inteligência Artificial.",Eng. Vanessa Cristina Ramos
386,Análise Prática e Demonstração de Consultas e Índices GIN com JSONB no PostgreSQL,Vídeo,Banco de Dados,Avançado,118,2024-10-17,"Vídeo prático e objetivo apresentando a aplicação de Consultas e Índices GIN com JSONB no PostgreSQL. Em formato hands-on com nível avançado, o conteúdo demonstra resolução de problemas reais, passo a passo detalhado e dicas essenciais de implementação para acelerar seu domínio em Banco de Dados.",Profa. Carla Antunes Silveira
387,Construindo Aplicações Robustas com Filtros Interativos e Exploração Granular em BI,Curso,Business Intelligence,Básico,270,2026-03-15,"Neste curso aprofundado, você aprenderá de forma estruturada sobre Filtros Interativos e Exploração Granular em BI. O treinamento abrange tópicos de nível básico, exercícios práticos e construção de projetos completos. Indicado para profissionais que desejam dominar ferramentas modernas e padrões consolidados em Business Intelligence.",Profa. Beatriz Helena Nogueira
388,Curso Completo de Experimentação e Testes A/B Orientados a Dados: Da Teoria à Prática,Curso,Ciência de Dados,Básico,617,2024-10-01,"Neste curso aprofundado, você aprenderá de forma estruturada sobre Experimentação e Testes A/B Orientados a Dados. O treinamento abrange tópicos de nível básico, exercícios práticos e construção de projetos completos. Indicado para profissionais que desejam dominar ferramentas modernas e padrões consolidados em Ciência de Dados.",Eng. Patrícia Moreira Viana
389,Construindo Aplicações Robustas com Fine-Tuning de Modelos Fundacionais,Curso,Inteligência Artificial,Intermediário,1247,2024-07-30,"Neste curso aprofundado, você aprenderá de forma estruturada sobre Fine-Tuning de Modelos Fundacionais. O treinamento abrange tópicos de nível intermediário, exercícios práticos e construção de projetos completos. Indicado para profissionais que desejam dominar ferramentas modernas e padrões consolidados em Inteligência Artificial.",Profa. Larissa Duarte Toledo
390,Masterclass de Estruturas de Dados e Algoritmos Eficientes para Projetos Reais,Curso,Programação & Software,Básico,452,2025-09-09,"Neste curso aprofundado, você aprenderá de forma estruturada sobre Estruturas de Dados e Algoritmos Eficientes. O treinamento abrange tópicos de nível básico, exercícios práticos e construção de projetos completos. Indicado para profissionais que desejam dominar ferramentas modernas e padrões consolidados em Programação & Software.",Profa. Larissa Duarte Toledo
391,Análise Comparativa e Padrões Recomendados em Padrões de Projeto para Engenharia de Software,Artigo,Programação & Software,Avançado,25,2024-04-11,"Artigo técnico detalhado que explora Padrões de Projeto para Engenharia de Software sob uma ótica técnica e conceitual. Focado em nível avançado, aborda trade-offs arquiteturais, vantagens competitivas, padrões recomendados e diretrizes fundamentais para especialistas que atuam em Programação & Software.",Eng. Vanessa Cristina Ramos
392,Princípios Essenciais e Arquitetura de Testes Automatizados e TDD com Pytest,Artigo,Programação & Software,Básico,28,2024-02-11,"Artigo técnico detalhado que explora Testes Automatizados e TDD com Pytest sob uma ótica técnica e conceitual. Focado em nível básico, aborda trade-offs arquiteturais, vantagens competitivas, padrões recomendados e diretrizes fundamentais para especialistas que atuam em Programação & Software.",Prof. Diego Henrique Barros
393,Data Insights Ep. 94: Experiências Reais com Transações ACID e Controle de Concorrência,Podcast,Banco de Dados,Intermediário,30,2025-09-05,"Episódio enriquecedor com debates aprofundados sobre Transações ACID e Controle de Concorrência. Nesta gravação para o público de nível intermediário, especialistas compartilham experiências práticas, desafios reais do mercado e reflexões sobre impactos estratégicos e técnicos em Banco de Dados.",Dra. Camila Guimarães Rocha
394,Formação Prática em Análise Exploratória de Dados com Pandas: Fundamentos e Aplicação,Curso,Ciência de Dados,Básico,459,2025-08-11,"Neste curso aprofundado, você aprenderá de forma estruturada sobre Análise Exploratória de Dados com Pandas. O treinamento abrange tópicos de nível básico, exercícios práticos e construção de projetos completos. Indicado para profissionais que desejam dominar ferramentas modernas e padrões consolidados em Ciência de Dados.",Dr. André Luiz Carvalho
395,Como Obter Alta Performance Utilizando Estratégias de Indexação e Performance de Bancos,Artigo,Banco de Dados,Intermediário,20,2025-04-24,"Artigo técnico detalhado que explora Estratégias de Indexação e Performance de Bancos sob uma ótica técnica e conceitual. Focado em nível intermediário, aborda trade-offs arquiteturais, vantagens competitivas, padrões recomendados e diretrizes fundamentais para especialistas que atuam em Banco de Dados.",Eng. Vanessa Cristina Ramos
396,Análise Prática e Demonstração de Storytelling com Dados para Apresentações Executivas,Vídeo,Business Intelligence,Básico,29,2026-01-23,"Vídeo prático e objetivo apresentando a aplicação de Storytelling com Dados para Apresentações Executivas. Em formato hands-on com nível básico, o conteúdo demonstra resolução de problemas reais, passo a passo detalhado e dicas essenciais de implementação para acelerar seu domínio em Business Intelligence.",Profa. Beatriz Helena Nogueira
397,Formação Prática em Escalabilidade e Gestão de Custos em Cloud: Fundamentos e Aplicação,Curso,DevOps & Cloud,Intermediário,636,2024-07-11,"Neste curso aprofundado, você aprenderá de forma estruturada sobre Escalabilidade e Gestão de Custos em Cloud. O treinamento abrange tópicos de nível intermediário, exercícios práticos e construção de projetos completos. Indicado para profissionais que desejam dominar ferramentas modernas e padrões consolidados em DevOps & Cloud.",Eng. Patrícia Moreira Viana
398,Masterclass de Criptografia de Dados em Repouso e em Trânsito para Projetos Reais,Curso,Segurança & Governança,Básico,207,2025-06-24,"Neste curso aprofundado, você aprenderá de forma estruturada sobre Criptografia de Dados em Repouso e em Trânsito. O treinamento abrange tópicos de nível básico, exercícios práticos e construção de projetos completos. Indicado para profissionais que desejam dominar ferramentas modernas e padrões consolidados em Segurança & Governança.",Dra. Juliana Martins Fontes
399,Tech Talk Ep. 74: Melhores Práticas em Pipelines e Transformações com Apache Hop,Podcast,Engenharia de Dados,Intermediário,72,2024-10-24,"Episódio enriquecedor com debates aprofundados sobre Pipelines e Transformações com Apache Hop. Nesta gravação para o público de nível intermediário, especialistas compartilham experiências práticas, desafios reais do mercado e reflexões sobre impactos estratégicos e técnicos em Engenharia de Dados.",Dr. Marcelo Silveira Neves
400,Solucionando Desafios do Dia a Dia em Integração de Conectores com SQLAlchemy e Psycopg3,Vídeo,Programação & Software,Intermediário,37,2024-08-01,"Vídeo prático e objetivo apresentando a aplicação de Integração de Conectores com SQLAlchemy e Psycopg3. Em formato hands-on com nível intermediário, o conteúdo demonstra resolução de problemas reais, passo a passo detalhado e dicas essenciais de implementação para acelerar seu domínio em Programação & Software.",Dra. Camila Guimarães Rocha
401,Guia Definitivo e Boas Práticas sobre Sistemas de Recomendação por Similaridade,Artigo,Inteligência Artificial,Avançado,19,2025-01-22,"Artigo técnico detalhado que explora Sistemas de Recomendação por Similaridade sob uma ótica técnica e conceitual. Focado em nível avançado, aborda trade-offs arquiteturais, vantagens competitivas, padrões recomendados e diretrizes fundamentais para especialistas que atuam em Inteligência Artificial.",Dra. Juliana Martins Fontes
402,Formação Prática em Infraestrutura como Código com Terraform: Fundamentos e Aplicação,Curso,DevOps & Cloud,Intermediário,1364,2025-03-26,"Neste curso aprofundado, você aprenderá de forma estruturada sobre Infraestrutura como Código com Terraform. O treinamento abrange tópicos de nível intermediário, exercícios práticos e construção de projetos completos. Indicado para profissionais que desejam dominar ferramentas modernas e padrões consolidados em DevOps & Cloud.",Dra. Camila Guimarães Rocha
403,Melhores Práticas e Arquitetura de Clusterização e Segmentação de Perfis,Vídeo,Ciência de Dados,Avançado,90,2024-07-17,"Vídeo prático e objetivo apresentando a aplicação de Clusterização e Segmentação de Perfis. Em formato hands-on com nível avançado, o conteúdo demonstra resolução de problemas reais, passo a passo detalhado e dicas essenciais de implementação para acelerar seu domínio em Ciência de Dados.",Dra. Renata Figueiredo Melo
404,Tech Talk Ep. 122: Melhores Práticas em Monitoramento de Performance e Acompanhamento de Metas,Podcast,Business Intelligence,Básico,79,2025-06-16,"Episódio enriquecedor com debates aprofundados sobre Monitoramento de Performance e Acompanhamento de Metas. Nesta gravação para o público de nível básico, especialistas compartilham experiências práticas, desafios reais do mercado e reflexões sobre impactos estratégicos e técnicos em Business Intelligence.",Dra. Juliana Martins Fontes
405,Análise Prática e Demonstração de Visualizações com Big Numbers e Gráficos Eficazes,Vídeo,Business Intelligence,Intermediário,55,2024-02-13,"Vídeo prático e objetivo apresentando a aplicação de Visualizações com Big Numbers e Gráficos Eficazes. Em formato hands-on com nível intermediário, o conteúdo demonstra resolução de problemas reais, passo a passo detalhado e dicas essenciais de implementação para acelerar seu domínio em Business Intelligence.",Profa. Beatriz Helena Nogueira
406,"Princípios Essenciais e Arquitetura de Python Avançado: POO, Decorators e Geradores",Artigo,Programação & Software,Básico,9,2026-01-17,"Artigo técnico detalhado que explora Python Avançado: POO, Decorators e Geradores sob uma ótica técnica e conceitual. Focado em nível básico, aborda trade-offs arquiteturais, vantagens competitivas, padrões recomendados e diretrizes fundamentais para especialistas que atuam em Programação & Software.",Dr. Fernando Zanin Pacheco
407,Arquitetura & Código Ep. 138: Inovações em Fundamentos de Deep Learning com PyTorch,Podcast,Inteligência Artificial,Básico,65,2025-10-10,"Episódio enriquecedor com debates aprofundados sobre Fundamentos de Deep Learning com PyTorch. Nesta gravação para o público de nível básico, especialistas compartilham experiências práticas, desafios reais do mercado e reflexões sobre impactos estratégicos e técnicos em Inteligência Artificial.",Prof. Diego Henrique Barros
408,Formação Prática em Data Lakehouse e Armazenamento Delta Lake: Fundamentos e Aplicação,Curso,Engenharia de Dados,Básico,705,2024-10-01,"Neste curso aprofundado, você aprenderá de forma estruturada sobre Data Lakehouse e Armazenamento Delta Lake. O treinamento abrange tópicos de nível básico, exercícios práticos e construção de projetos completos. Indicado para profissionais que desejam dominar ferramentas modernas e padrões consolidados em Engenharia de Dados.",Prof. Diego Henrique Barros
409,Princípios Essenciais e Arquitetura de Infraestrutura como Código com Terraform,Artigo,DevOps & Cloud,Avançado,15,2024-07-11,"Artigo técnico detalhado que explora Infraestrutura como Código com Terraform sob uma ótica técnica e conceitual. Focado em nível avançado, aborda trade-offs arquiteturais, vantagens competitivas, padrões recomendados e diretrizes fundamentais para especialistas que atuam em DevOps & Cloud.",Dr. Fernando Zanin Pacheco
410,Estudo Técnico e Decisões de Arquitetura em Estatística Descritiva e Inferencial para Decisão,Artigo,Ciência de Dados,Básico,8,2024-02-23,"Artigo técnico detalhado que explora Estatística Descritiva e Inferencial para Decisão sob uma ótica técnica e conceitual. Focado em nível básico, aborda trade-offs arquiteturais, vantagens competitivas, padrões recomendados e diretrizes fundamentais para especialistas que atuam em Ciência de Dados.",Dr. Fernando Zanin Pacheco
411,Análise Comparativa e Padrões Recomendados em Arquitetura RAG e Recuperação Semântica,Artigo,Inteligência Artificial,Intermediário,27,2024-05-22,"Artigo técnico detalhado que explora Arquitetura RAG e Recuperação Semântica sob uma ótica técnica e conceitual. Focado em nível intermediário, aborda trade-offs arquiteturais, vantagens competitivas, padrões recomendados e diretrizes fundamentais para especialistas que atuam em Inteligência Artificial.",Eng. Vanessa Cristina Ramos
412,Arquitetura & Código Ep. 42: Inovações em Infraestrutura como Código com Terraform,Podcast,DevOps & Cloud,Básico,36,2024-10-03,"Episódio enriquecedor com debates aprofundados sobre Infraestrutura como Código com Terraform. Nesta gravação para o público de nível básico, especialistas compartilham experiências práticas, desafios reais do mercado e reflexões sobre impactos estratégicos e técnicos em DevOps & Cloud.",Eng. Patrícia Moreira Viana
413,Tech Talk Ep. 149: Melhores Práticas em Fundamentos de Deep Learning com PyTorch,Podcast,Inteligência Artificial,Intermediário,65,2025-12-24,"Episódio enriquecedor com debates aprofundados sobre Fundamentos de Deep Learning com PyTorch. Nesta gravação para o público de nível intermediário, especialistas compartilham experiências práticas, desafios reais do mercado e reflexões sobre impactos estratégicos e técnicos em Inteligência Artificial.",Profa. Carla Antunes Silveira
414,Arquitetura & Código Ep. 39: Inovações em Monitoramento com Prometheus e Grafana,Podcast,DevOps & Cloud,Avançado,29,2025-01-03,"Episódio enriquecedor com debates aprofundados sobre Monitoramento com Prometheus e Grafana. Nesta gravação para o público de nível avançado, especialistas compartilham experiências práticas, desafios reais do mercado e reflexões sobre impactos estratégicos e técnicos em DevOps & Cloud.",Dra. Juliana Martins Fontes
415,Como Obter Alta Performance Utilizando Segurança de Redes e Controle de Acesso,Artigo,DevOps & Cloud,Intermediário,9,2024-08-12,"Artigo técnico detalhado que explora Segurança de Redes e Controle de Acesso sob uma ótica técnica e conceitual. Focado em nível intermediário, aborda trade-offs arquiteturais, vantagens competitivas, padrões recomendados e diretrizes fundamentais para especialistas que atuam em DevOps & Cloud.",Eng. Bruno César Pires
416,Tech Talk Ep. 85: Melhores Práticas em Sistemas de Recomendação por Similaridade,Podcast,Inteligência Artificial,Avançado,73,2026-01-11,"Episódio enriquecedor com debates aprofundados sobre Sistemas de Recomendação por Similaridade. Nesta gravação para o público de nível avançado, especialistas compartilham experiências práticas, desafios reais do mercado e reflexões sobre impactos estratégicos e técnicos em Inteligência Artificial.",Profa. Larissa Duarte Toledo
417,Guia Definitivo e Boas Práticas sobre Conteinerização com Docker e Docker Compose,Artigo,DevOps & Cloud,Intermediário,16,2024-09-03,"Artigo técnico detalhado que explora Conteinerização com Docker e Docker Compose sob uma ótica técnica e conceitual. Focado em nível intermediário, aborda trade-offs arquiteturais, vantagens competitivas, padrões recomendados e diretrizes fundamentais para especialistas que atuam em DevOps & Cloud.",Prof. Gabriel Santana Ribeiro
418,Guia Rápido e Hands-on: Integração de Conectores com SQLAlchemy e Psycopg3,Vídeo,Programação & Software,Intermediário,59,2025-12-25,"Vídeo prático e objetivo apresentando a aplicação de Integração de Conectores com SQLAlchemy e Psycopg3. Em formato hands-on com nível intermediário, o conteúdo demonstra resolução de problemas reais, passo a passo detalhado e dicas essenciais de implementação para acelerar seu domínio em Programação & Software.",Eng. Bruno César Pires
419,Curso Completo de Modelagem Dimensional Star Schema e Snowflake: Da Teoria à Prática,Curso,Engenharia de Dados,Intermediário,845,2025-10-20,"Neste curso aprofundado, você aprenderá de forma estruturada sobre Modelagem Dimensional Star Schema e Snowflake. O treinamento abrange tópicos de nível intermediário, exercícios práticos e construção de projetos completos. Indicado para profissionais que desejam dominar ferramentas modernas e padrões consolidados em Engenharia de Dados.",Eng. Thiago Pinheiro Borges
420,Tech Talk Ep. 100: Melhores Práticas em Monitoramento de Performance e Acompanhamento de Metas,Podcast,Business Intelligence,Intermediário,40,2025-11-24,"Episódio enriquecedor com debates aprofundados sobre Monitoramento de Performance e Acompanhamento de Metas. Nesta gravação para o público de nível intermediário, especialistas compartilham experiências práticas, desafios reais do mercado e reflexões sobre impactos estratégicos e técnicos em Business Intelligence.",Dra. Renata Figueiredo Melo
421,Formação Prática em Modelagem Relacional Avançada no PostgreSQL: Fundamentos e Aplicação,Curso,Banco de Dados,Intermediário,1231,2025-05-04,"Neste curso aprofundado, você aprenderá de forma estruturada sobre Modelagem Relacional Avançada no PostgreSQL. O treinamento abrange tópicos de nível intermediário, exercícios práticos e construção de projetos completos. Indicado para profissionais que desejam dominar ferramentas modernas e padrões consolidados em Banco de Dados.",Eng. Rodrigo Alves Mendonça
422,Masterclass de Pipelines de Ingestão Batch e Streaming para Projetos Reais,Curso,Engenharia de Dados,Intermediário,1182,2024-01-28,"Neste curso aprofundado, você aprenderá de forma estruturada sobre Pipelines de Ingestão Batch e Streaming. O treinamento abrange tópicos de nível intermediário, exercícios práticos e construção de projetos completos. Indicado para profissionais que desejam dominar ferramentas modernas e padrões consolidados em Engenharia de Dados.",Dra. Camila Guimarães Rocha
423,Tech Talk Ep. 63: Melhores Práticas em Orquestração de Microsserviços com Kubernetes,Podcast,DevOps & Cloud,Intermediário,28,2025-10-31,"Episódio enriquecedor com debates aprofundados sobre Orquestração de Microsserviços com Kubernetes. Nesta gravação para o público de nível intermediário, especialistas compartilham experiências práticas, desafios reais do mercado e reflexões sobre impactos estratégicos e técnicos em DevOps & Cloud.",Profa. Carla Antunes Silveira
424,Melhores Práticas e Arquitetura de Definição de KPIs e Métricas Orientadas a Decisão,Vídeo,Business Intelligence,Básico,29,2024-02-19,"Vídeo prático e objetivo apresentando a aplicação de Definição de KPIs e Métricas Orientadas a Decisão. Em formato hands-on com nível básico, o conteúdo demonstra resolução de problemas reais, passo a passo detalhado e dicas essenciais de implementação para acelerar seu domínio em Business Intelligence.",Dra. Juliana Martins Fontes
425,Deep Dive Ep. 99: Casos de Sucesso em Storytelling com Dados para Apresentações Executivas,Podcast,Business Intelligence,Intermediário,27,2025-05-12,"Episódio enriquecedor com debates aprofundados sobre Storytelling com Dados para Apresentações Executivas. Nesta gravação para o público de nível intermediário, especialistas compartilham experiências práticas, desafios reais do mercado e reflexões sobre impactos estratégicos e técnicos em Business Intelligence.",Eng. Rodrigo Alves Mendonça
426,"Deep Dive Ep. 58: Casos de Sucesso em Métricas de Engajamento, Retenção e Conversão",Podcast,Business Intelligence,Intermediário,38,2025-06-18,"Episódio enriquecedor com debates aprofundados sobre Métricas de Engajamento, Retenção e Conversão. Nesta gravação para o público de nível intermediário, especialistas compartilham experiências práticas, desafios reais do mercado e reflexões sobre impactos estratégicos e técnicos em Business Intelligence.",Eng. Patrícia Moreira Viana
427,Como Obter Alta Performance Utilizando Machine Learning Supervisionado com Scikit-Learn,Artigo,Ciência de Dados,Intermediário,5,2024-06-05,"Artigo técnico detalhado que explora Machine Learning Supervisionado com Scikit-Learn sob uma ótica técnica e conceitual. Focado em nível intermediário, aborda trade-offs arquiteturais, vantagens competitivas, padrões recomendados e diretrizes fundamentais para especialistas que atuam em Ciência de Dados.",Dra. Juliana Martins Fontes
428,Princípios Essenciais e Arquitetura de Definição de KPIs e Métricas Orientadas a Decisão,Artigo,Business Intelligence,Avançado,30,2024-04-09,"Artigo técnico detalhado que explora Definição de KPIs e Métricas Orientadas a Decisão sob uma ótica técnica e conceitual. Focado em nível avançado, aborda trade-offs arquiteturais, vantagens competitivas, padrões recomendados e diretrizes fundamentais para especialistas que atuam em Business Intelligence.",Prof. Diego Henrique Barros
429,Como Obter Alta Performance Utilizando Mensageria e Streaming com Apache Kafka,Artigo,Engenharia de Dados,Intermediário,22,2025-08-16,"Artigo técnico detalhado que explora Mensageria e Streaming com Apache Kafka sob uma ótica técnica e conceitual. Focado em nível intermediário, aborda trade-offs arquiteturais, vantagens competitivas, padrões recomendados e diretrizes fundamentais para especialistas que atuam em Engenharia de Dados.",Dra. Mariana Vasconcelos
430,Curso Completo de Visualizações com Big Numbers e Gráficos Eficazes: Da Teoria à Prática,Curso,Business Intelligence,Avançado,2923,2025-06-30,"Neste curso aprofundado, você aprenderá de forma estruturada sobre Visualizações com Big Numbers e Gráficos Eficazes. O treinamento abrange tópicos de nível avançado, exercícios práticos e construção de projetos completos. Indicado para profissionais que desejam dominar ferramentas modernas e padrões consolidados em Business Intelligence.",Prof. Diego Henrique Barros
431,Formação Prática em Arquitetura RAG e Recuperação Semântica: Fundamentos e Aplicação,Curso,Inteligência Artificial,Básico,527,2025-05-04,"Neste curso aprofundado, você aprenderá de forma estruturada sobre Arquitetura RAG e Recuperação Semântica. O treinamento abrange tópicos de nível básico, exercícios práticos e construção de projetos completos. Indicado para profissionais que desejam dominar ferramentas modernas e padrões consolidados em Inteligência Artificial.",Eng. Bruno César Pires
432,Data Insights Ep. 13: Experiências Reais com Monitoramento de Performance e Acompanhamento de Metas,Podcast,Business Intelligence,Intermediário,47,2026-04-04,"Episódio enriquecedor com debates aprofundados sobre Monitoramento de Performance e Acompanhamento de Metas. Nesta gravação para o público de nível intermediário, especialistas compartilham experiências práticas, desafios reais do mercado e reflexões sobre impactos estratégicos e técnicos em Business Intelligence.",Profa. Larissa Duarte Toledo
433,Arquitetura & Código Ep. 142: Inovações em Fine-Tuning de Modelos Fundacionais,Podcast,Inteligência Artificial,Avançado,58,2024-03-31,"Episódio enriquecedor com debates aprofundados sobre Fine-Tuning de Modelos Fundacionais. Nesta gravação para o público de nível avançado, especialistas compartilham experiências práticas, desafios reais do mercado e reflexões sobre impactos estratégicos e técnicos em Inteligência Artificial.",Dr. Marcelo Silveira Neves
434,Guia Definitivo e Boas Práticas sobre Refatoração de Código e Padrões PEP 8,Artigo,Programação & Software,Avançado,6,2025-04-22,"Artigo técnico detalhado que explora Refatoração de Código e Padrões PEP 8 sob uma ótica técnica e conceitual. Focado em nível avançado, aborda trade-offs arquiteturais, vantagens competitivas, padrões recomendados e diretrizes fundamentais para especialistas que atuam em Programação & Software.",Eng. Patrícia Moreira Viana
435,Curso Completo de Governança de Dados para Aplicações de IA: Da Teoria à Prática,Curso,Segurança & Governança,Intermediário,622,2026-01-16,"Neste curso aprofundado, você aprenderá de forma estruturada sobre Governança de Dados para Aplicações de IA. O treinamento abrange tópicos de nível intermediário, exercícios práticos e construção de projetos completos. Indicado para profissionais que desejam dominar ferramentas modernas e padrões consolidados em Segurança & Governança.",Eng. Thiago Pinheiro Borges
436,Análise Comparativa e Padrões Recomendados em Tipagem Estática e Boas Práticas com Mypy,Artigo,Programação & Software,Avançado,15,2025-07-13,"Artigo técnico detalhado que explora Tipagem Estática e Boas Práticas com Mypy sob uma ótica técnica e conceitual. Focado em nível avançado, aborda trade-offs arquiteturais, vantagens competitivas, padrões recomendados e diretrizes fundamentais para especialistas que atuam em Programação & Software.",Prof. Gabriel Santana Ribeiro
437,Arquitetura & Código Ep. 51: Inovações em Governança e Ética em Sistemas de IA,Podcast,Inteligência Artificial,Intermediário,57,2025-06-19,"Episódio enriquecedor com debates aprofundados sobre Governança e Ética em Sistemas de IA. Nesta gravação para o público de nível intermediário, especialistas compartilham experiências práticas, desafios reais do mercado e reflexões sobre impactos estratégicos e técnicos em Inteligência Artificial.",Prof. Lucas Fernandes Prado
438,Análise Prática e Demonstração de Replicação e Tolerância a Falhas no PostgreSQL,Vídeo,Banco de Dados,Avançado,115,2024-04-27,"Vídeo prático e objetivo apresentando a aplicação de Replicação e Tolerância a Falhas no PostgreSQL. Em formato hands-on com nível avançado, o conteúdo demonstra resolução de problemas reais, passo a passo detalhado e dicas essenciais de implementação para acelerar seu domínio em Banco de Dados.",Eng. Felipe Siqueira Castro
439,Arquitetura & Código Ep. 138: Inovações em Previsão de Séries Temporais e Tendências,Podcast,Ciência de Dados,Intermediário,74,2024-01-21,"Episódio enriquecedor com debates aprofundados sobre Previsão de Séries Temporais e Tendências. Nesta gravação para o público de nível intermediário, especialistas compartilham experiências práticas, desafios reais do mercado e reflexões sobre impactos estratégicos e técnicos em Ciência de Dados.",Eng. Patrícia Moreira Viana
440,Especialização em Visão Computacional e Processamento de Imagens com Projetos Práticos,Curso,Inteligência Artificial,Avançado,1943,2024-10-06,"Neste curso aprofundado, você aprenderá de forma estruturada sobre Visão Computacional e Processamento de Imagens. O treinamento abrange tópicos de nível avançado, exercícios práticos e construção de projetos completos. Indicado para profissionais que desejam dominar ferramentas modernas e padrões consolidados em Inteligência Artificial.",Eng. Rodrigo Alves Mendonça
441,Análise Comparativa e Padrões Recomendados em Controle de Acesso Baseado em Papéis (RBAC),Artigo,Segurança & Governança,Básico,11,2024-07-03,"Artigo técnico detalhado que explora Controle de Acesso Baseado em Papéis (RBAC) sob uma ótica técnica e conceitual. Focado em nível básico, aborda trade-offs arquiteturais, vantagens competitivas, padrões recomendados e diretrizes fundamentais para especialistas que atuam em Segurança & Governança.",Prof. Diego Henrique Barros
442,Masterclass de Refatoração de Código e Padrões PEP 8 para Projetos Reais,Curso,Programação & Software,Avançado,1665,2025-09-23,"Neste curso aprofundado, você aprenderá de forma estruturada sobre Refatoração de Código e Padrões PEP 8. O treinamento abrange tópicos de nível avançado, exercícios práticos e construção de projetos completos. Indicado para profissionais que desejam dominar ferramentas modernas e padrões consolidados em Programação & Software.",Dra. Camila Guimarães Rocha
443,Melhores Práticas e Arquitetura de Replicação e Tolerância a Falhas no PostgreSQL,Vídeo,Banco de Dados,Básico,40,2024-06-16,"Vídeo prático e objetivo apresentando a aplicação de Replicação e Tolerância a Falhas no PostgreSQL. Em formato hands-on com nível básico, o conteúdo demonstra resolução de problemas reais, passo a passo detalhado e dicas essenciais de implementação para acelerar seu domínio em Banco de Dados.",Eng. Patrícia Moreira Viana
444,Melhores Práticas e Arquitetura de Estratégias de Indexação e Performance de Bancos,Vídeo,Banco de Dados,Avançado,112,2025-03-05,"Vídeo prático e objetivo apresentando a aplicação de Estratégias de Indexação e Performance de Bancos. Em formato hands-on com nível avançado, o conteúdo demonstra resolução de problemas reais, passo a passo detalhado e dicas essenciais de implementação para acelerar seu domínio em Banco de Dados.",Prof. Diego Henrique Barros
445,Masterclass de Clusterização e Segmentação de Perfis para Projetos Reais,Curso,Ciência de Dados,Intermediário,637,2025-01-10,"Neste curso aprofundado, você aprenderá de forma estruturada sobre Clusterização e Segmentação de Perfis. O treinamento abrange tópicos de nível intermediário, exercícios práticos e construção de projetos completos. Indicado para profissionais que desejam dominar ferramentas modernas e padrões consolidados em Ciência de Dados.",Prof. Diego Henrique Barros
446,Análise Comparativa e Padrões Recomendados em Monitoramento com Prometheus e Grafana,Artigo,DevOps & Cloud,Básico,24,2025-12-09,"Artigo técnico detalhado que explora Monitoramento com Prometheus e Grafana sob uma ótica técnica e conceitual. Focado em nível básico, aborda trade-offs arquiteturais, vantagens competitivas, padrões recomendados e diretrizes fundamentais para especialistas que atuam em DevOps & Cloud.",Dra. Juliana Martins Fontes
447,Masterclass de Linhagem de Dados e Rastreabilidade de Origem para Projetos Reais,Curso,Segurança & Governança,Avançado,1790,2024-08-24,"Neste curso aprofundado, você aprenderá de forma estruturada sobre Linhagem de Dados e Rastreabilidade de Origem. O treinamento abrange tópicos de nível avançado, exercícios práticos e construção de projetos completos. Indicado para profissionais que desejam dominar ferramentas modernas e padrões consolidados em Segurança & Governança.",Profa. Carla Antunes Silveira
448,Especialização em Fundamentos de Deep Learning com PyTorch com Projetos Práticos,Curso,Inteligência Artificial,Básico,229,2026-05-19,"Neste curso aprofundado, você aprenderá de forma estruturada sobre Fundamentos de Deep Learning com PyTorch. O treinamento abrange tópicos de nível básico, exercícios práticos e construção de projetos completos. Indicado para profissionais que desejam dominar ferramentas modernas e padrões consolidados em Inteligência Artificial.",Eng. Thiago Pinheiro Borges
449,Deep Dive Ep. 108: Casos de Sucesso em Design de Dashboards e Eliminação de Chartjunk,Podcast,Business Intelligence,Básico,78,2025-07-16,"Episódio enriquecedor com debates aprofundados sobre Design de Dashboards e Eliminação de Chartjunk. Nesta gravação para o público de nível básico, especialistas compartilham experiências práticas, desafios reais do mercado e reflexões sobre impactos estratégicos e técnicos em Business Intelligence.",Profa. Beatriz Helena Nogueira
450,Construindo Aplicações Robustas com Governança e Padronização de Painéis de Indicadores,Curso,Business Intelligence,Avançado,1215,2025-09-17,"Neste curso aprofundado, você aprenderá de forma estruturada sobre Governança e Padronização de Painéis de Indicadores. O treinamento abrange tópicos de nível avançado, exercícios práticos e construção de projetos completos. Indicado para profissionais que desejam dominar ferramentas modernas e padrões consolidados em Business Intelligence.",Profa. Beatriz Helena Nogueira
451,Como Obter Alta Performance Utilizando Otimização de Consultas SQL com EXPLAIN ANALYZE,Artigo,Banco de Dados,Básico,15,2024-11-05,"Artigo técnico detalhado que explora Otimização de Consultas SQL com EXPLAIN ANALYZE sob uma ótica técnica e conceitual. Focado em nível básico, aborda trade-offs arquiteturais, vantagens competitivas, padrões recomendados e diretrizes fundamentais para especialistas que atuam em Banco de Dados.",Eng. Rodrigo Alves Mendonça
452,Tech Talk Ep. 138: Melhores Práticas em Métricas de Avaliação de Modelos Preditivos,Podcast,Ciência de Dados,Avançado,62,2025-03-07,"Episódio enriquecedor com debates aprofundados sobre Métricas de Avaliação de Modelos Preditivos. Nesta gravação para o público de nível avançado, especialistas compartilham experiências práticas, desafios reais do mercado e reflexões sobre impactos estratégicos e técnicos em Ciência de Dados.",Profa. Beatriz Helena Nogueira
453,Especialização em Armazenamento de Documentos com MongoDB com Projetos Práticos,Curso,Banco de Dados,Básico,360,2025-03-11,"Neste curso aprofundado, você aprenderá de forma estruturada sobre Armazenamento de Documentos com MongoDB. O treinamento abrange tópicos de nível básico, exercícios práticos e construção de projetos completos. Indicado para profissionais que desejam dominar ferramentas modernas e padrões consolidados em Banco de Dados.",Eng. Felipe Siqueira Castro
454,Arquitetura & Código Ep. 122: Inovações em Processamento Distribuído com Apache Spark,Podcast,Engenharia de Dados,Básico,60,2024-09-15,"Episódio enriquecedor com debates aprofundados sobre Processamento Distribuído com Apache Spark. Nesta gravação para o público de nível básico, especialistas compartilham experiências práticas, desafios reais do mercado e reflexões sobre impactos estratégicos e técnicos em Engenharia de Dados.",Dr. Marcelo Silveira Neves
455,Princípios Essenciais e Arquitetura de Engenharia de Prompts e Agentes Inteligentes,Artigo,Inteligência Artificial,Avançado,16,2026-01-07,"Artigo técnico detalhado que explora Engenharia de Prompts e Agentes Inteligentes sob uma ótica técnica e conceitual. Focado em nível avançado, aborda trade-offs arquiteturais, vantagens competitivas, padrões recomendados e diretrizes fundamentais para especialistas que atuam em Inteligência Artificial.",Prof. Diego Henrique Barros
456,Especialização em Embeddings Vetoriais e Representação Semântica com Projetos Práticos,Curso,Inteligência Artificial,Básico,275,2025-05-27,"Neste curso aprofundado, você aprenderá de forma estruturada sobre Embeddings Vetoriais e Representação Semântica. O treinamento abrange tópicos de nível básico, exercícios práticos e construção de projetos completos. Indicado para profissionais que desejam dominar ferramentas modernas e padrões consolidados em Inteligência Artificial.",Eng. Patrícia Moreira Viana
457,Construindo Aplicações Robustas com Gerenciamento de Ambientes e Segredos em Nuvem,Curso,DevOps & Cloud,Intermediário,626,2026-01-21,"Neste curso aprofundado, você aprenderá de forma estruturada sobre Gerenciamento de Ambientes e Segredos em Nuvem. O treinamento abrange tópicos de nível intermediário, exercícios práticos e construção de projetos completos. Indicado para profissionais que desejam dominar ferramentas modernas e padrões consolidados em DevOps & Cloud.",Eng. Bruno César Pires
458,Masterclass de Busca Vetorial com pgvector e Índices HNSW para Projetos Reais,Curso,Banco de Dados,Avançado,1967,2025-12-10,"Neste curso aprofundado, você aprenderá de forma estruturada sobre Busca Vetorial com pgvector e Índices HNSW. O treinamento abrange tópicos de nível avançado, exercícios práticos e construção de projetos completos. Indicado para profissionais que desejam dominar ferramentas modernas e padrões consolidados em Banco de Dados.",Eng. Patrícia Moreira Viana
459,Como Obter Alta Performance Utilizando Tipagem Estática e Boas Práticas com Mypy,Artigo,Programação & Software,Básico,12,2026-01-23,"Artigo técnico detalhado que explora Tipagem Estática e Boas Práticas com Mypy sob uma ótica técnica e conceitual. Focado em nível básico, aborda trade-offs arquiteturais, vantagens competitivas, padrões recomendados e diretrizes fundamentais para especialistas que atuam em Programação & Software.",Eng. Patrícia Moreira Viana
460,Guia Definitivo e Boas Práticas sobre Transações ACID e Controle de Concorrência,Artigo,Banco de Dados,Básico,5,2024-04-27,"Artigo técnico detalhado que explora Transações ACID e Controle de Concorrência sob uma ótica técnica e conceitual. Focado em nível básico, aborda trade-offs arquiteturais, vantagens competitivas, padrões recomendados e diretrizes fundamentais para especialistas que atuam em Banco de Dados.",Prof. Gabriel Santana Ribeiro
461,Masterclass de Estratégias de Indexação e Performance de Bancos para Projetos Reais,Curso,Banco de Dados,Intermediário,1304,2024-04-04,"Neste curso aprofundado, você aprenderá de forma estruturada sobre Estratégias de Indexação e Performance de Bancos. O treinamento abrange tópicos de nível intermediário, exercícios práticos e construção de projetos completos. Indicado para profissionais que desejam dominar ferramentas modernas e padrões consolidados em Banco de Dados.",Prof. Gabriel Santana Ribeiro
462,Princípios Essenciais e Arquitetura de Ambientes Reprodutíveis para Aplicações de Dados,Artigo,DevOps & Cloud,Intermediário,27,2025-06-27,"Artigo técnico detalhado que explora Ambientes Reprodutíveis para Aplicações de Dados sob uma ótica técnica e conceitual. Focado em nível intermediário, aborda trade-offs arquiteturais, vantagens competitivas, padrões recomendados e diretrizes fundamentais para especialistas que atuam em DevOps & Cloud.",Dra. Mariana Vasconcelos
463,Solucionando Desafios do Dia a Dia em Integração Híbrida PostgreSQL e NoSQL MongoDB,Vídeo,Banco de Dados,Básico,29,2026-03-22,"Vídeo prático e objetivo apresentando a aplicação de Integração Híbrida PostgreSQL e NoSQL MongoDB. Em formato hands-on com nível básico, o conteúdo demonstra resolução de problemas reais, passo a passo detalhado e dicas essenciais de implementação para acelerar seu domínio em Banco de Dados.",Dra. Renata Figueiredo Melo
464,Princípios Essenciais e Arquitetura de Processamento Distribuído com Apache Spark,Artigo,Engenharia de Dados,Básico,9,2024-05-23,"Artigo técnico detalhado que explora Processamento Distribuído com Apache Spark sob uma ótica técnica e conceitual. Focado em nível básico, aborda trade-offs arquiteturais, vantagens competitivas, padrões recomendados e diretrizes fundamentais para especialistas que atuam em Engenharia de Dados.",Eng. Felipe Siqueira Castro
465,Princípios Essenciais e Arquitetura de Práticas de DataOps e Qualidade de Dados,Artigo,Engenharia de Dados,Avançado,13,2026-06-17,"Artigo técnico detalhado que explora Práticas de DataOps e Qualidade de Dados sob uma ótica técnica e conceitual. Focado em nível avançado, aborda trade-offs arquiteturais, vantagens competitivas, padrões recomendados e diretrizes fundamentais para especialistas que atuam em Engenharia de Dados.",Dr. Marcelo Silveira Neves
466,Guia Definitivo e Boas Práticas sobre Otimização de Consultas SQL com EXPLAIN ANALYZE,Artigo,Banco de Dados,Avançado,15,2025-08-09,"Artigo técnico detalhado que explora Otimização de Consultas SQL com EXPLAIN ANALYZE sob uma ótica técnica e conceitual. Focado em nível avançado, aborda trade-offs arquiteturais, vantagens competitivas, padrões recomendados e diretrizes fundamentais para especialistas que atuam em Banco de Dados.",Prof. Elmo Batista de Faria
467,Análise Comparativa e Padrões Recomendados em Monitoramento com Prometheus e Grafana,Artigo,DevOps & Cloud,Intermediário,29,2025-07-12,"Artigo técnico detalhado que explora Monitoramento com Prometheus e Grafana sob uma ótica técnica e conceitual. Focado em nível intermediário, aborda trade-offs arquiteturais, vantagens competitivas, padrões recomendados e diretrizes fundamentais para especialistas que atuam em DevOps & Cloud.",Prof. Gabriel Santana Ribeiro
468,Análise Comparativa e Padrões Recomendados em Modelagem e Agregações Analíticas no SQL Lab,Artigo,Business Intelligence,Básico,24,2025-08-19,"Artigo técnico detalhado que explora Modelagem e Agregações Analíticas no SQL Lab sob uma ótica técnica e conceitual. Focado em nível básico, aborda trade-offs arquiteturais, vantagens competitivas, padrões recomendados e diretrizes fundamentais para especialistas que atuam em Business Intelligence.",Prof. Elmo Batista de Faria
469,Como Obter Alta Performance Utilizando Sistemas de Recomendação por Similaridade,Artigo,Inteligência Artificial,Intermediário,27,2024-08-06,"Artigo técnico detalhado que explora Sistemas de Recomendação por Similaridade sob uma ótica técnica e conceitual. Focado em nível intermediário, aborda trade-offs arquiteturais, vantagens competitivas, padrões recomendados e diretrizes fundamentais para especialistas que atuam em Inteligência Artificial.",Eng. Felipe Siqueira Castro
470,Masterclass de Auditoria e Monitoramento de Logs de Acesso para Projetos Reais,Curso,Segurança & Governança,Intermediário,863,2025-02-06,"Neste curso aprofundado, você aprenderá de forma estruturada sobre Auditoria e Monitoramento de Logs de Acesso. O treinamento abrange tópicos de nível intermediário, exercícios práticos e construção de projetos completos. Indicado para profissionais que desejam dominar ferramentas modernas e padrões consolidados em Segurança & Governança.",Dra. Camila Guimarães Rocha
471,Análise Comparativa e Padrões Recomendados em APIs RESTful de Alta Performance com FastAPI,Artigo,Programação & Software,Intermediário,6,2026-03-23,"Artigo técnico detalhado que explora APIs RESTful de Alta Performance com FastAPI sob uma ótica técnica e conceitual. Focado em nível intermediário, aborda trade-offs arquiteturais, vantagens competitivas, padrões recomendados e diretrizes fundamentais para especialistas que atuam em Programação & Software.",Eng. Patrícia Moreira Viana
472,"Especialização em Métricas de Engajamento, Retenção e Conversão com Projetos Práticos",Curso,Business Intelligence,Básico,464,2024-05-22,"Neste curso aprofundado, você aprenderá de forma estruturada sobre Métricas de Engajamento, Retenção e Conversão. O treinamento abrange tópicos de nível básico, exercícios práticos e construção de projetos completos. Indicado para profissionais que desejam dominar ferramentas modernas e padrões consolidados em Business Intelligence.",Dr. Marcelo Silveira Neves
473,Masterclass de Linhagem de Dados e Rastreabilidade de Origem para Projetos Reais,Curso,Segurança & Governança,Intermediário,1407,2025-01-28,"Neste curso aprofundado, você aprenderá de forma estruturada sobre Linhagem de Dados e Rastreabilidade de Origem. O treinamento abrange tópicos de nível intermediário, exercícios práticos e construção de projetos completos. Indicado para profissionais que desejam dominar ferramentas modernas e padrões consolidados em Segurança & Governança.",Prof. Lucas Fernandes Prado
474,Papo de Dados Ep. 87: Desvendando Escalabilidade e Gestão de Custos em Cloud,Podcast,DevOps & Cloud,Básico,31,2025-10-18,"Episódio enriquecedor com debates aprofundados sobre Escalabilidade e Gestão de Custos em Cloud. Nesta gravação para o público de nível básico, especialistas compartilham experiências práticas, desafios reais do mercado e reflexões sobre impactos estratégicos e técnicos em DevOps & Cloud.",Dr. Marcelo Silveira Neves
475,Masterclass de Armazenamento de Documentos com MongoDB para Projetos Reais,Curso,Banco de Dados,Básico,245,2024-04-20,"Neste curso aprofundado, você aprenderá de forma estruturada sobre Armazenamento de Documentos com MongoDB. O treinamento abrange tópicos de nível básico, exercícios práticos e construção de projetos completos. Indicado para profissionais que desejam dominar ferramentas modernas e padrões consolidados em Banco de Dados.",Eng. Patrícia Moreira Viana
476,Como Obter Alta Performance Utilizando Governança e Padronização de Painéis de Indicadores,Artigo,Business Intelligence,Intermediário,29,2025-09-07,"Artigo técnico detalhado que explora Governança e Padronização de Painéis de Indicadores sob uma ótica técnica e conceitual. Focado em nível intermediário, aborda trade-offs arquiteturais, vantagens competitivas, padrões recomendados e diretrizes fundamentais para especialistas que atuam em Business Intelligence.",Prof. Diego Henrique Barros
477,Especialização em Sistemas de Recomendação por Similaridade com Projetos Práticos,Curso,Inteligência Artificial,Intermediário,826,2024-01-11,"Neste curso aprofundado, você aprenderá de forma estruturada sobre Sistemas de Recomendação por Similaridade. O treinamento abrange tópicos de nível intermediário, exercícios práticos e construção de projetos completos. Indicado para profissionais que desejam dominar ferramentas modernas e padrões consolidados em Inteligência Artificial.",Eng. Bruno César Pires
478,Deep Dive Ep. 131: Casos de Sucesso em Modelagem e Agregações Analíticas no SQL Lab,Podcast,Business Intelligence,Básico,62,2024-09-21,"Episódio enriquecedor com debates aprofundados sobre Modelagem e Agregações Analíticas no SQL Lab. Nesta gravação para o público de nível básico, especialistas compartilham experiências práticas, desafios reais do mercado e reflexões sobre impactos estratégicos e técnicos em Business Intelligence.",Eng. Patrícia Moreira Viana
479,Papo de Dados Ep. 85: Desvendando Pipelines de CI/CD para Engenharia de Dados,Podcast,DevOps & Cloud,Intermediário,26,2024-01-09,"Episódio enriquecedor com debates aprofundados sobre Pipelines de CI/CD para Engenharia de Dados. Nesta gravação para o público de nível intermediário, especialistas compartilham experiências práticas, desafios reais do mercado e reflexões sobre impactos estratégicos e técnicos em DevOps & Cloud.",Profa. Larissa Duarte Toledo
480,Melhores Práticas e Arquitetura de Processamento Distribuído com Apache Spark,Vídeo,Engenharia de Dados,Básico,29,2024-04-13,"Vídeo prático e objetivo apresentando a aplicação de Processamento Distribuído com Apache Spark. Em formato hands-on com nível básico, o conteúdo demonstra resolução de problemas reais, passo a passo detalhado e dicas essenciais de implementação para acelerar seu domínio em Engenharia de Dados.",Dra. Mariana Vasconcelos
481,Como Implementar Transações ACID e Controle de Concorrência Passo a Passo,Vídeo,Banco de Dados,Básico,43,2024-08-31,"Vídeo prático e objetivo apresentando a aplicação de Transações ACID e Controle de Concorrência. Em formato hands-on com nível básico, o conteúdo demonstra resolução de problemas reais, passo a passo detalhado e dicas essenciais de implementação para acelerar seu domínio em Banco de Dados.",Dra. Mariana Vasconcelos
482,Arquitetura & Código Ep. 143: Inovações em Engenharia de Recursos e Pré-processamento,Podcast,Ciência de Dados,Avançado,83,2025-10-12,"Episódio enriquecedor com debates aprofundados sobre Engenharia de Recursos e Pré-processamento. Nesta gravação para o público de nível avançado, especialistas compartilham experiências práticas, desafios reais do mercado e reflexões sobre impactos estratégicos e técnicos em Ciência de Dados.",Profa. Larissa Duarte Toledo
483,Guia Definitivo e Boas Práticas sobre Práticas de DataOps e Qualidade de Dados,Artigo,Engenharia de Dados,Intermediário,14,2024-06-11,"Artigo técnico detalhado que explora Práticas de DataOps e Qualidade de Dados sob uma ótica técnica e conceitual. Focado em nível intermediário, aborda trade-offs arquiteturais, vantagens competitivas, padrões recomendados e diretrizes fundamentais para especialistas que atuam em Engenharia de Dados.",Prof. Elmo Batista de Faria
484,Papo de Dados Ep. 97: Desvendando Governança de Dados para Aplicações de IA,Podcast,Segurança & Governança,Intermediário,69,2024-11-24,"Episódio enriquecedor com debates aprofundados sobre Governança de Dados para Aplicações de IA. Nesta gravação para o público de nível intermediário, especialistas compartilham experiências práticas, desafios reais do mercado e reflexões sobre impactos estratégicos e técnicos em Segurança & Governança.",Prof. Diego Henrique Barros
485,Solucionando Desafios do Dia a Dia em Monitoramento com Prometheus e Grafana,Vídeo,DevOps & Cloud,Intermediário,71,2025-05-23,"Vídeo prático e objetivo apresentando a aplicação de Monitoramento com Prometheus e Grafana. Em formato hands-on com nível intermediário, o conteúdo demonstra resolução de problemas reais, passo a passo detalhado e dicas essenciais de implementação para acelerar seu domínio em DevOps & Cloud.",Eng. Vanessa Cristina Ramos
486,Deep Dive Ep. 144: Casos de Sucesso em Previsão de Séries Temporais e Tendências,Podcast,Ciência de Dados,Intermediário,40,2024-01-28,"Episódio enriquecedor com debates aprofundados sobre Previsão de Séries Temporais e Tendências. Nesta gravação para o público de nível intermediário, especialistas compartilham experiências práticas, desafios reais do mercado e reflexões sobre impactos estratégicos e técnicos em Ciência de Dados.",Eng. Felipe Siqueira Castro
487,Como Implementar Métricas de Avaliação de Modelos Preditivos Passo a Passo,Vídeo,Ciência de Dados,Avançado,98,2024-08-25,"Vídeo prático e objetivo apresentando a aplicação de Métricas de Avaliação de Modelos Preditivos. Em formato hands-on com nível avançado, o conteúdo demonstra resolução de problemas reais, passo a passo detalhado e dicas essenciais de implementação para acelerar seu domínio em Ciência de Dados.",Eng. Thiago Pinheiro Borges
488,"Como Obter Alta Performance Utilizando Métricas de Engajamento, Retenção e Conversão",Artigo,Business Intelligence,Intermediário,11,2024-06-27,"Artigo técnico detalhado que explora Métricas de Engajamento, Retenção e Conversão sob uma ótica técnica e conceitual. Focado em nível intermediário, aborda trade-offs arquiteturais, vantagens competitivas, padrões recomendados e diretrizes fundamentais para especialistas que atuam em Business Intelligence.",Profa. Carla Antunes Silveira
489,Guia Definitivo e Boas Práticas sobre Análise Exploratória de Dados com Pandas,Artigo,Ciência de Dados,Básico,23,2026-06-27,"Artigo técnico detalhado que explora Análise Exploratória de Dados com Pandas sob uma ótica técnica e conceitual. Focado em nível básico, aborda trade-offs arquiteturais, vantagens competitivas, padrões recomendados e diretrizes fundamentais para especialistas que atuam em Ciência de Dados.",Prof. Gabriel Santana Ribeiro
490,Especialização em Linhagem de Dados e Rastreabilidade de Origem com Projetos Práticos,Curso,Segurança & Governança,Intermediário,614,2025-04-28,"Neste curso aprofundado, você aprenderá de forma estruturada sobre Linhagem de Dados e Rastreabilidade de Origem. O treinamento abrange tópicos de nível intermediário, exercícios práticos e construção de projetos completos. Indicado para profissionais que desejam dominar ferramentas modernas e padrões consolidados em Segurança & Governança.",Prof. Lucas Fernandes Prado
491,Masterclass de Fundamentos de Deep Learning com PyTorch para Projetos Reais,Curso,Inteligência Artificial,Intermediário,601,2026-05-30,"Neste curso aprofundado, você aprenderá de forma estruturada sobre Fundamentos de Deep Learning com PyTorch. O treinamento abrange tópicos de nível intermediário, exercícios práticos e construção de projetos completos. Indicado para profissionais que desejam dominar ferramentas modernas e padrões consolidados em Inteligência Artificial.",Profa. Beatriz Helena Nogueira
492,"Construindo Aplicações Robustas com Métricas de Engajamento, Retenção e Conversão",Curso,Business Intelligence,Básico,606,2025-09-09,"Neste curso aprofundado, você aprenderá de forma estruturada sobre Métricas de Engajamento, Retenção e Conversão. O treinamento abrange tópicos de nível básico, exercícios práticos e construção de projetos completos. Indicado para profissionais que desejam dominar ferramentas modernas e padrões consolidados em Business Intelligence.",Prof. Gabriel Santana Ribeiro
493,Especialização em Gerenciamento de Ambientes e Segredos em Nuvem com Projetos Práticos,Curso,DevOps & Cloud,Básico,524,2024-11-12,"Neste curso aprofundado, você aprenderá de forma estruturada sobre Gerenciamento de Ambientes e Segredos em Nuvem. O treinamento abrange tópicos de nível básico, exercícios práticos e construção de projetos completos. Indicado para profissionais que desejam dominar ferramentas modernas e padrões consolidados em DevOps & Cloud.",Profa. Carla Antunes Silveira
494,Melhores Práticas e Arquitetura de Testes Automatizados e TDD com Pytest,Vídeo,Programação & Software,Básico,35,2024-06-23,"Vídeo prático e objetivo apresentando a aplicação de Testes Automatizados e TDD com Pytest. Em formato hands-on com nível básico, o conteúdo demonstra resolução de problemas reais, passo a passo detalhado e dicas essenciais de implementação para acelerar seu domínio em Programação & Software.",Prof. Lucas Fernandes Prado
495,Guia Definitivo e Boas Práticas sobre Design de Dashboards e Eliminação de Chartjunk,Artigo,Business Intelligence,Intermediário,25,2025-05-22,"Artigo técnico detalhado que explora Design de Dashboards e Eliminação de Chartjunk sob uma ótica técnica e conceitual. Focado em nível intermediário, aborda trade-offs arquiteturais, vantagens competitivas, padrões recomendados e diretrizes fundamentais para especialistas que atuam em Business Intelligence.",Prof. Gabriel Santana Ribeiro
496,Papo de Dados Ep. 41: Desvendando Busca Vetorial com pgvector e Índices HNSW,Podcast,Banco de Dados,Básico,41,2026-02-26,"Episódio enriquecedor com debates aprofundados sobre Busca Vetorial com pgvector e Índices HNSW. Nesta gravação para o público de nível básico, especialistas compartilham experiências práticas, desafios reais do mercado e reflexões sobre impactos estratégicos e técnicos em Banco de Dados.",Dr. Fernando Zanin Pacheco
497,Análise Comparativa e Padrões Recomendados em Orquestração de Microsserviços com Kubernetes,Artigo,DevOps & Cloud,Básico,9,2025-07-15,"Artigo técnico detalhado que explora Orquestração de Microsserviços com Kubernetes sob uma ótica técnica e conceitual. Focado em nível básico, aborda trade-offs arquiteturais, vantagens competitivas, padrões recomendados e diretrizes fundamentais para especialistas que atuam em DevOps & Cloud.",Dr. André Luiz Carvalho
498,Melhores Práticas e Arquitetura de Escalabilidade e Gestão de Custos em Cloud,Vídeo,DevOps & Cloud,Intermediário,73,2026-04-29,"Vídeo prático e objetivo apresentando a aplicação de Escalabilidade e Gestão de Custos em Cloud. Em formato hands-on com nível intermediário, o conteúdo demonstra resolução de problemas reais, passo a passo detalhado e dicas essenciais de implementação para acelerar seu domínio em DevOps & Cloud.",Dra. Juliana Martins Fontes
499,Como Obter Alta Performance Utilizando Visão Computacional e Processamento de Imagens,Artigo,Inteligência Artificial,Intermediário,15,2025-05-31,"Artigo técnico detalhado que explora Visão Computacional e Processamento de Imagens sob uma ótica técnica e conceitual. Focado em nível intermediário, aborda trade-offs arquiteturais, vantagens competitivas, padrões recomendados e diretrizes fundamentais para especialistas que atuam em Inteligência Artificial.",Profa. Beatriz Helena Nogueira
500,Guia Rápido e Hands-on: Modelagem e Agregações Analíticas no SQL Lab,Vídeo,Business Intelligence,Intermediário,65,2025-12-13,"Vídeo prático e objetivo apresentando a aplicação de Modelagem e Agregações Analíticas no SQL Lab. Em formato hands-on com nível intermediário, o conteúdo demonstra resolução de problemas reais, passo a passo detalhado e dicas essenciais de implementação para acelerar seu domínio em Business Intelligence.",Prof. Gabriel Santana Ribeiro
501,Tech Talk Ep. 72: Melhores Práticas em Integração de Conectores com SQLAlchemy e Psycopg3,Podcast,Programação & Software,Intermediário,33,2024-12-06,"Episódio enriquecedor com debates aprofundados sobre Integração de Conectores com SQLAlchemy e Psycopg3. Nesta gravação para o público de nível intermediário, especialistas compartilham experiências práticas, desafios reais do mercado e reflexões sobre impactos estratégicos e técnicos em Programação & Software.",Dra. Renata Figueiredo Melo
502,Especialização em Governança e Ética em Sistemas de IA com Projetos Práticos,Curso,Inteligência Artificial,Básico,682,2025-11-16,"Neste curso aprofundado, você aprenderá de forma estruturada sobre Governança e Ética em Sistemas de IA. O treinamento abrange tópicos de nível básico, exercícios práticos e construção de projetos completos. Indicado para profissionais que desejam dominar ferramentas modernas e padrões consolidados em Inteligência Artificial.",Prof. Diego Henrique Barros
503,Construindo Aplicações Robustas com Embeddings Vetoriais e Representação Semântica,Curso,Inteligência Artificial,Básico,328,2025-01-13,"Neste curso aprofundado, você aprenderá de forma estruturada sobre Embeddings Vetoriais e Representação Semântica. O treinamento abrange tópicos de nível básico, exercícios práticos e construção de projetos completos. Indicado para profissionais que desejam dominar ferramentas modernas e padrões consolidados em Inteligência Artificial.",Profa. Larissa Duarte Toledo
504,Como Obter Alta Performance Utilizando Engenharia de Recursos e Pré-processamento,Artigo,Ciência de Dados,Intermediário,16,2025-10-21,"Artigo técnico detalhado que explora Engenharia de Recursos e Pré-processamento sob uma ótica técnica e conceitual. Focado em nível intermediário, aborda trade-offs arquiteturais, vantagens competitivas, padrões recomendados e diretrizes fundamentais para especialistas que atuam em Ciência de Dados.",Dr. Marcelo Silveira Neves
505,Guia Rápido e Hands-on: Práticas de DataOps e Qualidade de Dados,Vídeo,Engenharia de Dados,Básico,26,2024-11-23,"Vídeo prático e objetivo apresentando a aplicação de Práticas de DataOps e Qualidade de Dados. Em formato hands-on com nível básico, o conteúdo demonstra resolução de problemas reais, passo a passo detalhado e dicas essenciais de implementação para acelerar seu domínio em Engenharia de Dados.",Dr. Fernando Zanin Pacheco
506,"Melhores Práticas e Arquitetura de Python Avançado: POO, Decorators e Geradores",Vídeo,Programação & Software,Básico,20,2024-12-13,"Vídeo prático e objetivo apresentando a aplicação de Python Avançado: POO, Decorators e Geradores. Em formato hands-on com nível básico, o conteúdo demonstra resolução de problemas reais, passo a passo detalhado e dicas essenciais de implementação para acelerar seu domínio em Programação & Software.",Eng. Bruno César Pires
507,Guia Rápido e Hands-on: Orquestração de Microsserviços com Kubernetes,Vídeo,DevOps & Cloud,Intermediário,64,2025-10-29,"Vídeo prático e objetivo apresentando a aplicação de Orquestração de Microsserviços com Kubernetes. Em formato hands-on com nível intermediário, o conteúdo demonstra resolução de problemas reais, passo a passo detalhado e dicas essenciais de implementação para acelerar seu domínio em DevOps & Cloud.",Dra. Mariana Vasconcelos
508,"Tech Talk Ep. 142: Melhores Práticas em Métricas de Engajamento, Retenção e Conversão",Podcast,Business Intelligence,Intermediário,64,2024-07-06,"Episódio enriquecedor com debates aprofundados sobre Métricas de Engajamento, Retenção e Conversão. Nesta gravação para o público de nível intermediário, especialistas compartilham experiências práticas, desafios reais do mercado e reflexões sobre impactos estratégicos e técnicos em Business Intelligence.",Profa. Carla Antunes Silveira
509,Tech Talk Ep. 111: Melhores Práticas em Engenharia de Recursos e Pré-processamento,Podcast,Ciência de Dados,Avançado,79,2024-06-23,"Episódio enriquecedor com debates aprofundados sobre Engenharia de Recursos e Pré-processamento. Nesta gravação para o público de nível avançado, especialistas compartilham experiências práticas, desafios reais do mercado e reflexões sobre impactos estratégicos e técnicos em Ciência de Dados.",Prof. Elmo Batista de Faria
510,Como Implementar Estratégias de Indexação e Performance de Bancos Passo a Passo,Vídeo,Banco de Dados,Básico,19,2025-09-15,"Vídeo prático e objetivo apresentando a aplicação de Estratégias de Indexação e Performance de Bancos. Em formato hands-on com nível básico, o conteúdo demonstra resolução de problemas reais, passo a passo detalhado e dicas essenciais de implementação para acelerar seu domínio em Banco de Dados.",Dr. Fernando Zanin Pacheco
511,Arquitetura & Código Ep. 135: Inovações em Processamento de Linguagem Natural (PLN),Podcast,Inteligência Artificial,Intermediário,72,2024-02-25,"Episódio enriquecedor com debates aprofundados sobre Processamento de Linguagem Natural (PLN). Nesta gravação para o público de nível intermediário, especialistas compartilham experiências práticas, desafios reais do mercado e reflexões sobre impactos estratégicos e técnicos em Inteligência Artificial.",Prof. Gabriel Santana Ribeiro
512,Solucionando Desafios do Dia a Dia em Modelos de Linguagem de Larga Escala (LLMs),Vídeo,Inteligência Artificial,Básico,42,2025-01-07,"Vídeo prático e objetivo apresentando a aplicação de Modelos de Linguagem de Larga Escala (LLMs). Em formato hands-on com nível básico, o conteúdo demonstra resolução de problemas reais, passo a passo detalhado e dicas essenciais de implementação para acelerar seu domínio em Inteligência Artificial.",Profa. Carla Antunes Silveira
513,Tech Talk Ep. 119: Melhores Práticas em Experimentação e Testes A/B Orientados a Dados,Podcast,Ciência de Dados,Avançado,33,2024-01-25,"Episódio enriquecedor com debates aprofundados sobre Experimentação e Testes A/B Orientados a Dados. Nesta gravação para o público de nível avançado, especialistas compartilham experiências práticas, desafios reais do mercado e reflexões sobre impactos estratégicos e técnicos em Ciência de Dados.",Dra. Camila Guimarães Rocha
514,Construindo Aplicações Robustas com Técnicas de Anonimização e Pseudonimização,Curso,Segurança & Governança,Intermediário,1291,2026-06-08,"Neste curso aprofundado, você aprenderá de forma estruturada sobre Técnicas de Anonimização e Pseudonimização. O treinamento abrange tópicos de nível intermediário, exercícios práticos e construção de projetos completos. Indicado para profissionais que desejam dominar ferramentas modernas e padrões consolidados em Segurança & Governança.",Dr. Marcelo Silveira Neves
515,Como Implementar Conteinerização com Docker e Docker Compose Passo a Passo,Vídeo,DevOps & Cloud,Intermediário,34,2025-06-27,"Vídeo prático e objetivo apresentando a aplicação de Conteinerização com Docker e Docker Compose. Em formato hands-on com nível intermediário, o conteúdo demonstra resolução de problemas reais, passo a passo detalhado e dicas essenciais de implementação para acelerar seu domínio em DevOps & Cloud.",Eng. Vanessa Cristina Ramos
516,Como Implementar Infraestrutura como Código com Terraform Passo a Passo,Vídeo,DevOps & Cloud,Intermediário,75,2025-07-06,"Vídeo prático e objetivo apresentando a aplicação de Infraestrutura como Código com Terraform. Em formato hands-on com nível intermediário, o conteúdo demonstra resolução de problemas reais, passo a passo detalhado e dicas essenciais de implementação para acelerar seu domínio em DevOps & Cloud.",Dr. Marcelo Silveira Neves
517,Análise Prática e Demonstração de Pipelines e Transformações com Apache Hop,Vídeo,Engenharia de Dados,Intermediário,46,2024-12-07,"Vídeo prático e objetivo apresentando a aplicação de Pipelines e Transformações com Apache Hop. Em formato hands-on com nível intermediário, o conteúdo demonstra resolução de problemas reais, passo a passo detalhado e dicas essenciais de implementação para acelerar seu domínio em Engenharia de Dados.",Profa. Beatriz Helena Nogueira
518,Construindo Aplicações Robustas com Mensageria e Streaming com Apache Kafka,Curso,Engenharia de Dados,Avançado,1992,2024-10-20,"Neste curso aprofundado, você aprenderá de forma estruturada sobre Mensageria e Streaming com Apache Kafka. O treinamento abrange tópicos de nível avançado, exercícios práticos e construção de projetos completos. Indicado para profissionais que desejam dominar ferramentas modernas e padrões consolidados em Engenharia de Dados.",Eng. Rodrigo Alves Mendonça
519,Tech Talk Ep. 108: Melhores Práticas em Pipelines e Transformações com Apache Hop,Podcast,Engenharia de Dados,Básico,43,2024-10-28,"Episódio enriquecedor com debates aprofundados sobre Pipelines e Transformações com Apache Hop. Nesta gravação para o público de nível básico, especialistas compartilham experiências práticas, desafios reais do mercado e reflexões sobre impactos estratégicos e técnicos em Engenharia de Dados.",Dr. Fernando Zanin Pacheco
520,Solucionando Desafios do Dia a Dia em Replicação e Tolerância a Falhas no PostgreSQL,Vídeo,Banco de Dados,Avançado,69,2024-02-25,"Vídeo prático e objetivo apresentando a aplicação de Replicação e Tolerância a Falhas no PostgreSQL. Em formato hands-on com nível avançado, o conteúdo demonstra resolução de problemas reais, passo a passo detalhado e dicas essenciais de implementação para acelerar seu domínio em Banco de Dados.",Eng. Bruno César Pires
521,Princípios Essenciais e Arquitetura de Auditoria e Monitoramento de Logs de Acesso,Artigo,Segurança & Governança,Básico,16,2025-01-03,"Artigo técnico detalhado que explora Auditoria e Monitoramento de Logs de Acesso sob uma ótica técnica e conceitual. Focado em nível básico, aborda trade-offs arquiteturais, vantagens competitivas, padrões recomendados e diretrizes fundamentais para especialistas que atuam em Segurança & Governança.",Prof. Diego Henrique Barros
522,Data Insights Ep. 39: Experiências Reais com Orquestração de Workflows com Apache Airflow,Podcast,Engenharia de Dados,Avançado,60,2026-01-27,"Episódio enriquecedor com debates aprofundados sobre Orquestração de Workflows com Apache Airflow. Nesta gravação para o público de nível avançado, especialistas compartilham experiências práticas, desafios reais do mercado e reflexões sobre impactos estratégicos e técnicos em Engenharia de Dados.",Eng. Rodrigo Alves Mendonça
523,Guia Rápido e Hands-on: Consultas e Índices GIN com JSONB no PostgreSQL,Vídeo,Banco de Dados,Avançado,51,2025-10-08,"Vídeo prático e objetivo apresentando a aplicação de Consultas e Índices GIN com JSONB no PostgreSQL. Em formato hands-on com nível avançado, o conteúdo demonstra resolução de problemas reais, passo a passo detalhado e dicas essenciais de implementação para acelerar seu domínio em Banco de Dados.",Eng. Vanessa Cristina Ramos
524,Como Implementar Visualizações com Big Numbers e Gráficos Eficazes Passo a Passo,Vídeo,Business Intelligence,Intermediário,47,2025-03-16,"Vídeo prático e objetivo apresentando a aplicação de Visualizações com Big Numbers e Gráficos Eficazes. Em formato hands-on com nível intermediário, o conteúdo demonstra resolução de problemas reais, passo a passo detalhado e dicas essenciais de implementação para acelerar seu domínio em Business Intelligence.",Dra. Renata Figueiredo Melo
525,Guia Rápido e Hands-on: Prevenção contra Vazamentos e Segurança em APIs,Vídeo,Segurança & Governança,Avançado,90,2024-10-22,"Vídeo prático e objetivo apresentando a aplicação de Prevenção contra Vazamentos e Segurança em APIs. Em formato hands-on com nível avançado, o conteúdo demonstra resolução de problemas reais, passo a passo detalhado e dicas essenciais de implementação para acelerar seu domínio em Segurança & Governança.",Dra. Camila Guimarães Rocha
526,Estudo Técnico e Decisões de Arquitetura em Detecção de Anomalias em Grandes Volumes,Artigo,Ciência de Dados,Básico,5,2025-11-18,"Artigo técnico detalhado que explora Detecção de Anomalias em Grandes Volumes sob uma ótica técnica e conceitual. Focado em nível básico, aborda trade-offs arquiteturais, vantagens competitivas, padrões recomendados e diretrizes fundamentais para especialistas que atuam em Ciência de Dados.",Prof. Elmo Batista de Faria
527,Análise Prática e Demonstração de Dashboards Estratégicos no Apache Superset,Vídeo,Business Intelligence,Avançado,52,2025-12-21,"Vídeo prático e objetivo apresentando a aplicação de Dashboards Estratégicos no Apache Superset. Em formato hands-on com nível avançado, o conteúdo demonstra resolução de problemas reais, passo a passo detalhado e dicas essenciais de implementação para acelerar seu domínio em Business Intelligence.",Prof. Diego Henrique Barros
528,Análise Comparativa e Padrões Recomendados em Arquitetura RAG e Recuperação Semântica,Artigo,Inteligência Artificial,Básico,14,2024-03-12,"Artigo técnico detalhado que explora Arquitetura RAG e Recuperação Semântica sob uma ótica técnica e conceitual. Focado em nível básico, aborda trade-offs arquiteturais, vantagens competitivas, padrões recomendados e diretrizes fundamentais para especialistas que atuam em Inteligência Artificial.",Dra. Juliana Martins Fontes
529,Especialização em Conteinerização com Docker e Docker Compose com Projetos Práticos,Curso,DevOps & Cloud,Básico,498,2024-04-13,"Neste curso aprofundado, você aprenderá de forma estruturada sobre Conteinerização com Docker e Docker Compose. O treinamento abrange tópicos de nível básico, exercícios práticos e construção de projetos completos. Indicado para profissionais que desejam dominar ferramentas modernas e padrões consolidados em DevOps & Cloud.",Eng. Vanessa Cristina Ramos
530,Papo de Dados Ep. 24: Desvendando Escalabilidade e Gestão de Custos em Cloud,Podcast,DevOps & Cloud,Avançado,58,2024-09-22,"Episódio enriquecedor com debates aprofundados sobre Escalabilidade e Gestão de Custos em Cloud. Nesta gravação para o público de nível avançado, especialistas compartilham experiências práticas, desafios reais do mercado e reflexões sobre impactos estratégicos e técnicos em DevOps & Cloud.",Profa. Carla Antunes Silveira
531,Princípios Essenciais e Arquitetura de Transações ACID e Controle de Concorrência,Artigo,Banco de Dados,Intermediário,24,2026-03-19,"Artigo técnico detalhado que explora Transações ACID e Controle de Concorrência sob uma ótica técnica e conceitual. Focado em nível intermediário, aborda trade-offs arquiteturais, vantagens competitivas, padrões recomendados e diretrizes fundamentais para especialistas que atuam em Banco de Dados.",Eng. Patrícia Moreira Viana
532,Especialização em Integração de Conectores com SQLAlchemy e Psycopg3 com Projetos Práticos,Curso,Programação & Software,Básico,429,2025-08-21,"Neste curso aprofundado, você aprenderá de forma estruturada sobre Integração de Conectores com SQLAlchemy e Psycopg3. O treinamento abrange tópicos de nível básico, exercícios práticos e construção de projetos completos. Indicado para profissionais que desejam dominar ferramentas modernas e padrões consolidados em Programação & Software.",Dr. Marcelo Silveira Neves
533,Estudo Técnico e Decisões de Arquitetura em Integração Híbrida PostgreSQL e NoSQL MongoDB,Artigo,Banco de Dados,Intermediário,25,2025-09-18,"Artigo técnico detalhado que explora Integração Híbrida PostgreSQL e NoSQL MongoDB sob uma ótica técnica e conceitual. Focado em nível intermediário, aborda trade-offs arquiteturais, vantagens competitivas, padrões recomendados e diretrizes fundamentais para especialistas que atuam em Banco de Dados.",Profa. Carla Antunes Silveira
534,Guia Definitivo e Boas Práticas sobre Design de Dashboards e Eliminação de Chartjunk,Artigo,Business Intelligence,Avançado,30,2025-03-21,"Artigo técnico detalhado que explora Design de Dashboards e Eliminação de Chartjunk sob uma ótica técnica e conceitual. Focado em nível avançado, aborda trade-offs arquiteturais, vantagens competitivas, padrões recomendados e diretrizes fundamentais para especialistas que atuam em Business Intelligence.",Dra. Juliana Martins Fontes
535,Como Obter Alta Performance Utilizando Estatística Descritiva e Inferencial para Decisão,Artigo,Ciência de Dados,Intermediário,16,2025-01-09,"Artigo técnico detalhado que explora Estatística Descritiva e Inferencial para Decisão sob uma ótica técnica e conceitual. Focado em nível intermediário, aborda trade-offs arquiteturais, vantagens competitivas, padrões recomendados e diretrizes fundamentais para especialistas que atuam em Ciência de Dados.",Prof. Diego Henrique Barros
536,Deep Dive Ep. 98: Casos de Sucesso em Data Lakehouse e Armazenamento Delta Lake,Podcast,Engenharia de Dados,Avançado,57,2026-06-04,"Episódio enriquecedor com debates aprofundados sobre Data Lakehouse e Armazenamento Delta Lake. Nesta gravação para o público de nível avançado, especialistas compartilham experiências práticas, desafios reais do mercado e reflexões sobre impactos estratégicos e técnicos em Engenharia de Dados.",Eng. Felipe Siqueira Castro
537,Data Insights Ep. 19: Experiências Reais com Criptografia de Dados em Repouso e em Trânsito,Podcast,Segurança & Governança,Básico,85,2025-12-12,"Episódio enriquecedor com debates aprofundados sobre Criptografia de Dados em Repouso e em Trânsito. Nesta gravação para o público de nível básico, especialistas compartilham experiências práticas, desafios reais do mercado e reflexões sobre impactos estratégicos e técnicos em Segurança & Governança.",Eng. Patrícia Moreira Viana
538,Deep Dive Ep. 89: Casos de Sucesso em Replicação e Tolerância a Falhas no PostgreSQL,Podcast,Banco de Dados,Intermediário,53,2024-05-30,"Episódio enriquecedor com debates aprofundados sobre Replicação e Tolerância a Falhas no PostgreSQL. Nesta gravação para o público de nível intermediário, especialistas compartilham experiências práticas, desafios reais do mercado e reflexões sobre impactos estratégicos e técnicos em Banco de Dados.",Dra. Mariana Vasconcelos
539,Deep Dive Ep. 60: Casos de Sucesso em Orquestração de Microsserviços com Kubernetes,Podcast,DevOps & Cloud,Avançado,69,2024-01-27,"Episódio enriquecedor com debates aprofundados sobre Orquestração de Microsserviços com Kubernetes. Nesta gravação para o público de nível avançado, especialistas compartilham experiências práticas, desafios reais do mercado e reflexões sobre impactos estratégicos e técnicos em DevOps & Cloud.",Dra. Renata Figueiredo Melo
540,Análise Comparativa e Padrões Recomendados em Catálogo de Dados Corporativo e Glossário,Artigo,Segurança & Governança,Básico,12,2025-11-10,"Artigo técnico detalhado que explora Catálogo de Dados Corporativo e Glossário sob uma ótica técnica e conceitual. Focado em nível básico, aborda trade-offs arquiteturais, vantagens competitivas, padrões recomendados e diretrizes fundamentais para especialistas que atuam em Segurança & Governança.",Profa. Beatriz Helena Nogueira
541,Princípios Essenciais e Arquitetura de Pipelines de CI/CD para Engenharia de Dados,Artigo,DevOps & Cloud,Intermediário,9,2025-12-28,"Artigo técnico detalhado que explora Pipelines de CI/CD para Engenharia de Dados sob uma ótica técnica e conceitual. Focado em nível intermediário, aborda trade-offs arquiteturais, vantagens competitivas, padrões recomendados e diretrizes fundamentais para especialistas que atuam em DevOps & Cloud.",Eng. Thiago Pinheiro Borges
542,Princípios Essenciais e Arquitetura de Orquestração de Workflows com Apache Airflow,Artigo,Engenharia de Dados,Básico,20,2025-05-25,"Artigo técnico detalhado que explora Orquestração de Workflows com Apache Airflow sob uma ótica técnica e conceitual. Focado em nível básico, aborda trade-offs arquiteturais, vantagens competitivas, padrões recomendados e diretrizes fundamentais para especialistas que atuam em Engenharia de Dados.",Eng. Vanessa Cristina Ramos
543,Data Insights Ep. 95: Experiências Reais com Tipagem Estática e Boas Práticas com Mypy,Podcast,Programação & Software,Intermediário,62,2025-04-13,"Episódio enriquecedor com debates aprofundados sobre Tipagem Estática e Boas Práticas com Mypy. Nesta gravação para o público de nível intermediário, especialistas compartilham experiências práticas, desafios reais do mercado e reflexões sobre impactos estratégicos e técnicos em Programação & Software.",Eng. Felipe Siqueira Castro
544,Solucionando Desafios do Dia a Dia em Ambientes Reprodutíveis para Aplicações de Dados,Vídeo,DevOps & Cloud,Avançado,55,2025-06-16,"Vídeo prático e objetivo apresentando a aplicação de Ambientes Reprodutíveis para Aplicações de Dados. Em formato hands-on com nível avançado, o conteúdo demonstra resolução de problemas reais, passo a passo detalhado e dicas essenciais de implementação para acelerar seu domínio em DevOps & Cloud.",Eng. Vanessa Cristina Ramos
545,Data Insights Ep. 16: Experiências Reais com Processamento Distribuído com Apache Spark,Podcast,Engenharia de Dados,Básico,44,2026-05-16,"Episódio enriquecedor com debates aprofundados sobre Processamento Distribuído com Apache Spark. Nesta gravação para o público de nível básico, especialistas compartilham experiências práticas, desafios reais do mercado e reflexões sobre impactos estratégicos e técnicos em Engenharia de Dados.",Profa. Carla Antunes Silveira
546,Solucionando Desafios do Dia a Dia em Métricas de Avaliação de Modelos Preditivos,Vídeo,Ciência de Dados,Básico,34,2025-07-03,"Vídeo prático e objetivo apresentando a aplicação de Métricas de Avaliação de Modelos Preditivos. Em formato hands-on com nível básico, o conteúdo demonstra resolução de problemas reais, passo a passo detalhado e dicas essenciais de implementação para acelerar seu domínio em Ciência de Dados.",Eng. Vanessa Cristina Ramos
547,Guia Definitivo e Boas Práticas sobre Ambientes Reprodutíveis para Aplicações de Dados,Artigo,DevOps & Cloud,Intermediário,7,2025-06-25,"Artigo técnico detalhado que explora Ambientes Reprodutíveis para Aplicações de Dados sob uma ótica técnica e conceitual. Focado em nível intermediário, aborda trade-offs arquiteturais, vantagens competitivas, padrões recomendados e diretrizes fundamentais para especialistas que atuam em DevOps & Cloud.",Eng. Thiago Pinheiro Borges
548,Melhores Práticas e Arquitetura de Auditoria e Monitoramento de Logs de Acesso,Vídeo,Segurança & Governança,Avançado,56,2026-01-12,"Vídeo prático e objetivo apresentando a aplicação de Auditoria e Monitoramento de Logs de Acesso. Em formato hands-on com nível avançado, o conteúdo demonstra resolução de problemas reais, passo a passo detalhado e dicas essenciais de implementação para acelerar seu domínio em Segurança & Governança.",Prof. Lucas Fernandes Prado
549,Construindo Aplicações Robustas com Engenharia de Prompts e Agentes Inteligentes,Curso,Inteligência Artificial,Intermediário,693,2025-10-05,"Neste curso aprofundado, você aprenderá de forma estruturada sobre Engenharia de Prompts e Agentes Inteligentes. O treinamento abrange tópicos de nível intermediário, exercícios práticos e construção de projetos completos. Indicado para profissionais que desejam dominar ferramentas modernas e padrões consolidados em Inteligência Artificial.",Dra. Juliana Martins Fontes
550,Como Implementar Arquitetura RAG e Recuperação Semântica Passo a Passo,Vídeo,Inteligência Artificial,Básico,39,2024-04-21,"Vídeo prático e objetivo apresentando a aplicação de Arquitetura RAG e Recuperação Semântica. Em formato hands-on com nível básico, o conteúdo demonstra resolução de problemas reais, passo a passo detalhado e dicas essenciais de implementação para acelerar seu domínio em Inteligência Artificial.",Prof. Diego Henrique Barros
551,Papo de Dados Ep. 14: Desvendando Ambientes Reprodutíveis para Aplicações de Dados,Podcast,DevOps & Cloud,Básico,74,2025-03-15,"Episódio enriquecedor com debates aprofundados sobre Ambientes Reprodutíveis para Aplicações de Dados. Nesta gravação para o público de nível básico, especialistas compartilham experiências práticas, desafios reais do mercado e reflexões sobre impactos estratégicos e técnicos em DevOps & Cloud.",Eng. Felipe Siqueira Castro
552,Análise Prática e Demonstração de Previsão de Séries Temporais e Tendências,Vídeo,Ciência de Dados,Intermediário,41,2025-12-02,"Vídeo prático e objetivo apresentando a aplicação de Previsão de Séries Temporais e Tendências. Em formato hands-on com nível intermediário, o conteúdo demonstra resolução de problemas reais, passo a passo detalhado e dicas essenciais de implementação para acelerar seu domínio em Ciência de Dados.",Eng. Vanessa Cristina Ramos
553,Guia Rápido e Hands-on: Pipelines e Transformações com Apache Hop,Vídeo,Engenharia de Dados,Básico,18,2024-12-05,"Vídeo prático e objetivo apresentando a aplicação de Pipelines e Transformações com Apache Hop. Em formato hands-on com nível básico, o conteúdo demonstra resolução de problemas reais, passo a passo detalhado e dicas essenciais de implementação para acelerar seu domínio em Engenharia de Dados.",Prof. Diego Henrique Barros
554,Especialização em Controle de Acesso Baseado em Papéis (RBAC) com Projetos Práticos,Curso,Segurança & Governança,Básico,196,2025-03-31,"Neste curso aprofundado, você aprenderá de forma estruturada sobre Controle de Acesso Baseado em Papéis (RBAC). O treinamento abrange tópicos de nível básico, exercícios práticos e construção de projetos completos. Indicado para profissionais que desejam dominar ferramentas modernas e padrões consolidados em Segurança & Governança.",Eng. Bruno César Pires
555,Deep Dive Ep. 82: Casos de Sucesso em Integração Híbrida PostgreSQL e NoSQL MongoDB,Podcast,Banco de Dados,Básico,82,2024-05-26,"Episódio enriquecedor com debates aprofundados sobre Integração Híbrida PostgreSQL e NoSQL MongoDB. Nesta gravação para o público de nível básico, especialistas compartilham experiências práticas, desafios reais do mercado e reflexões sobre impactos estratégicos e técnicos em Banco de Dados.",Profa. Beatriz Helena Nogueira
556,Tech Talk Ep. 19: Melhores Práticas em Engenharia de Recursos e Pré-processamento,Podcast,Ciência de Dados,Básico,75,2024-01-20,"Episódio enriquecedor com debates aprofundados sobre Engenharia de Recursos e Pré-processamento. Nesta gravação para o público de nível básico, especialistas compartilham experiências práticas, desafios reais do mercado e reflexões sobre impactos estratégicos e técnicos em Ciência de Dados.",Eng. Rodrigo Alves Mendonça
557,Análise Prática e Demonstração de Dashboards Estratégicos no Apache Superset,Vídeo,Business Intelligence,Intermediário,55,2025-01-10,"Vídeo prático e objetivo apresentando a aplicação de Dashboards Estratégicos no Apache Superset. Em formato hands-on com nível intermediário, o conteúdo demonstra resolução de problemas reais, passo a passo detalhado e dicas essenciais de implementação para acelerar seu domínio em Business Intelligence.",Dr. Marcelo Silveira Neves
558,Estudo Técnico e Decisões de Arquitetura em Design de Dashboards e Eliminação de Chartjunk,Artigo,Business Intelligence,Básico,19,2025-06-10,"Artigo técnico detalhado que explora Design de Dashboards e Eliminação de Chartjunk sob uma ótica técnica e conceitual. Focado em nível básico, aborda trade-offs arquiteturais, vantagens competitivas, padrões recomendados e diretrizes fundamentais para especialistas que atuam em Business Intelligence.",Prof. Elmo Batista de Faria
559,Como Obter Alta Performance Utilizando Auditoria e Monitoramento de Logs de Acesso,Artigo,Segurança & Governança,Avançado,22,2024-02-16,"Artigo técnico detalhado que explora Auditoria e Monitoramento de Logs de Acesso sob uma ótica técnica e conceitual. Focado em nível avançado, aborda trade-offs arquiteturais, vantagens competitivas, padrões recomendados e diretrizes fundamentais para especialistas que atuam em Segurança & Governança.",Dra. Camila Guimarães Rocha
560,Solucionando Desafios do Dia a Dia em Governança e Padronização de Painéis de Indicadores,Vídeo,Business Intelligence,Avançado,61,2026-01-11,"Vídeo prático e objetivo apresentando a aplicação de Governança e Padronização de Painéis de Indicadores. Em formato hands-on com nível avançado, o conteúdo demonstra resolução de problemas reais, passo a passo detalhado e dicas essenciais de implementação para acelerar seu domínio em Business Intelligence.",Eng. Thiago Pinheiro Borges
561,Arquitetura & Código Ep. 82: Inovações em Processamento de Linguagem Natural (PLN),Podcast,Inteligência Artificial,Básico,28,2026-01-01,"Episódio enriquecedor com debates aprofundados sobre Processamento de Linguagem Natural (PLN). Nesta gravação para o público de nível básico, especialistas compartilham experiências práticas, desafios reais do mercado e reflexões sobre impactos estratégicos e técnicos em Inteligência Artificial.",Eng. Vanessa Cristina Ramos
562,Estudo Técnico e Decisões de Arquitetura em Catálogo de Dados Corporativo e Glossário,Artigo,Segurança & Governança,Básico,14,2024-07-26,"Artigo técnico detalhado que explora Catálogo de Dados Corporativo e Glossário sob uma ótica técnica e conceitual. Focado em nível básico, aborda trade-offs arquiteturais, vantagens competitivas, padrões recomendados e diretrizes fundamentais para especialistas que atuam em Segurança & Governança.",Dr. Marcelo Silveira Neves
563,Tech Talk Ep. 122: Melhores Práticas em Controle de Acesso Baseado em Papéis (RBAC),Podcast,Segurança & Governança,Intermediário,29,2025-11-12,"Episódio enriquecedor com debates aprofundados sobre Controle de Acesso Baseado em Papéis (RBAC). Nesta gravação para o público de nível intermediário, especialistas compartilham experiências práticas, desafios reais do mercado e reflexões sobre impactos estratégicos e técnicos em Segurança & Governança.",Eng. Bruno César Pires
564,Tech Talk Ep. 11: Melhores Práticas em Catálogo de Dados Corporativo e Glossário,Podcast,Segurança & Governança,Avançado,64,2025-05-11,"Episódio enriquecedor com debates aprofundados sobre Catálogo de Dados Corporativo e Glossário. Nesta gravação para o público de nível avançado, especialistas compartilham experiências práticas, desafios reais do mercado e reflexões sobre impactos estratégicos e técnicos em Segurança & Governança.",Eng. Felipe Siqueira Castro
565,Curso Completo de Gestão de Metadados e Qualidade de Dados Mestres: Da Teoria à Prática,Curso,Segurança & Governança,Intermediário,1191,2026-06-11,"Neste curso aprofundado, você aprenderá de forma estruturada sobre Gestão de Metadados e Qualidade de Dados Mestres. O treinamento abrange tópicos de nível intermediário, exercícios práticos e construção de projetos completos. Indicado para profissionais que desejam dominar ferramentas modernas e padrões consolidados em Segurança & Governança.",Dr. Fernando Zanin Pacheco
566,Arquitetura & Código Ep. 51: Inovações em Consultas e Índices GIN com JSONB no PostgreSQL,Podcast,Banco de Dados,Avançado,83,2026-04-30,"Episódio enriquecedor com debates aprofundados sobre Consultas e Índices GIN com JSONB no PostgreSQL. Nesta gravação para o público de nível avançado, especialistas compartilham experiências práticas, desafios reais do mercado e reflexões sobre impactos estratégicos e técnicos em Banco de Dados.",Dr. Marcelo Silveira Neves
567,Deep Dive Ep. 81: Casos de Sucesso em Detecção de Anomalias em Grandes Volumes,Podcast,Ciência de Dados,Avançado,52,2024-01-21,"Episódio enriquecedor com debates aprofundados sobre Detecção de Anomalias em Grandes Volumes. Nesta gravação para o público de nível avançado, especialistas compartilham experiências práticas, desafios reais do mercado e reflexões sobre impactos estratégicos e técnicos em Ciência de Dados.",Eng. Patrícia Moreira Viana
568,Como Implementar Gestão de Metadados e Qualidade de Dados Mestres Passo a Passo,Vídeo,Segurança & Governança,Básico,21,2024-05-19,"Vídeo prático e objetivo apresentando a aplicação de Gestão de Metadados e Qualidade de Dados Mestres. Em formato hands-on com nível básico, o conteúdo demonstra resolução de problemas reais, passo a passo detalhado e dicas essenciais de implementação para acelerar seu domínio em Segurança & Governança.",Dr. Marcelo Silveira Neves
569,Como Obter Alta Performance Utilizando Modelos de Linguagem de Larga Escala (LLMs),Artigo,Inteligência Artificial,Básico,20,2025-11-17,"Artigo técnico detalhado que explora Modelos de Linguagem de Larga Escala (LLMs) sob uma ótica técnica e conceitual. Focado em nível básico, aborda trade-offs arquiteturais, vantagens competitivas, padrões recomendados e diretrizes fundamentais para especialistas que atuam em Inteligência Artificial.",Dra. Camila Guimarães Rocha
570,Estudo Técnico e Decisões de Arquitetura em Métricas de Avaliação de Modelos Preditivos,Artigo,Ciência de Dados,Intermediário,12,2025-06-10,"Artigo técnico detalhado que explora Métricas de Avaliação de Modelos Preditivos sob uma ótica técnica e conceitual. Focado em nível intermediário, aborda trade-offs arquiteturais, vantagens competitivas, padrões recomendados e diretrizes fundamentais para especialistas que atuam em Ciência de Dados.",Dra. Mariana Vasconcelos
571,Curso Completo de Processamento Distribuído com Apache Spark: Da Teoria à Prática,Curso,Engenharia de Dados,Avançado,2713,2026-06-18,"Neste curso aprofundado, você aprenderá de forma estruturada sobre Processamento Distribuído com Apache Spark. O treinamento abrange tópicos de nível avançado, exercícios práticos e construção de projetos completos. Indicado para profissionais que desejam dominar ferramentas modernas e padrões consolidados em Engenharia de Dados.",Dra. Camila Guimarães Rocha
572,Curso Completo de Tipagem Estática e Boas Práticas com Mypy: Da Teoria à Prática,Curso,Programação & Software,Básico,311,2025-07-01,"Neste curso aprofundado, você aprenderá de forma estruturada sobre Tipagem Estática e Boas Práticas com Mypy. O treinamento abrange tópicos de nível básico, exercícios práticos e construção de projetos completos. Indicado para profissionais que desejam dominar ferramentas modernas e padrões consolidados em Programação & Software.",Prof. Elmo Batista de Faria
573,Papo de Dados Ep. 94: Desvendando Visualizações com Big Numbers e Gráficos Eficazes,Podcast,Business Intelligence,Básico,43,2025-02-12,"Episódio enriquecedor com debates aprofundados sobre Visualizações com Big Numbers e Gráficos Eficazes. Nesta gravação para o público de nível básico, especialistas compartilham experiências práticas, desafios reais do mercado e reflexões sobre impactos estratégicos e técnicos em Business Intelligence.",Dr. André Luiz Carvalho
574,Análise Comparativa e Padrões Recomendados em Otimização de Consultas SQL com EXPLAIN ANALYZE,Artigo,Banco de Dados,Básico,17,2025-08-22,"Artigo técnico detalhado que explora Otimização de Consultas SQL com EXPLAIN ANALYZE sob uma ótica técnica e conceitual. Focado em nível básico, aborda trade-offs arquiteturais, vantagens competitivas, padrões recomendados e diretrizes fundamentais para especialistas que atuam em Banco de Dados.",Eng. Bruno César Pires
575,Estudo Técnico e Decisões de Arquitetura em Práticas de DataOps e Qualidade de Dados,Artigo,Engenharia de Dados,Básico,9,2024-02-07,"Artigo técnico detalhado que explora Práticas de DataOps e Qualidade de Dados sob uma ótica técnica e conceitual. Focado em nível básico, aborda trade-offs arquiteturais, vantagens competitivas, padrões recomendados e diretrizes fundamentais para especialistas que atuam em Engenharia de Dados.",Profa. Larissa Duarte Toledo
576,Especialização em Auditoria e Monitoramento de Logs de Acesso com Projetos Práticos,Curso,Segurança & Governança,Intermediário,787,2026-03-23,"Neste curso aprofundado, você aprenderá de forma estruturada sobre Auditoria e Monitoramento de Logs de Acesso. O treinamento abrange tópicos de nível intermediário, exercícios práticos e construção de projetos completos. Indicado para profissionais que desejam dominar ferramentas modernas e padrões consolidados em Segurança & Governança.",Eng. Thiago Pinheiro Borges
577,Especialização em APIs RESTful de Alta Performance com FastAPI com Projetos Práticos,Curso,Programação & Software,Intermediário,1353,2024-03-14,"Neste curso aprofundado, você aprenderá de forma estruturada sobre APIs RESTful de Alta Performance com FastAPI. O treinamento abrange tópicos de nível intermediário, exercícios práticos e construção de projetos completos. Indicado para profissionais que desejam dominar ferramentas modernas e padrões consolidados em Programação & Software.",Eng. Rodrigo Alves Mendonça
578,Princípios Essenciais e Arquitetura de Gestão de Metadados e Qualidade de Dados Mestres,Artigo,Segurança & Governança,Intermediário,8,2026-03-18,"Artigo técnico detalhado que explora Gestão de Metadados e Qualidade de Dados Mestres sob uma ótica técnica e conceitual. Focado em nível intermediário, aborda trade-offs arquiteturais, vantagens competitivas, padrões recomendados e diretrizes fundamentais para especialistas que atuam em Segurança & Governança.",Eng. Thiago Pinheiro Borges
579,Estudo Técnico e Decisões de Arquitetura em Engenharia de Prompts e Agentes Inteligentes,Artigo,Inteligência Artificial,Avançado,28,2025-09-14,"Artigo técnico detalhado que explora Engenharia de Prompts e Agentes Inteligentes sob uma ótica técnica e conceitual. Focado em nível avançado, aborda trade-offs arquiteturais, vantagens competitivas, padrões recomendados e diretrizes fundamentais para especialistas que atuam em Inteligência Artificial.",Eng. Patrícia Moreira Viana
580,Deep Dive Ep. 125: Casos de Sucesso em Pipelines de CI/CD para Engenharia de Dados,Podcast,DevOps & Cloud,Básico,69,2024-05-14,"Episódio enriquecedor com debates aprofundados sobre Pipelines de CI/CD para Engenharia de Dados. Nesta gravação para o público de nível básico, especialistas compartilham experiências práticas, desafios reais do mercado e reflexões sobre impactos estratégicos e técnicos em DevOps & Cloud.",Dra. Mariana Vasconcelos
581,Especialização em Gestão de Metadados e Qualidade de Dados Mestres com Projetos Práticos,Curso,Segurança & Governança,Intermediário,1169,2025-06-07,"Neste curso aprofundado, você aprenderá de forma estruturada sobre Gestão de Metadados e Qualidade de Dados Mestres. O treinamento abrange tópicos de nível intermediário, exercícios práticos e construção de projetos completos. Indicado para profissionais que desejam dominar ferramentas modernas e padrões consolidados em Segurança & Governança.",Eng. Patrícia Moreira Viana
582,Como Implementar Modelagem Dimensional Star Schema e Snowflake Passo a Passo,Vídeo,Engenharia de Dados,Básico,25,2024-09-14,"Vídeo prático e objetivo apresentando a aplicação de Modelagem Dimensional Star Schema e Snowflake. Em formato hands-on com nível básico, o conteúdo demonstra resolução de problemas reais, passo a passo detalhado e dicas essenciais de implementação para acelerar seu domínio em Engenharia de Dados.",Dra. Juliana Martins Fontes
583,Guia Definitivo e Boas Práticas sobre Técnicas de Anonimização e Pseudonimização,Artigo,Segurança & Governança,Avançado,25,2024-03-16,"Artigo técnico detalhado que explora Técnicas de Anonimização e Pseudonimização sob uma ótica técnica e conceitual. Focado em nível avançado, aborda trade-offs arquiteturais, vantagens competitivas, padrões recomendados e diretrizes fundamentais para especialistas que atuam em Segurança & Governança.",Eng. Felipe Siqueira Castro
584,Guia Definitivo e Boas Práticas sobre Linhagem de Dados e Rastreabilidade de Origem,Artigo,Segurança & Governança,Intermediário,27,2024-07-24,"Artigo técnico detalhado que explora Linhagem de Dados e Rastreabilidade de Origem sob uma ótica técnica e conceitual. Focado em nível intermediário, aborda trade-offs arquiteturais, vantagens competitivas, padrões recomendados e diretrizes fundamentais para especialistas que atuam em Segurança & Governança.",Eng. Thiago Pinheiro Borges
585,Guia Definitivo e Boas Práticas sobre Armazenamento de Documentos com MongoDB,Artigo,Banco de Dados,Básico,6,2025-12-23,"Artigo técnico detalhado que explora Armazenamento de Documentos com MongoDB sob uma ótica técnica e conceitual. Focado em nível básico, aborda trade-offs arquiteturais, vantagens competitivas, padrões recomendados e diretrizes fundamentais para especialistas que atuam em Banco de Dados.",Eng. Bruno César Pires
586,Guia Rápido e Hands-on: Engenharia de Recursos e Pré-processamento,Vídeo,Ciência de Dados,Básico,34,2026-02-20,"Vídeo prático e objetivo apresentando a aplicação de Engenharia de Recursos e Pré-processamento. Em formato hands-on com nível básico, o conteúdo demonstra resolução de problemas reais, passo a passo detalhado e dicas essenciais de implementação para acelerar seu domínio em Ciência de Dados.",Prof. Diego Henrique Barros
587,Curso Completo de Controle de Acesso Baseado em Papéis (RBAC): Da Teoria à Prática,Curso,Segurança & Governança,Intermediário,1153,2025-05-03,"Neste curso aprofundado, você aprenderá de forma estruturada sobre Controle de Acesso Baseado em Papéis (RBAC). O treinamento abrange tópicos de nível intermediário, exercícios práticos e construção de projetos completos. Indicado para profissionais que desejam dominar ferramentas modernas e padrões consolidados em Segurança & Governança.",Eng. Bruno César Pires
588,Análise Comparativa e Padrões Recomendados em Adequação à LGPD e Proteção de Dados Pessoais,Artigo,Segurança & Governança,Básico,6,2024-01-23,"Artigo técnico detalhado que explora Adequação à LGPD e Proteção de Dados Pessoais sob uma ótica técnica e conceitual. Focado em nível básico, aborda trade-offs arquiteturais, vantagens competitivas, padrões recomendados e diretrizes fundamentais para especialistas que atuam em Segurança & Governança.",Dr. Fernando Zanin Pacheco
589,Análise Comparativa e Padrões Recomendados em Otimização de Consultas SQL com EXPLAIN ANALYZE,Artigo,Banco de Dados,Avançado,28,2025-04-22,"Artigo técnico detalhado que explora Otimização de Consultas SQL com EXPLAIN ANALYZE sob uma ótica técnica e conceitual. Focado em nível avançado, aborda trade-offs arquiteturais, vantagens competitivas, padrões recomendados e diretrizes fundamentais para especialistas que atuam em Banco de Dados.",Dr. Marcelo Silveira Neves
590,Papo de Dados Ep. 111: Desvendando Arquitetura Limpa e Princípios SOLID,Podcast,Programação & Software,Intermediário,28,2026-02-08,"Episódio enriquecedor com debates aprofundados sobre Arquitetura Limpa e Princípios SOLID. Nesta gravação para o público de nível intermediário, especialistas compartilham experiências práticas, desafios reais do mercado e reflexões sobre impactos estratégicos e técnicos em Programação & Software.",Eng. Rodrigo Alves Mendonça
591,Tech Talk Ep. 133: Melhores Práticas em Monitoramento de Performance e Acompanhamento de Metas,Podcast,Business Intelligence,Intermediário,85,2025-09-27,"Episódio enriquecedor com debates aprofundados sobre Monitoramento de Performance e Acompanhamento de Metas. Nesta gravação para o público de nível intermediário, especialistas compartilham experiências práticas, desafios reais do mercado e reflexões sobre impactos estratégicos e técnicos em Business Intelligence.",Prof. Elmo Batista de Faria
592,Formação Prática em Escalabilidade e Gestão de Custos em Cloud: Fundamentos e Aplicação,Curso,DevOps & Cloud,Básico,527,2025-04-06,"Neste curso aprofundado, você aprenderá de forma estruturada sobre Escalabilidade e Gestão de Custos em Cloud. O treinamento abrange tópicos de nível básico, exercícios práticos e construção de projetos completos. Indicado para profissionais que desejam dominar ferramentas modernas e padrões consolidados em DevOps & Cloud.",Prof. Elmo Batista de Faria
593,Como Obter Alta Performance Utilizando Estratégias de Indexação e Performance de Bancos,Artigo,Banco de Dados,Intermediário,27,2026-06-24,"Artigo técnico detalhado que explora Estratégias de Indexação e Performance de Bancos sob uma ótica técnica e conceitual. Focado em nível intermediário, aborda trade-offs arquiteturais, vantagens competitivas, padrões recomendados e diretrizes fundamentais para especialistas que atuam em Banco de Dados.",Dra. Juliana Martins Fontes
594,Melhores Práticas e Arquitetura de Controle de Acesso Baseado em Papéis (RBAC),Vídeo,Segurança & Governança,Básico,40,2024-03-23,"Vídeo prático e objetivo apresentando a aplicação de Controle de Acesso Baseado em Papéis (RBAC). Em formato hands-on com nível básico, o conteúdo demonstra resolução de problemas reais, passo a passo detalhado e dicas essenciais de implementação para acelerar seu domínio em Segurança & Governança.",Dra. Camila Guimarães Rocha
595,Guia Rápido e Hands-on: Experimentação e Testes A/B Orientados a Dados,Vídeo,Ciência de Dados,Básico,41,2024-05-05,"Vídeo prático e objetivo apresentando a aplicação de Experimentação e Testes A/B Orientados a Dados. Em formato hands-on com nível básico, o conteúdo demonstra resolução de problemas reais, passo a passo detalhado e dicas essenciais de implementação para acelerar seu domínio em Ciência de Dados.",Prof. Lucas Fernandes Prado
596,Data Insights Ep. 119: Experiências Reais com Testes Automatizados e TDD com Pytest,Podcast,Programação & Software,Avançado,47,2025-03-15,"Episódio enriquecedor com debates aprofundados sobre Testes Automatizados e TDD com Pytest. Nesta gravação para o público de nível avançado, especialistas compartilham experiências práticas, desafios reais do mercado e reflexões sobre impactos estratégicos e técnicos em Programação & Software.",Dr. Marcelo Silveira Neves
597,Curso Completo de Experimentação e Testes A/B Orientados a Dados: Da Teoria à Prática,Curso,Ciência de Dados,Intermediário,616,2025-07-02,"Neste curso aprofundado, você aprenderá de forma estruturada sobre Experimentação e Testes A/B Orientados a Dados. O treinamento abrange tópicos de nível intermediário, exercícios práticos e construção de projetos completos. Indicado para profissionais que desejam dominar ferramentas modernas e padrões consolidados em Ciência de Dados.",Prof. Elmo Batista de Faria
598,Princípios Essenciais e Arquitetura de Governança e Ética em Sistemas de IA,Artigo,Inteligência Artificial,Básico,28,2026-02-21,"Artigo técnico detalhado que explora Governança e Ética em Sistemas de IA sob uma ótica técnica e conceitual. Focado em nível básico, aborda trade-offs arquiteturais, vantagens competitivas, padrões recomendados e diretrizes fundamentais para especialistas que atuam em Inteligência Artificial.",Dra. Renata Figueiredo Melo
599,Como Implementar Criptografia de Dados em Repouso e em Trânsito Passo a Passo,Vídeo,Segurança & Governança,Avançado,105,2026-01-16,"Vídeo prático e objetivo apresentando a aplicação de Criptografia de Dados em Repouso e em Trânsito. Em formato hands-on com nível avançado, o conteúdo demonstra resolução de problemas reais, passo a passo detalhado e dicas essenciais de implementação para acelerar seu domínio em Segurança & Governança.",Dra. Renata Figueiredo Melo
600,Solucionando Desafios do Dia a Dia em Visualizações com Big Numbers e Gráficos Eficazes,Vídeo,Business Intelligence,Intermediário,58,2025-01-26,"Vídeo prático e objetivo apresentando a aplicação de Visualizações com Big Numbers e Gráficos Eficazes. Em formato hands-on com nível intermediário, o conteúdo demonstra resolução de problemas reais, passo a passo detalhado e dicas essenciais de implementação para acelerar seu domínio em Business Intelligence.",Profa. Carla Antunes Silveira
601,Princípios Essenciais e Arquitetura de Métricas de Avaliação de Modelos Preditivos,Artigo,Ciência de Dados,Básico,27,2024-03-05,"Artigo técnico detalhado que explora Métricas de Avaliação de Modelos Preditivos sob uma ótica técnica e conceitual. Focado em nível básico, aborda trade-offs arquiteturais, vantagens competitivas, padrões recomendados e diretrizes fundamentais para especialistas que atuam em Ciência de Dados.",Profa. Larissa Duarte Toledo
602,"Formação Prática em Ingestão Eficiente de CSV, JSON e Parquet: Fundamentos e Aplicação",Curso,Engenharia de Dados,Avançado,3228,2025-06-27,"Neste curso aprofundado, você aprenderá de forma estruturada sobre Ingestão Eficiente de CSV, JSON e Parquet. O treinamento abrange tópicos de nível avançado, exercícios práticos e construção de projetos completos. Indicado para profissionais que desejam dominar ferramentas modernas e padrões consolidados em Engenharia de Dados.",Prof. Lucas Fernandes Prado
603,Especialização em Segurança de Redes e Controle de Acesso com Projetos Práticos,Curso,DevOps & Cloud,Intermediário,967,2024-06-28,"Neste curso aprofundado, você aprenderá de forma estruturada sobre Segurança de Redes e Controle de Acesso. O treinamento abrange tópicos de nível intermediário, exercícios práticos e construção de projetos completos. Indicado para profissionais que desejam dominar ferramentas modernas e padrões consolidados em DevOps & Cloud.",Dra. Mariana Vasconcelos
604,Guia Definitivo e Boas Práticas sobre Replicação e Tolerância a Falhas no PostgreSQL,Artigo,Banco de Dados,Avançado,29,2024-02-05,"Artigo técnico detalhado que explora Replicação e Tolerância a Falhas no PostgreSQL sob uma ótica técnica e conceitual. Focado em nível avançado, aborda trade-offs arquiteturais, vantagens competitivas, padrões recomendados e diretrizes fundamentais para especialistas que atuam em Banco de Dados.",Dra. Mariana Vasconcelos
605,Data Insights Ep. 78: Experiências Reais com Storytelling com Dados para Apresentações Executivas,Podcast,Business Intelligence,Avançado,39,2024-11-02,"Episódio enriquecedor com debates aprofundados sobre Storytelling com Dados para Apresentações Executivas. Nesta gravação para o público de nível avançado, especialistas compartilham experiências práticas, desafios reais do mercado e reflexões sobre impactos estratégicos e técnicos em Business Intelligence.",Profa. Carla Antunes Silveira
606,Análise Comparativa e Padrões Recomendados em Mensageria e Streaming com Apache Kafka,Artigo,Engenharia de Dados,Intermediário,6,2024-09-10,"Artigo técnico detalhado que explora Mensageria e Streaming com Apache Kafka sob uma ótica técnica e conceitual. Focado em nível intermediário, aborda trade-offs arquiteturais, vantagens competitivas, padrões recomendados e diretrizes fundamentais para especialistas que atuam em Engenharia de Dados.",Profa. Beatriz Helena Nogueira
607,Masterclass de Estatística Descritiva e Inferencial para Decisão para Projetos Reais,Curso,Ciência de Dados,Avançado,2987,2026-01-08,"Neste curso aprofundado, você aprenderá de forma estruturada sobre Estatística Descritiva e Inferencial para Decisão. O treinamento abrange tópicos de nível avançado, exercícios práticos e construção de projetos completos. Indicado para profissionais que desejam dominar ferramentas modernas e padrões consolidados em Ciência de Dados.",Profa. Larissa Duarte Toledo
608,Arquitetura & Código Ep. 62: Inovações em Automação de Servidores Linux e Acesso SSH,Podcast,DevOps & Cloud,Avançado,83,2025-09-06,"Episódio enriquecedor com debates aprofundados sobre Automação de Servidores Linux e Acesso SSH. Nesta gravação para o público de nível avançado, especialistas compartilham experiências práticas, desafios reais do mercado e reflexões sobre impactos estratégicos e técnicos em DevOps & Cloud.",Prof. Lucas Fernandes Prado
609,Formação Prática em Otimização de Consultas SQL com EXPLAIN ANALYZE: Fundamentos e Aplicação,Curso,Banco de Dados,Avançado,1705,2025-05-13,"Neste curso aprofundado, você aprenderá de forma estruturada sobre Otimização de Consultas SQL com EXPLAIN ANALYZE. O treinamento abrange tópicos de nível avançado, exercícios práticos e construção de projetos completos. Indicado para profissionais que desejam dominar ferramentas modernas e padrões consolidados em Banco de Dados.",Dra. Camila Guimarães Rocha
610,Data Insights Ep. 79: Experiências Reais com Ambientes Reprodutíveis para Aplicações de Dados,Podcast,DevOps & Cloud,Avançado,57,2025-08-04,"Episódio enriquecedor com debates aprofundados sobre Ambientes Reprodutíveis para Aplicações de Dados. Nesta gravação para o público de nível avançado, especialistas compartilham experiências práticas, desafios reais do mercado e reflexões sobre impactos estratégicos e técnicos em DevOps & Cloud.",Prof. Lucas Fernandes Prado
611,Como Obter Alta Performance Utilizando Refatoração de Código e Padrões PEP 8,Artigo,Programação & Software,Básico,24,2026-03-05,"Artigo técnico detalhado que explora Refatoração de Código e Padrões PEP 8 sob uma ótica técnica e conceitual. Focado em nível básico, aborda trade-offs arquiteturais, vantagens competitivas, padrões recomendados e diretrizes fundamentais para especialistas que atuam em Programação & Software.",Profa. Beatriz Helena Nogueira
612,Deep Dive Ep. 45: Casos de Sucesso em Ambientes Reprodutíveis para Aplicações de Dados,Podcast,DevOps & Cloud,Intermediário,41,2026-05-27,"Episódio enriquecedor com debates aprofundados sobre Ambientes Reprodutíveis para Aplicações de Dados. Nesta gravação para o público de nível intermediário, especialistas compartilham experiências práticas, desafios reais do mercado e reflexões sobre impactos estratégicos e técnicos em DevOps & Cloud.",Eng. Patrícia Moreira Viana
613,Papo de Dados Ep. 131: Desvendando Dashboards Estratégicos no Apache Superset,Podcast,Business Intelligence,Intermediário,30,2024-03-31,"Episódio enriquecedor com debates aprofundados sobre Dashboards Estratégicos no Apache Superset. Nesta gravação para o público de nível intermediário, especialistas compartilham experiências práticas, desafios reais do mercado e reflexões sobre impactos estratégicos e técnicos em Business Intelligence.",Prof. Lucas Fernandes Prado
614,"Como Implementar Ingestão Eficiente de CSV, JSON e Parquet Passo a Passo",Vídeo,Engenharia de Dados,Básico,28,2025-11-26,"Vídeo prático e objetivo apresentando a aplicação de Ingestão Eficiente de CSV, JSON e Parquet. Em formato hands-on com nível básico, o conteúdo demonstra resolução de problemas reais, passo a passo detalhado e dicas essenciais de implementação para acelerar seu domínio em Engenharia de Dados.",Dra. Camila Guimarães Rocha
615,Estudo Técnico e Decisões de Arquitetura em Otimização de Consultas SQL com EXPLAIN ANALYZE,Artigo,Banco de Dados,Avançado,25,2025-02-05,"Artigo técnico detalhado que explora Otimização de Consultas SQL com EXPLAIN ANALYZE sob uma ótica técnica e conceitual. Focado em nível avançado, aborda trade-offs arquiteturais, vantagens competitivas, padrões recomendados e diretrizes fundamentais para especialistas que atuam em Banco de Dados.",Prof. Gabriel Santana Ribeiro
616,Princípios Essenciais e Arquitetura de Técnicas de Anonimização e Pseudonimização,Artigo,Segurança & Governança,Intermediário,12,2025-10-22,"Artigo técnico detalhado que explora Técnicas de Anonimização e Pseudonimização sob uma ótica técnica e conceitual. Focado em nível intermediário, aborda trade-offs arquiteturais, vantagens competitivas, padrões recomendados e diretrizes fundamentais para especialistas que atuam em Segurança & Governança.",Dra. Mariana Vasconcelos
617,Data Insights Ep. 82: Experiências Reais com Design de Dashboards e Eliminação de Chartjunk,Podcast,Business Intelligence,Intermediário,87,2025-05-29,"Episódio enriquecedor com debates aprofundados sobre Design de Dashboards e Eliminação de Chartjunk. Nesta gravação para o público de nível intermediário, especialistas compartilham experiências práticas, desafios reais do mercado e reflexões sobre impactos estratégicos e técnicos em Business Intelligence.",Dr. Marcelo Silveira Neves
618,"Construindo Aplicações Robustas com Métricas de Engajamento, Retenção e Conversão",Curso,Business Intelligence,Básico,343,2024-04-06,"Neste curso aprofundado, você aprenderá de forma estruturada sobre Métricas de Engajamento, Retenção e Conversão. O treinamento abrange tópicos de nível básico, exercícios práticos e construção de projetos completos. Indicado para profissionais que desejam dominar ferramentas modernas e padrões consolidados em Business Intelligence.",Dra. Renata Figueiredo Melo
619,Guia Definitivo e Boas Práticas sobre Interpretabilidade de Modelos com SHAP e LIME,Artigo,Ciência de Dados,Intermediário,6,2026-02-28,"Artigo técnico detalhado que explora Interpretabilidade de Modelos com SHAP e LIME sob uma ótica técnica e conceitual. Focado em nível intermediário, aborda trade-offs arquiteturais, vantagens competitivas, padrões recomendados e diretrizes fundamentais para especialistas que atuam em Ciência de Dados.",Dra. Renata Figueiredo Melo
620,Papo de Dados Ep. 73: Desvendando Embeddings Vetoriais e Representação Semântica,Podcast,Inteligência Artificial,Básico,79,2026-04-07,"Episódio enriquecedor com debates aprofundados sobre Embeddings Vetoriais e Representação Semântica. Nesta gravação para o público de nível básico, especialistas compartilham experiências práticas, desafios reais do mercado e reflexões sobre impactos estratégicos e técnicos em Inteligência Artificial.",Eng. Thiago Pinheiro Borges
621,Análise Comparativa e Padrões Recomendados em Práticas de DataOps e Qualidade de Dados,Artigo,Engenharia de Dados,Avançado,8,2026-04-06,"Artigo técnico detalhado que explora Práticas de DataOps e Qualidade de Dados sob uma ótica técnica e conceitual. Focado em nível avançado, aborda trade-offs arquiteturais, vantagens competitivas, padrões recomendados e diretrizes fundamentais para especialistas que atuam em Engenharia de Dados.",Prof. Lucas Fernandes Prado
622,Guia Rápido e Hands-on: Escalabilidade e Gestão de Custos em Cloud,Vídeo,DevOps & Cloud,Básico,13,2025-12-26,"Vídeo prático e objetivo apresentando a aplicação de Escalabilidade e Gestão de Custos em Cloud. Em formato hands-on com nível básico, o conteúdo demonstra resolução de problemas reais, passo a passo detalhado e dicas essenciais de implementação para acelerar seu domínio em DevOps & Cloud.",Dra. Camila Guimarães Rocha
623,Masterclass de Transações ACID e Controle de Concorrência para Projetos Reais,Curso,Banco de Dados,Avançado,3452,2025-06-14,"Neste curso aprofundado, você aprenderá de forma estruturada sobre Transações ACID e Controle de Concorrência. O treinamento abrange tópicos de nível avançado, exercícios práticos e construção de projetos completos. Indicado para profissionais que desejam dominar ferramentas modernas e padrões consolidados em Banco de Dados.",Dra. Juliana Martins Fontes
624,"Especialização em Ingestão Eficiente de CSV, JSON e Parquet com Projetos Práticos",Curso,Engenharia de Dados,Intermediário,1215,2025-10-01,"Neste curso aprofundado, você aprenderá de forma estruturada sobre Ingestão Eficiente de CSV, JSON e Parquet. O treinamento abrange tópicos de nível intermediário, exercícios práticos e construção de projetos completos. Indicado para profissionais que desejam dominar ferramentas modernas e padrões consolidados em Engenharia de Dados.",Eng. Thiago Pinheiro Borges
625,Papo de Dados Ep. 147: Desvendando Orquestração de Workflows com Apache Airflow,Podcast,Engenharia de Dados,Básico,88,2025-10-23,"Episódio enriquecedor com debates aprofundados sobre Orquestração de Workflows com Apache Airflow. Nesta gravação para o público de nível básico, especialistas compartilham experiências práticas, desafios reais do mercado e reflexões sobre impactos estratégicos e técnicos em Engenharia de Dados.",Eng. Patrícia Moreira Viana
626,Data Insights Ep. 99: Experiências Reais com Métricas de Avaliação de Modelos Preditivos,Podcast,Ciência de Dados,Intermediário,68,2025-07-27,"Episódio enriquecedor com debates aprofundados sobre Métricas de Avaliação de Modelos Preditivos. Nesta gravação para o público de nível intermediário, especialistas compartilham experiências práticas, desafios reais do mercado e reflexões sobre impactos estratégicos e técnicos em Ciência de Dados.",Prof. Gabriel Santana Ribeiro
627,Data Insights Ep. 82: Experiências Reais com Dashboards Estratégicos no Apache Superset,Podcast,Business Intelligence,Básico,60,2026-03-30,"Episódio enriquecedor com debates aprofundados sobre Dashboards Estratégicos no Apache Superset. Nesta gravação para o público de nível básico, especialistas compartilham experiências práticas, desafios reais do mercado e reflexões sobre impactos estratégicos e técnicos em Business Intelligence.",Dra. Renata Figueiredo Melo
628,Data Insights Ep. 92: Experiências Reais com Transações ACID e Controle de Concorrência,Podcast,Banco de Dados,Básico,88,2024-08-25,"Episódio enriquecedor com debates aprofundados sobre Transações ACID e Controle de Concorrência. Nesta gravação para o público de nível básico, especialistas compartilham experiências práticas, desafios reais do mercado e reflexões sobre impactos estratégicos e técnicos em Banco de Dados.",Eng. Felipe Siqueira Castro
629,Formação Prática em Design de Dashboards e Eliminação de Chartjunk: Fundamentos e Aplicação,Curso,Business Intelligence,Intermediário,702,2024-08-19,"Neste curso aprofundado, você aprenderá de forma estruturada sobre Design de Dashboards e Eliminação de Chartjunk. O treinamento abrange tópicos de nível intermediário, exercícios práticos e construção de projetos completos. Indicado para profissionais que desejam dominar ferramentas modernas e padrões consolidados em Business Intelligence.",Dra. Camila Guimarães Rocha
630,Papo de Dados Ep. 53: Desvendando Engenharia de Prompts e Agentes Inteligentes,Podcast,Inteligência Artificial,Básico,39,2025-03-13,"Episódio enriquecedor com debates aprofundados sobre Engenharia de Prompts e Agentes Inteligentes. Nesta gravação para o público de nível básico, especialistas compartilham experiências práticas, desafios reais do mercado e reflexões sobre impactos estratégicos e técnicos em Inteligência Artificial.",Prof. Lucas Fernandes Prado
631,Análise Comparativa e Padrões Recomendados em Refatoração de Código e Padrões PEP 8,Artigo,Programação & Software,Avançado,11,2025-07-05,"Artigo técnico detalhado que explora Refatoração de Código e Padrões PEP 8 sob uma ótica técnica e conceitual. Focado em nível avançado, aborda trade-offs arquiteturais, vantagens competitivas, padrões recomendados e diretrizes fundamentais para especialistas que atuam em Programação & Software.",Dr. Marcelo Silveira Neves
632,Guia Definitivo e Boas Práticas sobre Fundamentos de Deep Learning com PyTorch,Artigo,Inteligência Artificial,Intermediário,18,2025-10-13,"Artigo técnico detalhado que explora Fundamentos de Deep Learning com PyTorch sob uma ótica técnica e conceitual. Focado em nível intermediário, aborda trade-offs arquiteturais, vantagens competitivas, padrões recomendados e diretrizes fundamentais para especialistas que atuam em Inteligência Artificial.",Prof. Gabriel Santana Ribeiro
633,Curso Completo de Conteinerização com Docker e Docker Compose: Da Teoria à Prática,Curso,DevOps & Cloud,Básico,534,2025-08-04,"Neste curso aprofundado, você aprenderá de forma estruturada sobre Conteinerização com Docker e Docker Compose. O treinamento abrange tópicos de nível básico, exercícios práticos e construção de projetos completos. Indicado para profissionais que desejam dominar ferramentas modernas e padrões consolidados em DevOps & Cloud.",Eng. Bruno César Pires
634,Melhores Práticas e Arquitetura de Monitoramento com Prometheus e Grafana,Vídeo,DevOps & Cloud,Básico,10,2024-05-31,"Vídeo prático e objetivo apresentando a aplicação de Monitoramento com Prometheus e Grafana. Em formato hands-on com nível básico, o conteúdo demonstra resolução de problemas reais, passo a passo detalhado e dicas essenciais de implementação para acelerar seu domínio em DevOps & Cloud.",Dra. Juliana Martins Fontes
635,Análise Prática e Demonstração de Ambientes Reprodutíveis para Aplicações de Dados,Vídeo,DevOps & Cloud,Avançado,50,2025-12-02,"Vídeo prático e objetivo apresentando a aplicação de Ambientes Reprodutíveis para Aplicações de Dados. Em formato hands-on com nível avançado, o conteúdo demonstra resolução de problemas reais, passo a passo detalhado e dicas essenciais de implementação para acelerar seu domínio em DevOps & Cloud.",Dra. Juliana Martins Fontes
636,Estudo Técnico e Decisões de Arquitetura em Design de Dashboards e Eliminação de Chartjunk,Artigo,Business Intelligence,Avançado,12,2024-12-31,"Artigo técnico detalhado que explora Design de Dashboards e Eliminação de Chartjunk sob uma ótica técnica e conceitual. Focado em nível avançado, aborda trade-offs arquiteturais, vantagens competitivas, padrões recomendados e diretrizes fundamentais para especialistas que atuam em Business Intelligence.",Eng. Thiago Pinheiro Borges
637,Como Implementar Orquestração de Microsserviços com Kubernetes Passo a Passo,Vídeo,DevOps & Cloud,Avançado,85,2024-11-29,"Vídeo prático e objetivo apresentando a aplicação de Orquestração de Microsserviços com Kubernetes. Em formato hands-on com nível avançado, o conteúdo demonstra resolução de problemas reais, passo a passo detalhado e dicas essenciais de implementação para acelerar seu domínio em DevOps & Cloud.",Prof. Diego Henrique Barros
638,Princípios Essenciais e Arquitetura de Otimização de Consultas SQL com EXPLAIN ANALYZE,Artigo,Banco de Dados,Avançado,16,2025-02-04,"Artigo técnico detalhado que explora Otimização de Consultas SQL com EXPLAIN ANALYZE sob uma ótica técnica e conceitual. Focado em nível avançado, aborda trade-offs arquiteturais, vantagens competitivas, padrões recomendados e diretrizes fundamentais para especialistas que atuam em Banco de Dados.",Prof. Diego Henrique Barros
639,Masterclass de Data Lakehouse e Armazenamento Delta Lake para Projetos Reais,Curso,Engenharia de Dados,Avançado,1302,2024-12-26,"Neste curso aprofundado, você aprenderá de forma estruturada sobre Data Lakehouse e Armazenamento Delta Lake. O treinamento abrange tópicos de nível avançado, exercícios práticos e construção de projetos completos. Indicado para profissionais que desejam dominar ferramentas modernas e padrões consolidados em Engenharia de Dados.",Eng. Felipe Siqueira Castro
640,Data Insights Ep. 53: Experiências Reais com Embeddings Vetoriais e Representação Semântica,Podcast,Inteligência Artificial,Avançado,58,2025-06-23,"Episódio enriquecedor com debates aprofundados sobre Embeddings Vetoriais e Representação Semântica. Nesta gravação para o público de nível avançado, especialistas compartilham experiências práticas, desafios reais do mercado e reflexões sobre impactos estratégicos e técnicos em Inteligência Artificial.",Eng. Vanessa Cristina Ramos
641,Especialização em Filtros Interativos e Exploração Granular em BI com Projetos Práticos,Curso,Business Intelligence,Intermediário,640,2025-08-31,"Neste curso aprofundado, você aprenderá de forma estruturada sobre Filtros Interativos e Exploração Granular em BI. O treinamento abrange tópicos de nível intermediário, exercícios práticos e construção de projetos completos. Indicado para profissionais que desejam dominar ferramentas modernas e padrões consolidados em Business Intelligence.",Prof. Diego Henrique Barros
642,Como Implementar Orquestração de Workflows com Apache Airflow Passo a Passo,Vídeo,Engenharia de Dados,Avançado,89,2024-05-11,"Vídeo prático e objetivo apresentando a aplicação de Orquestração de Workflows com Apache Airflow. Em formato hands-on com nível avançado, o conteúdo demonstra resolução de problemas reais, passo a passo detalhado e dicas essenciais de implementação para acelerar seu domínio em Engenharia de Dados.",Dr. Marcelo Silveira Neves
643,Deep Dive Ep. 14: Casos de Sucesso em Mensageria e Streaming com Apache Kafka,Podcast,Engenharia de Dados,Básico,32,2024-05-26,"Episódio enriquecedor com debates aprofundados sobre Mensageria e Streaming com Apache Kafka. Nesta gravação para o público de nível básico, especialistas compartilham experiências práticas, desafios reais do mercado e reflexões sobre impactos estratégicos e técnicos em Engenharia de Dados.",Prof. Gabriel Santana Ribeiro
644,Análise Prática e Demonstração de Técnicas de Anonimização e Pseudonimização,Vídeo,Segurança & Governança,Intermediário,70,2024-08-10,"Vídeo prático e objetivo apresentando a aplicação de Técnicas de Anonimização e Pseudonimização. Em formato hands-on com nível intermediário, o conteúdo demonstra resolução de problemas reais, passo a passo detalhado e dicas essenciais de implementação para acelerar seu domínio em Segurança & Governança.",Eng. Patrícia Moreira Viana
645,Como Obter Alta Performance Utilizando Dashboards Estratégicos no Apache Superset,Artigo,Business Intelligence,Intermediário,30,2024-06-06,"Artigo técnico detalhado que explora Dashboards Estratégicos no Apache Superset sob uma ótica técnica e conceitual. Focado em nível intermediário, aborda trade-offs arquiteturais, vantagens competitivas, padrões recomendados e diretrizes fundamentais para especialistas que atuam em Business Intelligence.",Profa. Carla Antunes Silveira
646,Melhores Práticas e Arquitetura de Monitoramento de Performance e Acompanhamento de Metas,Vídeo,Business Intelligence,Avançado,108,2025-07-13,"Vídeo prático e objetivo apresentando a aplicação de Monitoramento de Performance e Acompanhamento de Metas. Em formato hands-on com nível avançado, o conteúdo demonstra resolução de problemas reais, passo a passo detalhado e dicas essenciais de implementação para acelerar seu domínio em Business Intelligence.",Dr. Fernando Zanin Pacheco
647,Princípios Essenciais e Arquitetura de Engenharia de Prompts e Agentes Inteligentes,Artigo,Inteligência Artificial,Avançado,26,2024-04-17,"Artigo técnico detalhado que explora Engenharia de Prompts e Agentes Inteligentes sob uma ótica técnica e conceitual. Focado em nível avançado, aborda trade-offs arquiteturais, vantagens competitivas, padrões recomendados e diretrizes fundamentais para especialistas que atuam em Inteligência Artificial.",Dra. Camila Guimarães Rocha
648,Análise Comparativa e Padrões Recomendados em Governança de Dados para Aplicações de IA,Artigo,Segurança & Governança,Avançado,16,2025-04-06,"Artigo técnico detalhado que explora Governança de Dados para Aplicações de IA sob uma ótica técnica e conceitual. Focado em nível avançado, aborda trade-offs arquiteturais, vantagens competitivas, padrões recomendados e diretrizes fundamentais para especialistas que atuam em Segurança & Governança.",Dr. André Luiz Carvalho
649,Papo de Dados Ep. 56: Desvendando Automação de Servidores Linux e Acesso SSH,Podcast,DevOps & Cloud,Básico,59,2025-12-19,"Episódio enriquecedor com debates aprofundados sobre Automação de Servidores Linux e Acesso SSH. Nesta gravação para o público de nível básico, especialistas compartilham experiências práticas, desafios reais do mercado e reflexões sobre impactos estratégicos e técnicos em DevOps & Cloud.",Prof. Diego Henrique Barros
650,Formação Prática em Práticas de DataOps e Qualidade de Dados: Fundamentos e Aplicação,Curso,Engenharia de Dados,Básico,293,2026-02-18,"Neste curso aprofundado, você aprenderá de forma estruturada sobre Práticas de DataOps e Qualidade de Dados. O treinamento abrange tópicos de nível básico, exercícios práticos e construção de projetos completos. Indicado para profissionais que desejam dominar ferramentas modernas e padrões consolidados em Engenharia de Dados.",Eng. Rodrigo Alves Mendonça
651,Curso Completo de Modelagem Dimensional Star Schema e Snowflake: Da Teoria à Prática,Curso,Engenharia de Dados,Básico,413,2024-06-28,"Neste curso aprofundado, você aprenderá de forma estruturada sobre Modelagem Dimensional Star Schema e Snowflake. O treinamento abrange tópicos de nível básico, exercícios práticos e construção de projetos completos. Indicado para profissionais que desejam dominar ferramentas modernas e padrões consolidados em Engenharia de Dados.",Prof. Lucas Fernandes Prado
652,Guia Rápido e Hands-on: Storytelling com Dados para Apresentações Executivas,Vídeo,Business Intelligence,Básico,31,2024-10-02,"Vídeo prático e objetivo apresentando a aplicação de Storytelling com Dados para Apresentações Executivas. Em formato hands-on com nível básico, o conteúdo demonstra resolução de problemas reais, passo a passo detalhado e dicas essenciais de implementação para acelerar seu domínio em Business Intelligence.",Prof. Elmo Batista de Faria
653,Deep Dive Ep. 110: Casos de Sucesso em Embeddings Vetoriais e Representação Semântica,Podcast,Inteligência Artificial,Básico,37,2026-03-05,"Episódio enriquecedor com debates aprofundados sobre Embeddings Vetoriais e Representação Semântica. Nesta gravação para o público de nível básico, especialistas compartilham experiências práticas, desafios reais do mercado e reflexões sobre impactos estratégicos e técnicos em Inteligência Artificial.",Eng. Vanessa Cristina Ramos
654,Especialização em Data Lakehouse e Armazenamento Delta Lake com Projetos Práticos,Curso,Engenharia de Dados,Avançado,2612,2025-08-17,"Neste curso aprofundado, você aprenderá de forma estruturada sobre Data Lakehouse e Armazenamento Delta Lake. O treinamento abrange tópicos de nível avançado, exercícios práticos e construção de projetos completos. Indicado para profissionais que desejam dominar ferramentas modernas e padrões consolidados em Engenharia de Dados.",Dra. Juliana Martins Fontes
655,Construindo Aplicações Robustas com APIs RESTful de Alta Performance com FastAPI,Curso,Programação & Software,Básico,275,2025-06-29,"Neste curso aprofundado, você aprenderá de forma estruturada sobre APIs RESTful de Alta Performance com FastAPI. O treinamento abrange tópicos de nível básico, exercícios práticos e construção de projetos completos. Indicado para profissionais que desejam dominar ferramentas modernas e padrões consolidados em Programação & Software.",Prof. Diego Henrique Barros
656,Análise Prática e Demonstração de Busca Vetorial com pgvector e Índices HNSW,Vídeo,Banco de Dados,Intermediário,42,2025-11-14,"Vídeo prático e objetivo apresentando a aplicação de Busca Vetorial com pgvector e Índices HNSW. Em formato hands-on com nível intermediário, o conteúdo demonstra resolução de problemas reais, passo a passo detalhado e dicas essenciais de implementação para acelerar seu domínio em Banco de Dados.",Eng. Patrícia Moreira Viana
657,Masterclass de Experimentação e Testes A/B Orientados a Dados para Projetos Reais,Curso,Ciência de Dados,Avançado,2662,2025-01-12,"Neste curso aprofundado, você aprenderá de forma estruturada sobre Experimentação e Testes A/B Orientados a Dados. O treinamento abrange tópicos de nível avançado, exercícios práticos e construção de projetos completos. Indicado para profissionais que desejam dominar ferramentas modernas e padrões consolidados em Ciência de Dados.",Dr. Marcelo Silveira Neves
658,Análise Comparativa e Padrões Recomendados em Clusterização e Segmentação de Perfis,Artigo,Ciência de Dados,Intermediário,13,2024-08-12,"Artigo técnico detalhado que explora Clusterização e Segmentação de Perfis sob uma ótica técnica e conceitual. Focado em nível intermediário, aborda trade-offs arquiteturais, vantagens competitivas, padrões recomendados e diretrizes fundamentais para especialistas que atuam em Ciência de Dados.",Prof. Gabriel Santana Ribeiro
659,Deep Dive Ep. 99: Casos de Sucesso em Fundamentos de Deep Learning com PyTorch,Podcast,Inteligência Artificial,Básico,50,2025-02-21,"Episódio enriquecedor com debates aprofundados sobre Fundamentos de Deep Learning com PyTorch. Nesta gravação para o público de nível básico, especialistas compartilham experiências práticas, desafios reais do mercado e reflexões sobre impactos estratégicos e técnicos em Inteligência Artificial.",Eng. Felipe Siqueira Castro
660,Deep Dive Ep. 32: Casos de Sucesso em Adequação à LGPD e Proteção de Dados Pessoais,Podcast,Segurança & Governança,Básico,82,2024-07-03,"Episódio enriquecedor com debates aprofundados sobre Adequação à LGPD e Proteção de Dados Pessoais. Nesta gravação para o público de nível básico, especialistas compartilham experiências práticas, desafios reais do mercado e reflexões sobre impactos estratégicos e técnicos em Segurança & Governança.",Profa. Carla Antunes Silveira
661,Papo de Dados Ep. 114: Desvendando Embeddings Vetoriais e Representação Semântica,Podcast,Inteligência Artificial,Avançado,71,2025-08-24,"Episódio enriquecedor com debates aprofundados sobre Embeddings Vetoriais e Representação Semântica. Nesta gravação para o público de nível avançado, especialistas compartilham experiências práticas, desafios reais do mercado e reflexões sobre impactos estratégicos e técnicos em Inteligência Artificial.",Eng. Thiago Pinheiro Borges
662,Data Insights Ep. 76: Experiências Reais com Práticas de DataOps e Qualidade de Dados,Podcast,Engenharia de Dados,Básico,38,2026-02-07,"Episódio enriquecedor com debates aprofundados sobre Práticas de DataOps e Qualidade de Dados. Nesta gravação para o público de nível básico, especialistas compartilham experiências práticas, desafios reais do mercado e reflexões sobre impactos estratégicos e técnicos em Engenharia de Dados.",Prof. Gabriel Santana Ribeiro
663,Masterclass de Métricas de Avaliação de Modelos Preditivos para Projetos Reais,Curso,Ciência de Dados,Básico,364,2025-12-24,"Neste curso aprofundado, você aprenderá de forma estruturada sobre Métricas de Avaliação de Modelos Preditivos. O treinamento abrange tópicos de nível básico, exercícios práticos e construção de projetos completos. Indicado para profissionais que desejam dominar ferramentas modernas e padrões consolidados em Ciência de Dados.",Profa. Larissa Duarte Toledo
664,Como Obter Alta Performance Utilizando Clusterização e Segmentação de Perfis,Artigo,Ciência de Dados,Avançado,6,2024-05-04,"Artigo técnico detalhado que explora Clusterização e Segmentação de Perfis sob uma ótica técnica e conceitual. Focado em nível avançado, aborda trade-offs arquiteturais, vantagens competitivas, padrões recomendados e diretrizes fundamentais para especialistas que atuam em Ciência de Dados.",Eng. Vanessa Cristina Ramos
665,Formação Prática em Arquitetura de Dados Resiliente e Tolerante a Falhas: Fundamentos e Aplicação,Curso,Engenharia de Dados,Avançado,3590,2024-11-29,"Neste curso aprofundado, você aprenderá de forma estruturada sobre Arquitetura de Dados Resiliente e Tolerante a Falhas. O treinamento abrange tópicos de nível avançado, exercícios práticos e construção de projetos completos. Indicado para profissionais que desejam dominar ferramentas modernas e padrões consolidados em Engenharia de Dados.",Dr. Fernando Zanin Pacheco
666,Curso Completo de Visualizações com Big Numbers e Gráficos Eficazes: Da Teoria à Prática,Curso,Business Intelligence,Intermediário,967,2025-08-05,"Neste curso aprofundado, você aprenderá de forma estruturada sobre Visualizações com Big Numbers e Gráficos Eficazes. O treinamento abrange tópicos de nível intermediário, exercícios práticos e construção de projetos completos. Indicado para profissionais que desejam dominar ferramentas modernas e padrões consolidados em Business Intelligence.",Eng. Vanessa Cristina Ramos
667,Construindo Aplicações Robustas com Modelagem e Agregações Analíticas no SQL Lab,Curso,Business Intelligence,Básico,636,2024-09-21,"Neste curso aprofundado, você aprenderá de forma estruturada sobre Modelagem e Agregações Analíticas no SQL Lab. O treinamento abrange tópicos de nível básico, exercícios práticos e construção de projetos completos. Indicado para profissionais que desejam dominar ferramentas modernas e padrões consolidados em Business Intelligence.",Dr. André Luiz Carvalho
668,Guia Rápido e Hands-on: Previsão de Séries Temporais e Tendências,Vídeo,Ciência de Dados,Intermediário,30,2025-10-20,"Vídeo prático e objetivo apresentando a aplicação de Previsão de Séries Temporais e Tendências. Em formato hands-on com nível intermediário, o conteúdo demonstra resolução de problemas reais, passo a passo detalhado e dicas essenciais de implementação para acelerar seu domínio em Ciência de Dados.",Profa. Beatriz Helena Nogueira
669,Papo de Dados Ep. 113: Desvendando Replicação e Tolerância a Falhas no PostgreSQL,Podcast,Banco de Dados,Intermediário,53,2026-04-20,"Episódio enriquecedor com debates aprofundados sobre Replicação e Tolerância a Falhas no PostgreSQL. Nesta gravação para o público de nível intermediário, especialistas compartilham experiências práticas, desafios reais do mercado e reflexões sobre impactos estratégicos e técnicos em Banco de Dados.",Dra. Renata Figueiredo Melo
670,Arquitetura & Código Ep. 44: Inovações em Arquitetura Limpa e Princípios SOLID,Podcast,Programação & Software,Intermediário,62,2024-01-29,"Episódio enriquecedor com debates aprofundados sobre Arquitetura Limpa e Princípios SOLID. Nesta gravação para o público de nível intermediário, especialistas compartilham experiências práticas, desafios reais do mercado e reflexões sobre impactos estratégicos e técnicos em Programação & Software.",Prof. Lucas Fernandes Prado
671,Papo de Dados Ep. 5: Desvendando Técnicas de Anonimização e Pseudonimização,Podcast,Segurança & Governança,Avançado,38,2025-02-23,"Episódio enriquecedor com debates aprofundados sobre Técnicas de Anonimização e Pseudonimização. Nesta gravação para o público de nível avançado, especialistas compartilham experiências práticas, desafios reais do mercado e reflexões sobre impactos estratégicos e técnicos em Segurança & Governança.",Eng. Vanessa Cristina Ramos
672,Guia Rápido e Hands-on: Fine-Tuning de Modelos Fundacionais,Vídeo,Inteligência Artificial,Intermediário,37,2024-08-20,"Vídeo prático e objetivo apresentando a aplicação de Fine-Tuning de Modelos Fundacionais. Em formato hands-on com nível intermediário, o conteúdo demonstra resolução de problemas reais, passo a passo detalhado e dicas essenciais de implementação para acelerar seu domínio em Inteligência Artificial.",Profa. Larissa Duarte Toledo
673,Papo de Dados Ep. 137: Desvendando Tipagem Estática e Boas Práticas com Mypy,Podcast,Programação & Software,Básico,65,2025-06-04,"Episódio enriquecedor com debates aprofundados sobre Tipagem Estática e Boas Práticas com Mypy. Nesta gravação para o público de nível básico, especialistas compartilham experiências práticas, desafios reais do mercado e reflexões sobre impactos estratégicos e técnicos em Programação & Software.",Dra. Camila Guimarães Rocha
674,Análise Comparativa e Padrões Recomendados em Dashboards Estratégicos no Apache Superset,Artigo,Business Intelligence,Intermediário,5,2025-09-25,"Artigo técnico detalhado que explora Dashboards Estratégicos no Apache Superset sob uma ótica técnica e conceitual. Focado em nível intermediário, aborda trade-offs arquiteturais, vantagens competitivas, padrões recomendados e diretrizes fundamentais para especialistas que atuam em Business Intelligence.",Eng. Rodrigo Alves Mendonça
675,Como Obter Alta Performance Utilizando Storytelling com Dados para Apresentações Executivas,Artigo,Business Intelligence,Avançado,5,2026-04-10,"Artigo técnico detalhado que explora Storytelling com Dados para Apresentações Executivas sob uma ótica técnica e conceitual. Focado em nível avançado, aborda trade-offs arquiteturais, vantagens competitivas, padrões recomendados e diretrizes fundamentais para especialistas que atuam em Business Intelligence.",Eng. Felipe Siqueira Castro
676,"Masterclass de Ingestão Eficiente de CSV, JSON e Parquet para Projetos Reais",Curso,Engenharia de Dados,Intermediário,741,2024-09-03,"Neste curso aprofundado, você aprenderá de forma estruturada sobre Ingestão Eficiente de CSV, JSON e Parquet. O treinamento abrange tópicos de nível intermediário, exercícios práticos e construção de projetos completos. Indicado para profissionais que desejam dominar ferramentas modernas e padrões consolidados em Engenharia de Dados.",Prof. Gabriel Santana Ribeiro
677,Melhores Práticas e Arquitetura de Visualizações com Big Numbers e Gráficos Eficazes,Vídeo,Business Intelligence,Intermediário,33,2025-12-08,"Vídeo prático e objetivo apresentando a aplicação de Visualizações com Big Numbers e Gráficos Eficazes. Em formato hands-on com nível intermediário, o conteúdo demonstra resolução de problemas reais, passo a passo detalhado e dicas essenciais de implementação para acelerar seu domínio em Business Intelligence.",Eng. Rodrigo Alves Mendonça
678,Formação Prática em Transações ACID e Controle de Concorrência: Fundamentos e Aplicação,Curso,Banco de Dados,Intermediário,1162,2025-10-28,"Neste curso aprofundado, você aprenderá de forma estruturada sobre Transações ACID e Controle de Concorrência. O treinamento abrange tópicos de nível intermediário, exercícios práticos e construção de projetos completos. Indicado para profissionais que desejam dominar ferramentas modernas e padrões consolidados em Banco de Dados.",Dra. Renata Figueiredo Melo
679,Estudo Técnico e Decisões de Arquitetura em Integração Híbrida PostgreSQL e NoSQL MongoDB,Artigo,Banco de Dados,Intermediário,20,2025-03-30,"Artigo técnico detalhado que explora Integração Híbrida PostgreSQL e NoSQL MongoDB sob uma ótica técnica e conceitual. Focado em nível intermediário, aborda trade-offs arquiteturais, vantagens competitivas, padrões recomendados e diretrizes fundamentais para especialistas que atuam em Banco de Dados.",Dra. Mariana Vasconcelos
680,Masterclass de Modelos de Linguagem de Larga Escala (LLMs) para Projetos Reais,Curso,Inteligência Artificial,Intermediário,1208,2026-02-26,"Neste curso aprofundado, você aprenderá de forma estruturada sobre Modelos de Linguagem de Larga Escala (LLMs). O treinamento abrange tópicos de nível intermediário, exercícios práticos e construção de projetos completos. Indicado para profissionais que desejam dominar ferramentas modernas e padrões consolidados em Inteligência Artificial.",Dr. André Luiz Carvalho
681,Masterclass de Governança e Ética em Sistemas de IA para Projetos Reais,Curso,Inteligência Artificial,Avançado,2448,2024-02-01,"Neste curso aprofundado, você aprenderá de forma estruturada sobre Governança e Ética em Sistemas de IA. O treinamento abrange tópicos de nível avançado, exercícios práticos e construção de projetos completos. Indicado para profissionais que desejam dominar ferramentas modernas e padrões consolidados em Inteligência Artificial.",Eng. Vanessa Cristina Ramos
682,Como Implementar Clusterização e Segmentação de Perfis Passo a Passo,Vídeo,Ciência de Dados,Básico,18,2025-01-17,"Vídeo prático e objetivo apresentando a aplicação de Clusterização e Segmentação de Perfis. Em formato hands-on com nível básico, o conteúdo demonstra resolução de problemas reais, passo a passo detalhado e dicas essenciais de implementação para acelerar seu domínio em Ciência de Dados.",Dr. André Luiz Carvalho
683,Princípios Essenciais e Arquitetura de Gestão de Metadados e Qualidade de Dados Mestres,Artigo,Segurança & Governança,Básico,17,2025-01-24,"Artigo técnico detalhado que explora Gestão de Metadados e Qualidade de Dados Mestres sob uma ótica técnica e conceitual. Focado em nível básico, aborda trade-offs arquiteturais, vantagens competitivas, padrões recomendados e diretrizes fundamentais para especialistas que atuam em Segurança & Governança.",Prof. Lucas Fernandes Prado
684,Data Insights Ep. 6: Experiências Reais com Auditoria e Monitoramento de Logs de Acesso,Podcast,Segurança & Governança,Intermediário,57,2025-07-13,"Episódio enriquecedor com debates aprofundados sobre Auditoria e Monitoramento de Logs de Acesso. Nesta gravação para o público de nível intermediário, especialistas compartilham experiências práticas, desafios reais do mercado e reflexões sobre impactos estratégicos e técnicos em Segurança & Governança.",Profa. Larissa Duarte Toledo
685,Estudo Técnico e Decisões de Arquitetura em Armazenamento de Documentos com MongoDB,Artigo,Banco de Dados,Básico,6,2026-06-02,"Artigo técnico detalhado que explora Armazenamento de Documentos com MongoDB sob uma ótica técnica e conceitual. Focado em nível básico, aborda trade-offs arquiteturais, vantagens competitivas, padrões recomendados e diretrizes fundamentais para especialistas que atuam em Banco de Dados.",Prof. Elmo Batista de Faria
686,Data Insights Ep. 80: Experiências Reais com Integração Híbrida PostgreSQL e NoSQL MongoDB,Podcast,Banco de Dados,Avançado,49,2025-05-19,"Episódio enriquecedor com debates aprofundados sobre Integração Híbrida PostgreSQL e NoSQL MongoDB. Nesta gravação para o público de nível avançado, especialistas compartilham experiências práticas, desafios reais do mercado e reflexões sobre impactos estratégicos e técnicos em Banco de Dados.",Eng. Thiago Pinheiro Borges
687,Construindo Aplicações Robustas com Governança e Padronização de Painéis de Indicadores,Curso,Business Intelligence,Intermediário,726,2024-06-23,"Neste curso aprofundado, você aprenderá de forma estruturada sobre Governança e Padronização de Painéis de Indicadores. O treinamento abrange tópicos de nível intermediário, exercícios práticos e construção de projetos completos. Indicado para profissionais que desejam dominar ferramentas modernas e padrões consolidados em Business Intelligence.",Dr. Fernando Zanin Pacheco
688,Tech Talk Ep. 96: Melhores Práticas em Integração Híbrida PostgreSQL e NoSQL MongoDB,Podcast,Banco de Dados,Intermediário,34,2025-07-06,"Episódio enriquecedor com debates aprofundados sobre Integração Híbrida PostgreSQL e NoSQL MongoDB. Nesta gravação para o público de nível intermediário, especialistas compartilham experiências práticas, desafios reais do mercado e reflexões sobre impactos estratégicos e técnicos em Banco de Dados.",Dr. Fernando Zanin Pacheco
689,Deep Dive Ep. 57: Casos de Sucesso em Orquestração de Workflows com Apache Airflow,Podcast,Engenharia de Dados,Básico,54,2026-06-11,"Episódio enriquecedor com debates aprofundados sobre Orquestração de Workflows com Apache Airflow. Nesta gravação para o público de nível básico, especialistas compartilham experiências práticas, desafios reais do mercado e reflexões sobre impactos estratégicos e técnicos em Engenharia de Dados.",Eng. Felipe Siqueira Castro
690,Guia Rápido e Hands-on: Conteinerização com Docker e Docker Compose,Vídeo,DevOps & Cloud,Básico,12,2025-07-11,"Vídeo prático e objetivo apresentando a aplicação de Conteinerização com Docker e Docker Compose. Em formato hands-on com nível básico, o conteúdo demonstra resolução de problemas reais, passo a passo detalhado e dicas essenciais de implementação para acelerar seu domínio em DevOps & Cloud.",Eng. Vanessa Cristina Ramos
691,Análise Prática e Demonstração de APIs RESTful de Alta Performance com FastAPI,Vídeo,Programação & Software,Básico,20,2025-12-13,"Vídeo prático e objetivo apresentando a aplicação de APIs RESTful de Alta Performance com FastAPI. Em formato hands-on com nível básico, o conteúdo demonstra resolução de problemas reais, passo a passo detalhado e dicas essenciais de implementação para acelerar seu domínio em Programação & Software.",Dra. Renata Figueiredo Melo
692,Especialização em Linhagem de Dados e Rastreabilidade de Origem com Projetos Práticos,Curso,Segurança & Governança,Intermediário,967,2024-06-27,"Neste curso aprofundado, você aprenderá de forma estruturada sobre Linhagem de Dados e Rastreabilidade de Origem. O treinamento abrange tópicos de nível intermediário, exercícios práticos e construção de projetos completos. Indicado para profissionais que desejam dominar ferramentas modernas e padrões consolidados em Segurança & Governança.",Dra. Camila Guimarães Rocha
693,Curso Completo de Detecção de Anomalias em Grandes Volumes: Da Teoria à Prática,Curso,Ciência de Dados,Básico,220,2024-08-28,"Neste curso aprofundado, você aprenderá de forma estruturada sobre Detecção de Anomalias em Grandes Volumes. O treinamento abrange tópicos de nível básico, exercícios práticos e construção de projetos completos. Indicado para profissionais que desejam dominar ferramentas modernas e padrões consolidados em Ciência de Dados.",Prof. Lucas Fernandes Prado
694,Construindo Aplicações Robustas com Estatística Descritiva e Inferencial para Decisão,Curso,Ciência de Dados,Intermediário,1052,2024-11-19,"Neste curso aprofundado, você aprenderá de forma estruturada sobre Estatística Descritiva e Inferencial para Decisão. O treinamento abrange tópicos de nível intermediário, exercícios práticos e construção de projetos completos. Indicado para profissionais que desejam dominar ferramentas modernas e padrões consolidados em Ciência de Dados.",Eng. Thiago Pinheiro Borges
695,Deep Dive Ep. 115: Casos de Sucesso em Tipagem Estática e Boas Práticas com Mypy,Podcast,Programação & Software,Avançado,60,2024-01-03,"Episódio enriquecedor com debates aprofundados sobre Tipagem Estática e Boas Práticas com Mypy. Nesta gravação para o público de nível avançado, especialistas compartilham experiências práticas, desafios reais do mercado e reflexões sobre impactos estratégicos e técnicos em Programação & Software.",Prof. Diego Henrique Barros
696,Papo de Dados Ep. 135: Desvendando Data Lakehouse e Armazenamento Delta Lake,Podcast,Engenharia de Dados,Básico,85,2025-09-12,"Episódio enriquecedor com debates aprofundados sobre Data Lakehouse e Armazenamento Delta Lake. Nesta gravação para o público de nível básico, especialistas compartilham experiências práticas, desafios reais do mercado e reflexões sobre impactos estratégicos e técnicos em Engenharia de Dados.",Dr. André Luiz Carvalho
697,Como Implementar Padrões de Projeto para Engenharia de Software Passo a Passo,Vídeo,Programação & Software,Básico,35,2024-10-05,"Vídeo prático e objetivo apresentando a aplicação de Padrões de Projeto para Engenharia de Software. Em formato hands-on com nível básico, o conteúdo demonstra resolução de problemas reais, passo a passo detalhado e dicas essenciais de implementação para acelerar seu domínio em Programação & Software.",Eng. Bruno César Pires
698,Papo de Dados Ep. 134: Desvendando Dashboards Estratégicos no Apache Superset,Podcast,Business Intelligence,Básico,63,2024-09-10,"Episódio enriquecedor com debates aprofundados sobre Dashboards Estratégicos no Apache Superset. Nesta gravação para o público de nível básico, especialistas compartilham experiências práticas, desafios reais do mercado e reflexões sobre impactos estratégicos e técnicos em Business Intelligence.",Dra. Renata Figueiredo Melo
699,Como Obter Alta Performance Utilizando Busca Vetorial com pgvector e Índices HNSW,Artigo,Banco de Dados,Avançado,24,2024-07-24,"Artigo técnico detalhado que explora Busca Vetorial com pgvector e Índices HNSW sob uma ótica técnica e conceitual. Focado em nível avançado, aborda trade-offs arquiteturais, vantagens competitivas, padrões recomendados e diretrizes fundamentais para especialistas que atuam em Banco de Dados.",Dra. Renata Figueiredo Melo
700,Guia Rápido e Hands-on: APIs RESTful de Alta Performance com FastAPI,Vídeo,Programação & Software,Básico,40,2024-03-12,"Vídeo prático e objetivo apresentando a aplicação de APIs RESTful de Alta Performance com FastAPI. Em formato hands-on com nível básico, o conteúdo demonstra resolução de problemas reais, passo a passo detalhado e dicas essenciais de implementação para acelerar seu domínio em Programação & Software.",Dra. Mariana Vasconcelos
701,Como Implementar Práticas de DataOps e Qualidade de Dados Passo a Passo,Vídeo,Engenharia de Dados,Avançado,79,2025-02-03,"Vídeo prático e objetivo apresentando a aplicação de Práticas de DataOps e Qualidade de Dados. Em formato hands-on com nível avançado, o conteúdo demonstra resolução de problemas reais, passo a passo detalhado e dicas essenciais de implementação para acelerar seu domínio em Engenharia de Dados.",Dra. Mariana Vasconcelos
702,Construindo Aplicações Robustas com Integração de Conectores com SQLAlchemy e Psycopg3,Curso,Programação & Software,Básico,462,2026-06-12,"Neste curso aprofundado, você aprenderá de forma estruturada sobre Integração de Conectores com SQLAlchemy e Psycopg3. O treinamento abrange tópicos de nível básico, exercícios práticos e construção de projetos completos. Indicado para profissionais que desejam dominar ferramentas modernas e padrões consolidados em Programação & Software.",Prof. Elmo Batista de Faria
703,Como Obter Alta Performance Utilizando Arquitetura Limpa e Princípios SOLID,Artigo,Programação & Software,Avançado,18,2026-03-24,"Artigo técnico detalhado que explora Arquitetura Limpa e Princípios SOLID sob uma ótica técnica e conceitual. Focado em nível avançado, aborda trade-offs arquiteturais, vantagens competitivas, padrões recomendados e diretrizes fundamentais para especialistas que atuam em Programação & Software.",Prof. Elmo Batista de Faria
704,Guia Rápido e Hands-on: Sistemas de Recomendação por Similaridade,Vídeo,Inteligência Artificial,Intermediário,67,2026-02-12,"Vídeo prático e objetivo apresentando a aplicação de Sistemas de Recomendação por Similaridade. Em formato hands-on com nível intermediário, o conteúdo demonstra resolução de problemas reais, passo a passo detalhado e dicas essenciais de implementação para acelerar seu domínio em Inteligência Artificial.",Eng. Patrícia Moreira Viana
705,Como Obter Alta Performance Utilizando Criptografia de Dados em Repouso e em Trânsito,Artigo,Segurança & Governança,Intermediário,18,2026-03-23,"Artigo técnico detalhado que explora Criptografia de Dados em Repouso e em Trânsito sob uma ótica técnica e conceitual. Focado em nível intermediário, aborda trade-offs arquiteturais, vantagens competitivas, padrões recomendados e diretrizes fundamentais para especialistas que atuam em Segurança & Governança.",Dra. Renata Figueiredo Melo
706,Formação Prática em Governança de Dados para Aplicações de IA: Fundamentos e Aplicação,Curso,Segurança & Governança,Avançado,2210,2024-07-03,"Neste curso aprofundado, você aprenderá de forma estruturada sobre Governança de Dados para Aplicações de IA. O treinamento abrange tópicos de nível avançado, exercícios práticos e construção de projetos completos. Indicado para profissionais que desejam dominar ferramentas modernas e padrões consolidados em Segurança & Governança.",Dra. Camila Guimarães Rocha
707,Guia Definitivo e Boas Práticas sobre Experimentação e Testes A/B Orientados a Dados,Artigo,Ciência de Dados,Básico,13,2024-11-18,"Artigo técnico detalhado que explora Experimentação e Testes A/B Orientados a Dados sob uma ótica técnica e conceitual. Focado em nível básico, aborda trade-offs arquiteturais, vantagens competitivas, padrões recomendados e diretrizes fundamentais para especialistas que atuam em Ciência de Dados.",Eng. Vanessa Cristina Ramos
708,Estudo Técnico e Decisões de Arquitetura em Ambientes Reprodutíveis para Aplicações de Dados,Artigo,DevOps & Cloud,Básico,13,2024-04-12,"Artigo técnico detalhado que explora Ambientes Reprodutíveis para Aplicações de Dados sob uma ótica técnica e conceitual. Focado em nível básico, aborda trade-offs arquiteturais, vantagens competitivas, padrões recomendados e diretrizes fundamentais para especialistas que atuam em DevOps & Cloud.",Dra. Renata Figueiredo Melo
709,Solucionando Desafios do Dia a Dia em Processamento Distribuído com Apache Spark,Vídeo,Engenharia de Dados,Básico,24,2025-01-12,"Vídeo prático e objetivo apresentando a aplicação de Processamento Distribuído com Apache Spark. Em formato hands-on com nível básico, o conteúdo demonstra resolução de problemas reais, passo a passo detalhado e dicas essenciais de implementação para acelerar seu domínio em Engenharia de Dados.",Prof. Gabriel Santana Ribeiro
710,Princípios Essenciais e Arquitetura de Sistemas de Recomendação por Similaridade,Artigo,Inteligência Artificial,Intermediário,26,2024-01-23,"Artigo técnico detalhado que explora Sistemas de Recomendação por Similaridade sob uma ótica técnica e conceitual. Focado em nível intermediário, aborda trade-offs arquiteturais, vantagens competitivas, padrões recomendados e diretrizes fundamentais para especialistas que atuam em Inteligência Artificial.",Dr. Fernando Zanin Pacheco
711,Curso Completo de Transações ACID e Controle de Concorrência: Da Teoria à Prática,Curso,Banco de Dados,Básico,341,2025-12-23,"Neste curso aprofundado, você aprenderá de forma estruturada sobre Transações ACID e Controle de Concorrência. O treinamento abrange tópicos de nível básico, exercícios práticos e construção de projetos completos. Indicado para profissionais que desejam dominar ferramentas modernas e padrões consolidados em Banco de Dados.",Dr. André Luiz Carvalho
712,Estudo Técnico e Decisões de Arquitetura em Sistemas de Recomendação por Similaridade,Artigo,Inteligência Artificial,Intermediário,28,2025-07-31,"Artigo técnico detalhado que explora Sistemas de Recomendação por Similaridade sob uma ótica técnica e conceitual. Focado em nível intermediário, aborda trade-offs arquiteturais, vantagens competitivas, padrões recomendados e diretrizes fundamentais para especialistas que atuam em Inteligência Artificial.",Dr. André Luiz Carvalho
713,Como Implementar Tipagem Estática e Boas Práticas com Mypy Passo a Passo,Vídeo,Programação & Software,Avançado,60,2024-08-25,"Vídeo prático e objetivo apresentando a aplicação de Tipagem Estática e Boas Práticas com Mypy. Em formato hands-on com nível avançado, o conteúdo demonstra resolução de problemas reais, passo a passo detalhado e dicas essenciais de implementação para acelerar seu domínio em Programação & Software.",Eng. Felipe Siqueira Castro
714,Curso Completo de Auditoria e Monitoramento de Logs de Acesso: Da Teoria à Prática,Curso,Segurança & Governança,Intermediário,794,2025-10-08,"Neste curso aprofundado, você aprenderá de forma estruturada sobre Auditoria e Monitoramento de Logs de Acesso. O treinamento abrange tópicos de nível intermediário, exercícios práticos e construção de projetos completos. Indicado para profissionais que desejam dominar ferramentas modernas e padrões consolidados em Segurança & Governança.",Dra. Renata Figueiredo Melo
715,Solucionando Desafios do Dia a Dia em Processamento de Linguagem Natural (PLN),Vídeo,Inteligência Artificial,Intermediário,43,2025-04-16,"Vídeo prático e objetivo apresentando a aplicação de Processamento de Linguagem Natural (PLN). Em formato hands-on com nível intermediário, o conteúdo demonstra resolução de problemas reais, passo a passo detalhado e dicas essenciais de implementação para acelerar seu domínio em Inteligência Artificial.",Prof. Gabriel Santana Ribeiro
716,Papo de Dados Ep. 79: Desvendando Auditoria e Monitoramento de Logs de Acesso,Podcast,Segurança & Governança,Intermediário,48,2025-12-04,"Episódio enriquecedor com debates aprofundados sobre Auditoria e Monitoramento de Logs de Acesso. Nesta gravação para o público de nível intermediário, especialistas compartilham experiências práticas, desafios reais do mercado e reflexões sobre impactos estratégicos e técnicos em Segurança & Governança.",Profa. Beatriz Helena Nogueira
717,Deep Dive Ep. 139: Casos de Sucesso em Análise Exploratória de Dados com Pandas,Podcast,Ciência de Dados,Intermediário,48,2025-08-07,"Episódio enriquecedor com debates aprofundados sobre Análise Exploratória de Dados com Pandas. Nesta gravação para o público de nível intermediário, especialistas compartilham experiências práticas, desafios reais do mercado e reflexões sobre impactos estratégicos e técnicos em Ciência de Dados.",Profa. Larissa Duarte Toledo
718,Arquitetura & Código Ep. 69: Inovações em Estruturas de Dados e Algoritmos Eficientes,Podcast,Programação & Software,Básico,74,2026-04-05,"Episódio enriquecedor com debates aprofundados sobre Estruturas de Dados e Algoritmos Eficientes. Nesta gravação para o público de nível básico, especialistas compartilham experiências práticas, desafios reais do mercado e reflexões sobre impactos estratégicos e técnicos em Programação & Software.",Profa. Carla Antunes Silveira
719,Construindo Aplicações Robustas com Adequação à LGPD e Proteção de Dados Pessoais,Curso,Segurança & Governança,Intermediário,897,2026-03-17,"Neste curso aprofundado, você aprenderá de forma estruturada sobre Adequação à LGPD e Proteção de Dados Pessoais. O treinamento abrange tópicos de nível intermediário, exercícios práticos e construção de projetos completos. Indicado para profissionais que desejam dominar ferramentas modernas e padrões consolidados em Segurança & Governança.",Prof. Lucas Fernandes Prado
720,Como Implementar Conteinerização com Docker e Docker Compose Passo a Passo,Vídeo,DevOps & Cloud,Avançado,107,2025-10-13,"Vídeo prático e objetivo apresentando a aplicação de Conteinerização com Docker e Docker Compose. Em formato hands-on com nível avançado, o conteúdo demonstra resolução de problemas reais, passo a passo detalhado e dicas essenciais de implementação para acelerar seu domínio em DevOps & Cloud.",Dra. Camila Guimarães Rocha
721,Solucionando Desafios do Dia a Dia em Concorrência e Assincronismo com Asyncio,Vídeo,Programação & Software,Avançado,101,2026-05-17,"Vídeo prático e objetivo apresentando a aplicação de Concorrência e Assincronismo com Asyncio. Em formato hands-on com nível avançado, o conteúdo demonstra resolução de problemas reais, passo a passo detalhado e dicas essenciais de implementação para acelerar seu domínio em Programação & Software.",Prof. Gabriel Santana Ribeiro
722,Análise Comparativa e Padrões Recomendados em Data Lakehouse e Armazenamento Delta Lake,Artigo,Engenharia de Dados,Avançado,16,2026-05-28,"Artigo técnico detalhado que explora Data Lakehouse e Armazenamento Delta Lake sob uma ótica técnica e conceitual. Focado em nível avançado, aborda trade-offs arquiteturais, vantagens competitivas, padrões recomendados e diretrizes fundamentais para especialistas que atuam em Engenharia de Dados.",Eng. Thiago Pinheiro Borges
723,Construindo Aplicações Robustas com Testes Automatizados e TDD com Pytest,Curso,Programação & Software,Intermediário,805,2026-02-08,"Neste curso aprofundado, você aprenderá de forma estruturada sobre Testes Automatizados e TDD com Pytest. O treinamento abrange tópicos de nível intermediário, exercícios práticos e construção de projetos completos. Indicado para profissionais que desejam dominar ferramentas modernas e padrões consolidados em Programação & Software.",Dra. Renata Figueiredo Melo
724,Como Obter Alta Performance Utilizando Transações ACID e Controle de Concorrência,Artigo,Banco de Dados,Avançado,14,2026-06-30,"Artigo técnico detalhado que explora Transações ACID e Controle de Concorrência sob uma ótica técnica e conceitual. Focado em nível avançado, aborda trade-offs arquiteturais, vantagens competitivas, padrões recomendados e diretrizes fundamentais para especialistas que atuam em Banco de Dados.",Eng. Felipe Siqueira Castro
725,Guia Rápido e Hands-on: Processamento de Linguagem Natural (PLN),Vídeo,Inteligência Artificial,Básico,43,2024-07-25,"Vídeo prático e objetivo apresentando a aplicação de Processamento de Linguagem Natural (PLN). Em formato hands-on com nível básico, o conteúdo demonstra resolução de problemas reais, passo a passo detalhado e dicas essenciais de implementação para acelerar seu domínio em Inteligência Artificial.",Dra. Mariana Vasconcelos
726,Especialização em Orquestração de Microsserviços com Kubernetes com Projetos Práticos,Curso,DevOps & Cloud,Avançado,2722,2024-07-06,"Neste curso aprofundado, você aprenderá de forma estruturada sobre Orquestração de Microsserviços com Kubernetes. O treinamento abrange tópicos de nível avançado, exercícios práticos e construção de projetos completos. Indicado para profissionais que desejam dominar ferramentas modernas e padrões consolidados em DevOps & Cloud.",Eng. Felipe Siqueira Castro
727,Análise Prática e Demonstração de Data Lakehouse e Armazenamento Delta Lake,Vídeo,Engenharia de Dados,Avançado,95,2024-05-16,"Vídeo prático e objetivo apresentando a aplicação de Data Lakehouse e Armazenamento Delta Lake. Em formato hands-on com nível avançado, o conteúdo demonstra resolução de problemas reais, passo a passo detalhado e dicas essenciais de implementação para acelerar seu domínio em Engenharia de Dados.",Prof. Elmo Batista de Faria
728,Guia Rápido e Hands-on: Data Lakehouse e Armazenamento Delta Lake,Vídeo,Engenharia de Dados,Básico,38,2024-08-13,"Vídeo prático e objetivo apresentando a aplicação de Data Lakehouse e Armazenamento Delta Lake. Em formato hands-on com nível básico, o conteúdo demonstra resolução de problemas reais, passo a passo detalhado e dicas essenciais de implementação para acelerar seu domínio em Engenharia de Dados.",Prof. Elmo Batista de Faria
729,Arquitetura & Código Ep. 31: Inovações em Métricas de Avaliação de Modelos Preditivos,Podcast,Ciência de Dados,Intermediário,68,2025-01-19,"Episódio enriquecedor com debates aprofundados sobre Métricas de Avaliação de Modelos Preditivos. Nesta gravação para o público de nível intermediário, especialistas compartilham experiências práticas, desafios reais do mercado e reflexões sobre impactos estratégicos e técnicos em Ciência de Dados.",Profa. Larissa Duarte Toledo
730,Guia Rápido e Hands-on: Monitoramento de Performance e Acompanhamento de Metas,Vídeo,Business Intelligence,Intermediário,73,2025-11-25,"Vídeo prático e objetivo apresentando a aplicação de Monitoramento de Performance e Acompanhamento de Metas. Em formato hands-on com nível intermediário, o conteúdo demonstra resolução de problemas reais, passo a passo detalhado e dicas essenciais de implementação para acelerar seu domínio em Business Intelligence.",Prof. Elmo Batista de Faria
731,Solucionando Desafios do Dia a Dia em Modelagem Relacional Avançada no PostgreSQL,Vídeo,Banco de Dados,Avançado,103,2024-02-19,"Vídeo prático e objetivo apresentando a aplicação de Modelagem Relacional Avançada no PostgreSQL. Em formato hands-on com nível avançado, o conteúdo demonstra resolução de problemas reais, passo a passo detalhado e dicas essenciais de implementação para acelerar seu domínio em Banco de Dados.",Eng. Rodrigo Alves Mendonça
732,Deep Dive Ep. 97: Casos de Sucesso em Machine Learning Supervisionado com Scikit-Learn,Podcast,Ciência de Dados,Avançado,28,2025-05-18,"Episódio enriquecedor com debates aprofundados sobre Machine Learning Supervisionado com Scikit-Learn. Nesta gravação para o público de nível avançado, especialistas compartilham experiências práticas, desafios reais do mercado e reflexões sobre impactos estratégicos e técnicos em Ciência de Dados.",Dr. Fernando Zanin Pacheco
733,Estudo Técnico e Decisões de Arquitetura em Embeddings Vetoriais e Representação Semântica,Artigo,Inteligência Artificial,Intermediário,26,2024-12-17,"Artigo técnico detalhado que explora Embeddings Vetoriais e Representação Semântica sob uma ótica técnica e conceitual. Focado em nível intermediário, aborda trade-offs arquiteturais, vantagens competitivas, padrões recomendados e diretrizes fundamentais para especialistas que atuam em Inteligência Artificial.",Prof. Elmo Batista de Faria
734,Papo de Dados Ep. 56: Desvendando Orquestração de Microsserviços com Kubernetes,Podcast,DevOps & Cloud,Avançado,69,2026-03-25,"Episódio enriquecedor com debates aprofundados sobre Orquestração de Microsserviços com Kubernetes. Nesta gravação para o público de nível avançado, especialistas compartilham experiências práticas, desafios reais do mercado e reflexões sobre impactos estratégicos e técnicos em DevOps & Cloud.",Dra. Mariana Vasconcelos
735,Melhores Práticas e Arquitetura de APIs RESTful de Alta Performance com FastAPI,Vídeo,Programação & Software,Avançado,98,2024-09-30,"Vídeo prático e objetivo apresentando a aplicação de APIs RESTful de Alta Performance com FastAPI. Em formato hands-on com nível avançado, o conteúdo demonstra resolução de problemas reais, passo a passo detalhado e dicas essenciais de implementação para acelerar seu domínio em Programação & Software.",Profa. Beatriz Helena Nogueira
736,Tech Talk Ep. 138: Melhores Práticas em Métricas de Avaliação de Modelos Preditivos,Podcast,Ciência de Dados,Intermediário,54,2024-11-18,"Episódio enriquecedor com debates aprofundados sobre Métricas de Avaliação de Modelos Preditivos. Nesta gravação para o público de nível intermediário, especialistas compartilham experiências práticas, desafios reais do mercado e reflexões sobre impactos estratégicos e técnicos em Ciência de Dados.",Profa. Beatriz Helena Nogueira
737,Solucionando Desafios do Dia a Dia em Conteinerização com Docker e Docker Compose,Vídeo,DevOps & Cloud,Básico,33,2025-05-05,"Vídeo prático e objetivo apresentando a aplicação de Conteinerização com Docker e Docker Compose. Em formato hands-on com nível básico, o conteúdo demonstra resolução de problemas reais, passo a passo detalhado e dicas essenciais de implementação para acelerar seu domínio em DevOps & Cloud.",Dra. Mariana Vasconcelos
738,Guia Rápido e Hands-on: Processamento de Linguagem Natural (PLN),Vídeo,Inteligência Artificial,Intermediário,52,2024-05-17,"Vídeo prático e objetivo apresentando a aplicação de Processamento de Linguagem Natural (PLN). Em formato hands-on com nível intermediário, o conteúdo demonstra resolução de problemas reais, passo a passo detalhado e dicas essenciais de implementação para acelerar seu domínio em Inteligência Artificial.",Eng. Patrícia Moreira Viana
739,Formação Prática em Escalabilidade e Gestão de Custos em Cloud: Fundamentos e Aplicação,Curso,DevOps & Cloud,Avançado,3413,2025-04-12,"Neste curso aprofundado, você aprenderá de forma estruturada sobre Escalabilidade e Gestão de Custos em Cloud. O treinamento abrange tópicos de nível avançado, exercícios práticos e construção de projetos completos. Indicado para profissionais que desejam dominar ferramentas modernas e padrões consolidados em DevOps & Cloud.",Prof. Gabriel Santana Ribeiro
740,Melhores Práticas e Arquitetura de Machine Learning Supervisionado com Scikit-Learn,Vídeo,Ciência de Dados,Básico,27,2024-06-17,"Vídeo prático e objetivo apresentando a aplicação de Machine Learning Supervisionado com Scikit-Learn. Em formato hands-on com nível básico, o conteúdo demonstra resolução de problemas reais, passo a passo detalhado e dicas essenciais de implementação para acelerar seu domínio em Ciência de Dados.",Eng. Patrícia Moreira Viana
741,Melhores Práticas e Arquitetura de Gerenciamento de Ambientes e Segredos em Nuvem,Vídeo,DevOps & Cloud,Avançado,73,2025-10-24,"Vídeo prático e objetivo apresentando a aplicação de Gerenciamento de Ambientes e Segredos em Nuvem. Em formato hands-on com nível avançado, o conteúdo demonstra resolução de problemas reais, passo a passo detalhado e dicas essenciais de implementação para acelerar seu domínio em DevOps & Cloud.",Eng. Vanessa Cristina Ramos
742,Análise Comparativa e Padrões Recomendados em Práticas de DataOps e Qualidade de Dados,Artigo,Engenharia de Dados,Básico,26,2024-03-04,"Artigo técnico detalhado que explora Práticas de DataOps e Qualidade de Dados sob uma ótica técnica e conceitual. Focado em nível básico, aborda trade-offs arquiteturais, vantagens competitivas, padrões recomendados e diretrizes fundamentais para especialistas que atuam em Engenharia de Dados.",Dr. Marcelo Silveira Neves
743,Guia Rápido e Hands-on: Mensageria e Streaming com Apache Kafka,Vídeo,Engenharia de Dados,Intermediário,64,2024-12-27,"Vídeo prático e objetivo apresentando a aplicação de Mensageria e Streaming com Apache Kafka. Em formato hands-on com nível intermediário, o conteúdo demonstra resolução de problemas reais, passo a passo detalhado e dicas essenciais de implementação para acelerar seu domínio em Engenharia de Dados.",Dr. André Luiz Carvalho
744,Análise Comparativa e Padrões Recomendados em Arquitetura Limpa e Princípios SOLID,Artigo,Programação & Software,Intermediário,21,2025-07-09,"Artigo técnico detalhado que explora Arquitetura Limpa e Princípios SOLID sob uma ótica técnica e conceitual. Focado em nível intermediário, aborda trade-offs arquiteturais, vantagens competitivas, padrões recomendados e diretrizes fundamentais para especialistas que atuam em Programação & Software.",Eng. Vanessa Cristina Ramos
745,Guia Rápido e Hands-on: Tipagem Estática e Boas Práticas com Mypy,Vídeo,Programação & Software,Básico,16,2026-03-20,"Vídeo prático e objetivo apresentando a aplicação de Tipagem Estática e Boas Práticas com Mypy. Em formato hands-on com nível básico, o conteúdo demonstra resolução de problemas reais, passo a passo detalhado e dicas essenciais de implementação para acelerar seu domínio em Programação & Software.",Dra. Camila Guimarães Rocha
746,Tech Talk Ep. 57: Melhores Práticas em Filtros Interativos e Exploração Granular em BI,Podcast,Business Intelligence,Intermediário,90,2025-03-22,"Episódio enriquecedor com debates aprofundados sobre Filtros Interativos e Exploração Granular em BI. Nesta gravação para o público de nível intermediário, especialistas compartilham experiências práticas, desafios reais do mercado e reflexões sobre impactos estratégicos e técnicos em Business Intelligence.",Eng. Patrícia Moreira Viana
747,Construindo Aplicações Robustas com Modelagem Dimensional Star Schema e Snowflake,Curso,Engenharia de Dados,Básico,515,2026-02-10,"Neste curso aprofundado, você aprenderá de forma estruturada sobre Modelagem Dimensional Star Schema e Snowflake. O treinamento abrange tópicos de nível básico, exercícios práticos e construção de projetos completos. Indicado para profissionais que desejam dominar ferramentas modernas e padrões consolidados em Engenharia de Dados.",Dra. Juliana Martins Fontes
748,Especialização em Práticas de DataOps e Qualidade de Dados com Projetos Práticos,Curso,Engenharia de Dados,Intermediário,1233,2026-02-20,"Neste curso aprofundado, você aprenderá de forma estruturada sobre Práticas de DataOps e Qualidade de Dados. O treinamento abrange tópicos de nível intermediário, exercícios práticos e construção de projetos completos. Indicado para profissionais que desejam dominar ferramentas modernas e padrões consolidados em Engenharia de Dados.",Dra. Mariana Vasconcelos
749,Data Insights Ep. 93: Experiências Reais com Mensageria e Streaming com Apache Kafka,Podcast,Engenharia de Dados,Intermediário,78,2024-09-24,"Episódio enriquecedor com debates aprofundados sobre Mensageria e Streaming com Apache Kafka. Nesta gravação para o público de nível intermediário, especialistas compartilham experiências práticas, desafios reais do mercado e reflexões sobre impactos estratégicos e técnicos em Engenharia de Dados.",Profa. Larissa Duarte Toledo
750,Curso Completo de Pipelines de CI/CD para Engenharia de Dados: Da Teoria à Prática,Curso,DevOps & Cloud,Básico,454,2024-03-20,"Neste curso aprofundado, você aprenderá de forma estruturada sobre Pipelines de CI/CD para Engenharia de Dados. O treinamento abrange tópicos de nível básico, exercícios práticos e construção de projetos completos. Indicado para profissionais que desejam dominar ferramentas modernas e padrões consolidados em DevOps & Cloud.",Eng. Rodrigo Alves Mendonça
751,Especialização em Fundamentos de Deep Learning com PyTorch com Projetos Práticos,Curso,Inteligência Artificial,Básico,700,2025-07-31,"Neste curso aprofundado, você aprenderá de forma estruturada sobre Fundamentos de Deep Learning com PyTorch. O treinamento abrange tópicos de nível básico, exercícios práticos e construção de projetos completos. Indicado para profissionais que desejam dominar ferramentas modernas e padrões consolidados em Inteligência Artificial.",Prof. Gabriel Santana Ribeiro
752,Como Implementar Embeddings Vetoriais e Representação Semântica Passo a Passo,Vídeo,Inteligência Artificial,Avançado,109,2025-04-15,"Vídeo prático e objetivo apresentando a aplicação de Embeddings Vetoriais e Representação Semântica. Em formato hands-on com nível avançado, o conteúdo demonstra resolução de problemas reais, passo a passo detalhado e dicas essenciais de implementação para acelerar seu domínio em Inteligência Artificial.",Prof. Lucas Fernandes Prado
753,Estudo Técnico e Decisões de Arquitetura em Replicação e Tolerância a Falhas no PostgreSQL,Artigo,Banco de Dados,Avançado,12,2025-06-07,"Artigo técnico detalhado que explora Replicação e Tolerância a Falhas no PostgreSQL sob uma ótica técnica e conceitual. Focado em nível avançado, aborda trade-offs arquiteturais, vantagens competitivas, padrões recomendados e diretrizes fundamentais para especialistas que atuam em Banco de Dados.",Dra. Juliana Martins Fontes
754,Formação Prática em Engenharia de Recursos e Pré-processamento: Fundamentos e Aplicação,Curso,Ciência de Dados,Intermediário,1089,2025-02-14,"Neste curso aprofundado, você aprenderá de forma estruturada sobre Engenharia de Recursos e Pré-processamento. O treinamento abrange tópicos de nível intermediário, exercícios práticos e construção de projetos completos. Indicado para profissionais que desejam dominar ferramentas modernas e padrões consolidados em Ciência de Dados.",Eng. Vanessa Cristina Ramos
755,Princípios Essenciais e Arquitetura de Práticas de DataOps e Qualidade de Dados,Artigo,Engenharia de Dados,Avançado,10,2024-03-21,"Artigo técnico detalhado que explora Práticas de DataOps e Qualidade de Dados sob uma ótica técnica e conceitual. Focado em nível avançado, aborda trade-offs arquiteturais, vantagens competitivas, padrões recomendados e diretrizes fundamentais para especialistas que atuam em Engenharia de Dados.",Dr. André Luiz Carvalho
756,Guia Rápido e Hands-on: Experimentação e Testes A/B Orientados a Dados,Vídeo,Ciência de Dados,Avançado,65,2026-04-01,"Vídeo prático e objetivo apresentando a aplicação de Experimentação e Testes A/B Orientados a Dados. Em formato hands-on com nível avançado, o conteúdo demonstra resolução de problemas reais, passo a passo detalhado e dicas essenciais de implementação para acelerar seu domínio em Ciência de Dados.",Profa. Carla Antunes Silveira
757,Especialização em Integração Híbrida PostgreSQL e NoSQL MongoDB com Projetos Práticos,Curso,Banco de Dados,Básico,656,2026-06-20,"Neste curso aprofundado, você aprenderá de forma estruturada sobre Integração Híbrida PostgreSQL e NoSQL MongoDB. O treinamento abrange tópicos de nível básico, exercícios práticos e construção de projetos completos. Indicado para profissionais que desejam dominar ferramentas modernas e padrões consolidados em Banco de Dados.",Profa. Beatriz Helena Nogueira
758,Melhores Práticas e Arquitetura de Particionamento e Alta Disponibilidade em Bancos,Vídeo,Banco de Dados,Básico,38,2024-05-24,"Vídeo prático e objetivo apresentando a aplicação de Particionamento e Alta Disponibilidade em Bancos. Em formato hands-on com nível básico, o conteúdo demonstra resolução de problemas reais, passo a passo detalhado e dicas essenciais de implementação para acelerar seu domínio em Banco de Dados.",Dra. Mariana Vasconcelos
759,Princípios Essenciais e Arquitetura de Governança e Ética em Sistemas de IA,Artigo,Inteligência Artificial,Básico,9,2026-06-08,"Artigo técnico detalhado que explora Governança e Ética em Sistemas de IA sob uma ótica técnica e conceitual. Focado em nível básico, aborda trade-offs arquiteturais, vantagens competitivas, padrões recomendados e diretrizes fundamentais para especialistas que atuam em Inteligência Artificial.",Eng. Patrícia Moreira Viana
760,Análise Prática e Demonstração de Otimização de Consultas SQL com EXPLAIN ANALYZE,Vídeo,Banco de Dados,Básico,15,2025-05-10,"Vídeo prático e objetivo apresentando a aplicação de Otimização de Consultas SQL com EXPLAIN ANALYZE. Em formato hands-on com nível básico, o conteúdo demonstra resolução de problemas reais, passo a passo detalhado e dicas essenciais de implementação para acelerar seu domínio em Banco de Dados.",Eng. Felipe Siqueira Castro
761,Princípios Essenciais e Arquitetura de Data Lakehouse e Armazenamento Delta Lake,Artigo,Engenharia de Dados,Avançado,11,2025-04-11,"Artigo técnico detalhado que explora Data Lakehouse e Armazenamento Delta Lake sob uma ótica técnica e conceitual. Focado em nível avançado, aborda trade-offs arquiteturais, vantagens competitivas, padrões recomendados e diretrizes fundamentais para especialistas que atuam em Engenharia de Dados.",Dr. Fernando Zanin Pacheco
762,Curso Completo de Estruturas de Dados e Algoritmos Eficientes: Da Teoria à Prática,Curso,Programação & Software,Intermediário,609,2024-12-04,"Neste curso aprofundado, você aprenderá de forma estruturada sobre Estruturas de Dados e Algoritmos Eficientes. O treinamento abrange tópicos de nível intermediário, exercícios práticos e construção de projetos completos. Indicado para profissionais que desejam dominar ferramentas modernas e padrões consolidados em Programação & Software.",Profa. Larissa Duarte Toledo
763,Tech Talk Ep. 8: Melhores Práticas em Prevenção contra Vazamentos e Segurança em APIs,Podcast,Segurança & Governança,Intermediário,77,2024-05-15,"Episódio enriquecedor com debates aprofundados sobre Prevenção contra Vazamentos e Segurança em APIs. Nesta gravação para o público de nível intermediário, especialistas compartilham experiências práticas, desafios reais do mercado e reflexões sobre impactos estratégicos e técnicos em Segurança & Governança.",Eng. Bruno César Pires
764,Especialização em Governança e Ética em Sistemas de IA com Projetos Práticos,Curso,Inteligência Artificial,Avançado,1535,2026-06-24,"Neste curso aprofundado, você aprenderá de forma estruturada sobre Governança e Ética em Sistemas de IA. O treinamento abrange tópicos de nível avançado, exercícios práticos e construção de projetos completos. Indicado para profissionais que desejam dominar ferramentas modernas e padrões consolidados em Inteligência Artificial.",Eng. Thiago Pinheiro Borges
765,Construindo Aplicações Robustas com Arquitetura de Dados Resiliente e Tolerante a Falhas,Curso,Engenharia de Dados,Avançado,2361,2025-05-03,"Neste curso aprofundado, você aprenderá de forma estruturada sobre Arquitetura de Dados Resiliente e Tolerante a Falhas. O treinamento abrange tópicos de nível avançado, exercícios práticos e construção de projetos completos. Indicado para profissionais que desejam dominar ferramentas modernas e padrões consolidados em Engenharia de Dados.",Dra. Renata Figueiredo Melo
766,Como Obter Alta Performance Utilizando Processamento Distribuído com Apache Spark,Artigo,Engenharia de Dados,Avançado,19,2025-11-28,"Artigo técnico detalhado que explora Processamento Distribuído com Apache Spark sob uma ótica técnica e conceitual. Focado em nível avançado, aborda trade-offs arquiteturais, vantagens competitivas, padrões recomendados e diretrizes fundamentais para especialistas que atuam em Engenharia de Dados.",Dr. André Luiz Carvalho
767,Deep Dive Ep. 88: Casos de Sucesso em Replicação e Tolerância a Falhas no PostgreSQL,Podcast,Banco de Dados,Avançado,65,2025-11-11,"Episódio enriquecedor com debates aprofundados sobre Replicação e Tolerância a Falhas no PostgreSQL. Nesta gravação para o público de nível avançado, especialistas compartilham experiências práticas, desafios reais do mercado e reflexões sobre impactos estratégicos e técnicos em Banco de Dados.",Dra. Camila Guimarães Rocha
768,Deep Dive Ep. 89: Casos de Sucesso em Modelos de Linguagem de Larga Escala (LLMs),Podcast,Inteligência Artificial,Intermediário,34,2024-09-24,"Episódio enriquecedor com debates aprofundados sobre Modelos de Linguagem de Larga Escala (LLMs). Nesta gravação para o público de nível intermediário, especialistas compartilham experiências práticas, desafios reais do mercado e reflexões sobre impactos estratégicos e técnicos em Inteligência Artificial.",Eng. Patrícia Moreira Viana
769,Análise Prática e Demonstração de Particionamento e Alta Disponibilidade em Bancos,Vídeo,Banco de Dados,Avançado,120,2025-01-08,"Vídeo prático e objetivo apresentando a aplicação de Particionamento e Alta Disponibilidade em Bancos. Em formato hands-on com nível avançado, o conteúdo demonstra resolução de problemas reais, passo a passo detalhado e dicas essenciais de implementação para acelerar seu domínio em Banco de Dados.",Dra. Juliana Martins Fontes
770,Estudo Técnico e Decisões de Arquitetura em Monitoramento com Prometheus e Grafana,Artigo,DevOps & Cloud,Intermediário,19,2026-01-29,"Artigo técnico detalhado que explora Monitoramento com Prometheus e Grafana sob uma ótica técnica e conceitual. Focado em nível intermediário, aborda trade-offs arquiteturais, vantagens competitivas, padrões recomendados e diretrizes fundamentais para especialistas que atuam em DevOps & Cloud.",Dr. André Luiz Carvalho
771,Como Obter Alta Performance Utilizando Governança de Dados para Aplicações de IA,Artigo,Segurança & Governança,Básico,20,2024-11-11,"Artigo técnico detalhado que explora Governança de Dados para Aplicações de IA sob uma ótica técnica e conceitual. Focado em nível básico, aborda trade-offs arquiteturais, vantagens competitivas, padrões recomendados e diretrizes fundamentais para especialistas que atuam em Segurança & Governança.",Dr. Fernando Zanin Pacheco
772,Estudo Técnico e Decisões de Arquitetura em Arquitetura RAG e Recuperação Semântica,Artigo,Inteligência Artificial,Avançado,17,2024-03-30,"Artigo técnico detalhado que explora Arquitetura RAG e Recuperação Semântica sob uma ótica técnica e conceitual. Focado em nível avançado, aborda trade-offs arquiteturais, vantagens competitivas, padrões recomendados e diretrizes fundamentais para especialistas que atuam em Inteligência Artificial.",Prof. Gabriel Santana Ribeiro
773,Guia Rápido e Hands-on: Data Lakehouse e Armazenamento Delta Lake,Vídeo,Engenharia de Dados,Intermediário,37,2026-03-27,"Vídeo prático e objetivo apresentando a aplicação de Data Lakehouse e Armazenamento Delta Lake. Em formato hands-on com nível intermediário, o conteúdo demonstra resolução de problemas reais, passo a passo detalhado e dicas essenciais de implementação para acelerar seu domínio em Engenharia de Dados.",Eng. Felipe Siqueira Castro
774,Como Obter Alta Performance Utilizando Modelagem e Agregações Analíticas no SQL Lab,Artigo,Business Intelligence,Avançado,29,2024-04-05,"Artigo técnico detalhado que explora Modelagem e Agregações Analíticas no SQL Lab sob uma ótica técnica e conceitual. Focado em nível avançado, aborda trade-offs arquiteturais, vantagens competitivas, padrões recomendados e diretrizes fundamentais para especialistas que atuam em Business Intelligence.",Dra. Mariana Vasconcelos
775,Arquitetura & Código Ep. 95: Inovações em Orquestração de Microsserviços com Kubernetes,Podcast,DevOps & Cloud,Básico,29,2024-07-10,"Episódio enriquecedor com debates aprofundados sobre Orquestração de Microsserviços com Kubernetes. Nesta gravação para o público de nível básico, especialistas compartilham experiências práticas, desafios reais do mercado e reflexões sobre impactos estratégicos e técnicos em DevOps & Cloud.",Profa. Larissa Duarte Toledo
776,Guia Definitivo e Boas Práticas sobre Processamento de Linguagem Natural (PLN),Artigo,Inteligência Artificial,Básico,29,2024-09-25,"Artigo técnico detalhado que explora Processamento de Linguagem Natural (PLN) sob uma ótica técnica e conceitual. Focado em nível básico, aborda trade-offs arquiteturais, vantagens competitivas, padrões recomendados e diretrizes fundamentais para especialistas que atuam em Inteligência Artificial.",Dr. Marcelo Silveira Neves
777,Data Insights Ep. 5: Experiências Reais com Auditoria e Monitoramento de Logs de Acesso,Podcast,Segurança & Governança,Avançado,51,2025-07-19,"Episódio enriquecedor com debates aprofundados sobre Auditoria e Monitoramento de Logs de Acesso. Nesta gravação para o público de nível avançado, especialistas compartilham experiências práticas, desafios reais do mercado e reflexões sobre impactos estratégicos e técnicos em Segurança & Governança.",Eng. Bruno César Pires
778,Curso Completo de Monitoramento com Prometheus e Grafana: Da Teoria à Prática,Curso,DevOps & Cloud,Avançado,2150,2024-08-07,"Neste curso aprofundado, você aprenderá de forma estruturada sobre Monitoramento com Prometheus e Grafana. O treinamento abrange tópicos de nível avançado, exercícios práticos e construção de projetos completos. Indicado para profissionais que desejam dominar ferramentas modernas e padrões consolidados em DevOps & Cloud.",Eng. Thiago Pinheiro Borges
779,Arquitetura & Código Ep. 114: Inovações em Modelagem e Agregações Analíticas no SQL Lab,Podcast,Business Intelligence,Básico,85,2025-03-21,"Episódio enriquecedor com debates aprofundados sobre Modelagem e Agregações Analíticas no SQL Lab. Nesta gravação para o público de nível básico, especialistas compartilham experiências práticas, desafios reais do mercado e reflexões sobre impactos estratégicos e técnicos em Business Intelligence.",Dr. André Luiz Carvalho
780,Curso Completo de Armazenamento de Documentos com MongoDB: Da Teoria à Prática,Curso,Banco de Dados,Básico,356,2025-08-29,"Neste curso aprofundado, você aprenderá de forma estruturada sobre Armazenamento de Documentos com MongoDB. O treinamento abrange tópicos de nível básico, exercícios práticos e construção de projetos completos. Indicado para profissionais que desejam dominar ferramentas modernas e padrões consolidados em Banco de Dados.",Prof. Elmo Batista de Faria
781,Papo de Dados Ep. 24: Desvendando Práticas de DataOps e Qualidade de Dados,Podcast,Engenharia de Dados,Avançado,54,2024-12-23,"Episódio enriquecedor com debates aprofundados sobre Práticas de DataOps e Qualidade de Dados. Nesta gravação para o público de nível avançado, especialistas compartilham experiências práticas, desafios reais do mercado e reflexões sobre impactos estratégicos e técnicos em Engenharia de Dados.",Eng. Patrícia Moreira Viana
782,Tech Talk Ep. 105: Melhores Práticas em Pipelines e Transformações com Apache Hop,Podcast,Engenharia de Dados,Intermediário,52,2025-06-04,"Episódio enriquecedor com debates aprofundados sobre Pipelines e Transformações com Apache Hop. Nesta gravação para o público de nível intermediário, especialistas compartilham experiências práticas, desafios reais do mercado e reflexões sobre impactos estratégicos e técnicos em Engenharia de Dados.",Eng. Vanessa Cristina Ramos
783,Guia Definitivo e Boas Práticas sobre Estratégias de Indexação e Performance de Bancos,Artigo,Banco de Dados,Avançado,23,2025-04-25,"Artigo técnico detalhado que explora Estratégias de Indexação e Performance de Bancos sob uma ótica técnica e conceitual. Focado em nível avançado, aborda trade-offs arquiteturais, vantagens competitivas, padrões recomendados e diretrizes fundamentais para especialistas que atuam em Banco de Dados.",Eng. Vanessa Cristina Ramos
784,Especialização em Armazenamento de Documentos com MongoDB com Projetos Práticos,Curso,Banco de Dados,Intermediário,795,2024-02-23,"Neste curso aprofundado, você aprenderá de forma estruturada sobre Armazenamento de Documentos com MongoDB. O treinamento abrange tópicos de nível intermediário, exercícios práticos e construção de projetos completos. Indicado para profissionais que desejam dominar ferramentas modernas e padrões consolidados em Banco de Dados.",Prof. Lucas Fernandes Prado
785,Como Obter Alta Performance Utilizando Estatística Descritiva e Inferencial para Decisão,Artigo,Ciência de Dados,Avançado,10,2024-05-24,"Artigo técnico detalhado que explora Estatística Descritiva e Inferencial para Decisão sob uma ótica técnica e conceitual. Focado em nível avançado, aborda trade-offs arquiteturais, vantagens competitivas, padrões recomendados e diretrizes fundamentais para especialistas que atuam em Ciência de Dados.",Eng. Thiago Pinheiro Borges
786,Melhores Práticas e Arquitetura de Ambientes Reprodutíveis para Aplicações de Dados,Vídeo,DevOps & Cloud,Básico,23,2026-06-29,"Vídeo prático e objetivo apresentando a aplicação de Ambientes Reprodutíveis para Aplicações de Dados. Em formato hands-on com nível básico, o conteúdo demonstra resolução de problemas reais, passo a passo detalhado e dicas essenciais de implementação para acelerar seu domínio em DevOps & Cloud.",Profa. Larissa Duarte Toledo
787,Tech Talk Ep. 109: Melhores Práticas em Embeddings Vetoriais e Representação Semântica,Podcast,Inteligência Artificial,Avançado,70,2026-06-07,"Episódio enriquecedor com debates aprofundados sobre Embeddings Vetoriais e Representação Semântica. Nesta gravação para o público de nível avançado, especialistas compartilham experiências práticas, desafios reais do mercado e reflexões sobre impactos estratégicos e técnicos em Inteligência Artificial.",Profa. Beatriz Helena Nogueira
788,"Guia Definitivo e Boas Práticas sobre Métricas de Engajamento, Retenção e Conversão",Artigo,Business Intelligence,Básico,20,2025-12-26,"Artigo técnico detalhado que explora Métricas de Engajamento, Retenção e Conversão sob uma ótica técnica e conceitual. Focado em nível básico, aborda trade-offs arquiteturais, vantagens competitivas, padrões recomendados e diretrizes fundamentais para especialistas que atuam em Business Intelligence.",Prof. Lucas Fernandes Prado
789,Masterclass de Sistemas de Recomendação por Similaridade para Projetos Reais,Curso,Inteligência Artificial,Avançado,1875,2026-05-17,"Neste curso aprofundado, você aprenderá de forma estruturada sobre Sistemas de Recomendação por Similaridade. O treinamento abrange tópicos de nível avançado, exercícios práticos e construção de projetos completos. Indicado para profissionais que desejam dominar ferramentas modernas e padrões consolidados em Inteligência Artificial.",Prof. Diego Henrique Barros
790,Como Implementar Técnicas de Anonimização e Pseudonimização Passo a Passo,Vídeo,Segurança & Governança,Intermediário,63,2024-04-17,"Vídeo prático e objetivo apresentando a aplicação de Técnicas de Anonimização e Pseudonimização. Em formato hands-on com nível intermediário, o conteúdo demonstra resolução de problemas reais, passo a passo detalhado e dicas essenciais de implementação para acelerar seu domínio em Segurança & Governança.",Prof. Lucas Fernandes Prado
791,Como Obter Alta Performance Utilizando Concorrência e Assincronismo com Asyncio,Artigo,Programação & Software,Básico,23,2025-11-10,"Artigo técnico detalhado que explora Concorrência e Assincronismo com Asyncio sob uma ótica técnica e conceitual. Focado em nível básico, aborda trade-offs arquiteturais, vantagens competitivas, padrões recomendados e diretrizes fundamentais para especialistas que atuam em Programação & Software.",Dra. Camila Guimarães Rocha
792,Princípios Essenciais e Arquitetura de Orquestração de Microsserviços com Kubernetes,Artigo,DevOps & Cloud,Avançado,28,2025-09-06,"Artigo técnico detalhado que explora Orquestração de Microsserviços com Kubernetes sob uma ótica técnica e conceitual. Focado em nível avançado, aborda trade-offs arquiteturais, vantagens competitivas, padrões recomendados e diretrizes fundamentais para especialistas que atuam em DevOps & Cloud.",Eng. Felipe Siqueira Castro
793,Arquitetura & Código Ep. 112: Inovações em Clusterização e Segmentação de Perfis,Podcast,Ciência de Dados,Básico,35,2025-12-21,"Episódio enriquecedor com debates aprofundados sobre Clusterização e Segmentação de Perfis. Nesta gravação para o público de nível básico, especialistas compartilham experiências práticas, desafios reais do mercado e reflexões sobre impactos estratégicos e técnicos em Ciência de Dados.",Dra. Camila Guimarães Rocha
794,Formação Prática em Estratégias de Indexação e Performance de Bancos: Fundamentos e Aplicação,Curso,Banco de Dados,Avançado,2545,2026-05-08,"Neste curso aprofundado, você aprenderá de forma estruturada sobre Estratégias de Indexação e Performance de Bancos. O treinamento abrange tópicos de nível avançado, exercícios práticos e construção de projetos completos. Indicado para profissionais que desejam dominar ferramentas modernas e padrões consolidados em Banco de Dados.",Prof. Elmo Batista de Faria
795,Como Implementar Filtros Interativos e Exploração Granular em BI Passo a Passo,Vídeo,Business Intelligence,Avançado,83,2025-05-26,"Vídeo prático e objetivo apresentando a aplicação de Filtros Interativos e Exploração Granular em BI. Em formato hands-on com nível avançado, o conteúdo demonstra resolução de problemas reais, passo a passo detalhado e dicas essenciais de implementação para acelerar seu domínio em Business Intelligence.",Dr. Marcelo Silveira Neves
796,Guia Rápido e Hands-on: Estruturas de Dados e Algoritmos Eficientes,Vídeo,Programação & Software,Avançado,68,2024-01-06,"Vídeo prático e objetivo apresentando a aplicação de Estruturas de Dados e Algoritmos Eficientes. Em formato hands-on com nível avançado, o conteúdo demonstra resolução de problemas reais, passo a passo detalhado e dicas essenciais de implementação para acelerar seu domínio em Programação & Software.",Dr. André Luiz Carvalho
797,Formação Prática em Storytelling com Dados para Apresentações Executivas: Fundamentos e Aplicação,Curso,Business Intelligence,Intermediário,688,2024-01-11,"Neste curso aprofundado, você aprenderá de forma estruturada sobre Storytelling com Dados para Apresentações Executivas. O treinamento abrange tópicos de nível intermediário, exercícios práticos e construção de projetos completos. Indicado para profissionais que desejam dominar ferramentas modernas e padrões consolidados em Business Intelligence.",Eng. Patrícia Moreira Viana
798,Como Obter Alta Performance Utilizando Machine Learning Supervisionado com Scikit-Learn,Artigo,Ciência de Dados,Básico,21,2026-05-19,"Artigo técnico detalhado que explora Machine Learning Supervisionado com Scikit-Learn sob uma ótica técnica e conceitual. Focado em nível básico, aborda trade-offs arquiteturais, vantagens competitivas, padrões recomendados e diretrizes fundamentais para especialistas que atuam em Ciência de Dados.",Prof. Diego Henrique Barros
799,Arquitetura & Código Ep. 98: Inovações em Modelos de Linguagem de Larga Escala (LLMs),Podcast,Inteligência Artificial,Básico,25,2024-05-03,"Episódio enriquecedor com debates aprofundados sobre Modelos de Linguagem de Larga Escala (LLMs). Nesta gravação para o público de nível básico, especialistas compartilham experiências práticas, desafios reais do mercado e reflexões sobre impactos estratégicos e técnicos em Inteligência Artificial.",Eng. Bruno César Pires
800,Construindo Aplicações Robustas com APIs RESTful de Alta Performance com FastAPI,Curso,Programação & Software,Básico,364,2026-04-18,"Neste curso aprofundado, você aprenderá de forma estruturada sobre APIs RESTful de Alta Performance com FastAPI. O treinamento abrange tópicos de nível básico, exercícios práticos e construção de projetos completos. Indicado para profissionais que desejam dominar ferramentas modernas e padrões consolidados em Programação & Software.",Profa. Larissa Duarte Toledo
801,Estudo Técnico e Decisões de Arquitetura em Estruturas de Dados e Algoritmos Eficientes,Artigo,Programação & Software,Básico,16,2024-05-04,"Artigo técnico detalhado que explora Estruturas de Dados e Algoritmos Eficientes sob uma ótica técnica e conceitual. Focado em nível básico, aborda trade-offs arquiteturais, vantagens competitivas, padrões recomendados e diretrizes fundamentais para especialistas que atuam em Programação & Software.",Prof. Lucas Fernandes Prado
802,Melhores Práticas e Arquitetura de Consultas e Índices GIN com JSONB no PostgreSQL,Vídeo,Banco de Dados,Avançado,52,2026-01-10,"Vídeo prático e objetivo apresentando a aplicação de Consultas e Índices GIN com JSONB no PostgreSQL. Em formato hands-on com nível avançado, o conteúdo demonstra resolução de problemas reais, passo a passo detalhado e dicas essenciais de implementação para acelerar seu domínio em Banco de Dados.",Dr. Marcelo Silveira Neves
803,Guia Definitivo e Boas Práticas sobre Automação de Servidores Linux e Acesso SSH,Artigo,DevOps & Cloud,Avançado,25,2024-03-26,"Artigo técnico detalhado que explora Automação de Servidores Linux e Acesso SSH sob uma ótica técnica e conceitual. Focado em nível avançado, aborda trade-offs arquiteturais, vantagens competitivas, padrões recomendados e diretrizes fundamentais para especialistas que atuam em DevOps & Cloud.",Dra. Juliana Martins Fontes
804,Tech Talk Ep. 41: Melhores Práticas em Concorrência e Assincronismo com Asyncio,Podcast,Programação & Software,Intermediário,39,2025-11-29,"Episódio enriquecedor com debates aprofundados sobre Concorrência e Assincronismo com Asyncio. Nesta gravação para o público de nível intermediário, especialistas compartilham experiências práticas, desafios reais do mercado e reflexões sobre impactos estratégicos e técnicos em Programação & Software.",Prof. Gabriel Santana Ribeiro
805,Solucionando Desafios do Dia a Dia em Transações ACID e Controle de Concorrência,Vídeo,Banco de Dados,Básico,41,2024-09-06,"Vídeo prático e objetivo apresentando a aplicação de Transações ACID e Controle de Concorrência. Em formato hands-on com nível básico, o conteúdo demonstra resolução de problemas reais, passo a passo detalhado e dicas essenciais de implementação para acelerar seu domínio em Banco de Dados.",Dra. Mariana Vasconcelos
806,Papo de Dados Ep. 56: Desvendando Orquestração de Microsserviços com Kubernetes,Podcast,DevOps & Cloud,Intermediário,78,2026-02-10,"Episódio enriquecedor com debates aprofundados sobre Orquestração de Microsserviços com Kubernetes. Nesta gravação para o público de nível intermediário, especialistas compartilham experiências práticas, desafios reais do mercado e reflexões sobre impactos estratégicos e técnicos em DevOps & Cloud.",Eng. Rodrigo Alves Mendonça
807,Solucionando Desafios do Dia a Dia em Estatística Descritiva e Inferencial para Decisão,Vídeo,Ciência de Dados,Avançado,76,2024-07-12,"Vídeo prático e objetivo apresentando a aplicação de Estatística Descritiva e Inferencial para Decisão. Em formato hands-on com nível avançado, o conteúdo demonstra resolução de problemas reais, passo a passo detalhado e dicas essenciais de implementação para acelerar seu domínio em Ciência de Dados.",Profa. Carla Antunes Silveira
808,Guia Definitivo e Boas Práticas sobre Gerenciamento de Ambientes e Segredos em Nuvem,Artigo,DevOps & Cloud,Básico,16,2024-08-07,"Artigo técnico detalhado que explora Gerenciamento de Ambientes e Segredos em Nuvem sob uma ótica técnica e conceitual. Focado em nível básico, aborda trade-offs arquiteturais, vantagens competitivas, padrões recomendados e diretrizes fundamentais para especialistas que atuam em DevOps & Cloud.",Profa. Carla Antunes Silveira
809,Guia Definitivo e Boas Práticas sobre Catálogo de Dados Corporativo e Glossário,Artigo,Segurança & Governança,Avançado,9,2024-01-20,"Artigo técnico detalhado que explora Catálogo de Dados Corporativo e Glossário sob uma ótica técnica e conceitual. Focado em nível avançado, aborda trade-offs arquiteturais, vantagens competitivas, padrões recomendados e diretrizes fundamentais para especialistas que atuam em Segurança & Governança.",Dr. André Luiz Carvalho
810,Melhores Práticas e Arquitetura de Integração Híbrida PostgreSQL e NoSQL MongoDB,Vídeo,Banco de Dados,Avançado,113,2024-03-22,"Vídeo prático e objetivo apresentando a aplicação de Integração Híbrida PostgreSQL e NoSQL MongoDB. Em formato hands-on com nível avançado, o conteúdo demonstra resolução de problemas reais, passo a passo detalhado e dicas essenciais de implementação para acelerar seu domínio em Banco de Dados.",Dra. Juliana Martins Fontes
811,Construindo Aplicações Robustas com Mensageria e Streaming com Apache Kafka,Curso,Engenharia de Dados,Básico,216,2024-12-11,"Neste curso aprofundado, você aprenderá de forma estruturada sobre Mensageria e Streaming com Apache Kafka. O treinamento abrange tópicos de nível básico, exercícios práticos e construção de projetos completos. Indicado para profissionais que desejam dominar ferramentas modernas e padrões consolidados em Engenharia de Dados.",Profa. Carla Antunes Silveira
812,Estudo Técnico e Decisões de Arquitetura em Embeddings Vetoriais e Representação Semântica,Artigo,Inteligência Artificial,Intermediário,28,2024-09-08,"Artigo técnico detalhado que explora Embeddings Vetoriais e Representação Semântica sob uma ótica técnica e conceitual. Focado em nível intermediário, aborda trade-offs arquiteturais, vantagens competitivas, padrões recomendados e diretrizes fundamentais para especialistas que atuam em Inteligência Artificial.",Dr. Marcelo Silveira Neves
813,Data Insights Ep. 17: Experiências Reais com Ambientes Reprodutíveis para Aplicações de Dados,Podcast,DevOps & Cloud,Intermediário,82,2024-01-29,"Episódio enriquecedor com debates aprofundados sobre Ambientes Reprodutíveis para Aplicações de Dados. Nesta gravação para o público de nível intermediário, especialistas compartilham experiências práticas, desafios reais do mercado e reflexões sobre impactos estratégicos e técnicos em DevOps & Cloud.",Dra. Mariana Vasconcelos
814,Como Obter Alta Performance Utilizando Orquestração de Workflows com Apache Airflow,Artigo,Engenharia de Dados,Avançado,28,2024-07-06,"Artigo técnico detalhado que explora Orquestração de Workflows com Apache Airflow sob uma ótica técnica e conceitual. Focado em nível avançado, aborda trade-offs arquiteturais, vantagens competitivas, padrões recomendados e diretrizes fundamentais para especialistas que atuam em Engenharia de Dados.",Eng. Patrícia Moreira Viana
815,Guia Definitivo e Boas Práticas sobre Análise Exploratória de Dados com Pandas,Artigo,Ciência de Dados,Avançado,10,2025-11-27,"Artigo técnico detalhado que explora Análise Exploratória de Dados com Pandas sob uma ótica técnica e conceitual. Focado em nível avançado, aborda trade-offs arquiteturais, vantagens competitivas, padrões recomendados e diretrizes fundamentais para especialistas que atuam em Ciência de Dados.",Profa. Larissa Duarte Toledo
816,Análise Comparativa e Padrões Recomendados em Armazenamento de Documentos com MongoDB,Artigo,Banco de Dados,Básico,25,2024-12-30,"Artigo técnico detalhado que explora Armazenamento de Documentos com MongoDB sob uma ótica técnica e conceitual. Focado em nível básico, aborda trade-offs arquiteturais, vantagens competitivas, padrões recomendados e diretrizes fundamentais para especialistas que atuam em Banco de Dados.",Eng. Bruno César Pires
817,Data Insights Ep. 65: Experiências Reais com APIs RESTful de Alta Performance com FastAPI,Podcast,Programação & Software,Básico,73,2025-01-17,"Episódio enriquecedor com debates aprofundados sobre APIs RESTful de Alta Performance com FastAPI. Nesta gravação para o público de nível básico, especialistas compartilham experiências práticas, desafios reais do mercado e reflexões sobre impactos estratégicos e técnicos em Programação & Software.",Dra. Camila Guimarães Rocha
818,Arquitetura & Código Ep. 127: Inovações em Estruturas de Dados e Algoritmos Eficientes,Podcast,Programação & Software,Avançado,36,2025-01-10,"Episódio enriquecedor com debates aprofundados sobre Estruturas de Dados e Algoritmos Eficientes. Nesta gravação para o público de nível avançado, especialistas compartilham experiências práticas, desafios reais do mercado e reflexões sobre impactos estratégicos e técnicos em Programação & Software.",Eng. Bruno César Pires
819,Como Obter Alta Performance Utilizando Monitoramento com Prometheus e Grafana,Artigo,DevOps & Cloud,Avançado,16,2024-08-14,"Artigo técnico detalhado que explora Monitoramento com Prometheus e Grafana sob uma ótica técnica e conceitual. Focado em nível avançado, aborda trade-offs arquiteturais, vantagens competitivas, padrões recomendados e diretrizes fundamentais para especialistas que atuam em DevOps & Cloud.",Profa. Larissa Duarte Toledo
820,Melhores Práticas e Arquitetura de Design de Dashboards e Eliminação de Chartjunk,Vídeo,Business Intelligence,Intermediário,70,2024-01-09,"Vídeo prático e objetivo apresentando a aplicação de Design de Dashboards e Eliminação de Chartjunk. Em formato hands-on com nível intermediário, o conteúdo demonstra resolução de problemas reais, passo a passo detalhado e dicas essenciais de implementação para acelerar seu domínio em Business Intelligence.",Profa. Larissa Duarte Toledo
821,Princípios Essenciais e Arquitetura de Integração Híbrida PostgreSQL e NoSQL MongoDB,Artigo,Banco de Dados,Básico,29,2025-10-13,"Artigo técnico detalhado que explora Integração Híbrida PostgreSQL e NoSQL MongoDB sob uma ótica técnica e conceitual. Focado em nível básico, aborda trade-offs arquiteturais, vantagens competitivas, padrões recomendados e diretrizes fundamentais para especialistas que atuam em Banco de Dados.",Prof. Gabriel Santana Ribeiro
822,Curso Completo de Práticas de DataOps e Qualidade de Dados: Da Teoria à Prática,Curso,Engenharia de Dados,Básico,326,2024-11-08,"Neste curso aprofundado, você aprenderá de forma estruturada sobre Práticas de DataOps e Qualidade de Dados. O treinamento abrange tópicos de nível básico, exercícios práticos e construção de projetos completos. Indicado para profissionais que desejam dominar ferramentas modernas e padrões consolidados em Engenharia de Dados.",Prof. Lucas Fernandes Prado
823,Guia Definitivo e Boas Práticas sobre Integração de Conectores com SQLAlchemy e Psycopg3,Artigo,Programação & Software,Avançado,10,2025-01-11,"Artigo técnico detalhado que explora Integração de Conectores com SQLAlchemy e Psycopg3 sob uma ótica técnica e conceitual. Focado em nível avançado, aborda trade-offs arquiteturais, vantagens competitivas, padrões recomendados e diretrizes fundamentais para especialistas que atuam em Programação & Software.",Dra. Mariana Vasconcelos
824,Masterclass de Ambientes Reprodutíveis para Aplicações de Dados para Projetos Reais,Curso,DevOps & Cloud,Avançado,3212,2024-10-15,"Neste curso aprofundado, você aprenderá de forma estruturada sobre Ambientes Reprodutíveis para Aplicações de Dados. O treinamento abrange tópicos de nível avançado, exercícios práticos e construção de projetos completos. Indicado para profissionais que desejam dominar ferramentas modernas e padrões consolidados em DevOps & Cloud.",Dra. Juliana Martins Fontes
825,Solucionando Desafios do Dia a Dia em Escalabilidade e Gestão de Custos em Cloud,Vídeo,DevOps & Cloud,Avançado,98,2024-11-20,"Vídeo prático e objetivo apresentando a aplicação de Escalabilidade e Gestão de Custos em Cloud. Em formato hands-on com nível avançado, o conteúdo demonstra resolução de problemas reais, passo a passo detalhado e dicas essenciais de implementação para acelerar seu domínio em DevOps & Cloud.",Eng. Thiago Pinheiro Borges
826,Melhores Práticas e Arquitetura de Dashboards Estratégicos no Apache Superset,Vídeo,Business Intelligence,Básico,23,2024-02-12,"Vídeo prático e objetivo apresentando a aplicação de Dashboards Estratégicos no Apache Superset. Em formato hands-on com nível básico, o conteúdo demonstra resolução de problemas reais, passo a passo detalhado e dicas essenciais de implementação para acelerar seu domínio em Business Intelligence.",Profa. Larissa Duarte Toledo
827,Masterclass de Concorrência e Assincronismo com Asyncio para Projetos Reais,Curso,Programação & Software,Intermediário,747,2024-11-13,"Neste curso aprofundado, você aprenderá de forma estruturada sobre Concorrência e Assincronismo com Asyncio. O treinamento abrange tópicos de nível intermediário, exercícios práticos e construção de projetos completos. Indicado para profissionais que desejam dominar ferramentas modernas e padrões consolidados em Programação & Software.",Dra. Juliana Martins Fontes
828,Análise Comparativa e Padrões Recomendados em Estratégias de Indexação e Performance de Bancos,Artigo,Banco de Dados,Intermediário,25,2024-12-15,"Artigo técnico detalhado que explora Estratégias de Indexação e Performance de Bancos sob uma ótica técnica e conceitual. Focado em nível intermediário, aborda trade-offs arquiteturais, vantagens competitivas, padrões recomendados e diretrizes fundamentais para especialistas que atuam em Banco de Dados.",Eng. Vanessa Cristina Ramos
829,Guia Rápido e Hands-on: Armazenamento de Documentos com MongoDB,Vídeo,Banco de Dados,Intermediário,46,2026-06-13,"Vídeo prático e objetivo apresentando a aplicação de Armazenamento de Documentos com MongoDB. Em formato hands-on com nível intermediário, o conteúdo demonstra resolução de problemas reais, passo a passo detalhado e dicas essenciais de implementação para acelerar seu domínio em Banco de Dados.",Prof. Gabriel Santana Ribeiro
830,Análise Prática e Demonstração de Previsão de Séries Temporais e Tendências,Vídeo,Ciência de Dados,Básico,11,2025-07-04,"Vídeo prático e objetivo apresentando a aplicação de Previsão de Séries Temporais e Tendências. Em formato hands-on com nível básico, o conteúdo demonstra resolução de problemas reais, passo a passo detalhado e dicas essenciais de implementação para acelerar seu domínio em Ciência de Dados.",Eng. Vanessa Cristina Ramos
831,Como Implementar Estruturas de Dados e Algoritmos Eficientes Passo a Passo,Vídeo,Programação & Software,Avançado,71,2025-11-28,"Vídeo prático e objetivo apresentando a aplicação de Estruturas de Dados e Algoritmos Eficientes. Em formato hands-on com nível avançado, o conteúdo demonstra resolução de problemas reais, passo a passo detalhado e dicas essenciais de implementação para acelerar seu domínio em Programação & Software.",Prof. Lucas Fernandes Prado
832,Arquitetura & Código Ep. 41: Inovações em Armazenamento de Documentos com MongoDB,Podcast,Banco de Dados,Avançado,63,2024-08-27,"Episódio enriquecedor com debates aprofundados sobre Armazenamento de Documentos com MongoDB. Nesta gravação para o público de nível avançado, especialistas compartilham experiências práticas, desafios reais do mercado e reflexões sobre impactos estratégicos e técnicos em Banco de Dados.",Profa. Carla Antunes Silveira
833,Solucionando Desafios do Dia a Dia em Infraestrutura como Código com Terraform,Vídeo,DevOps & Cloud,Avançado,90,2026-05-24,"Vídeo prático e objetivo apresentando a aplicação de Infraestrutura como Código com Terraform. Em formato hands-on com nível avançado, o conteúdo demonstra resolução de problemas reais, passo a passo detalhado e dicas essenciais de implementação para acelerar seu domínio em DevOps & Cloud.",Dra. Mariana Vasconcelos
834,Construindo Aplicações Robustas com APIs RESTful de Alta Performance com FastAPI,Curso,Programação & Software,Básico,676,2025-04-11,"Neste curso aprofundado, você aprenderá de forma estruturada sobre APIs RESTful de Alta Performance com FastAPI. O treinamento abrange tópicos de nível básico, exercícios práticos e construção de projetos completos. Indicado para profissionais que desejam dominar ferramentas modernas e padrões consolidados em Programação & Software.",Profa. Carla Antunes Silveira
835,Solucionando Desafios do Dia a Dia em Sistemas de Recomendação por Similaridade,Vídeo,Inteligência Artificial,Avançado,71,2025-01-03,"Vídeo prático e objetivo apresentando a aplicação de Sistemas de Recomendação por Similaridade. Em formato hands-on com nível avançado, o conteúdo demonstra resolução de problemas reais, passo a passo detalhado e dicas essenciais de implementação para acelerar seu domínio em Inteligência Artificial.",Dr. Fernando Zanin Pacheco
836,Papo de Dados Ep. 20: Desvendando Escalabilidade e Gestão de Custos em Cloud,Podcast,DevOps & Cloud,Avançado,82,2024-01-05,"Episódio enriquecedor com debates aprofundados sobre Escalabilidade e Gestão de Custos em Cloud. Nesta gravação para o público de nível avançado, especialistas compartilham experiências práticas, desafios reais do mercado e reflexões sobre impactos estratégicos e técnicos em DevOps & Cloud.",Eng. Thiago Pinheiro Borges
837,Tech Talk Ep. 138: Melhores Práticas em Modelagem Relacional Avançada no PostgreSQL,Podcast,Banco de Dados,Básico,42,2024-01-05,"Episódio enriquecedor com debates aprofundados sobre Modelagem Relacional Avançada no PostgreSQL. Nesta gravação para o público de nível básico, especialistas compartilham experiências práticas, desafios reais do mercado e reflexões sobre impactos estratégicos e técnicos em Banco de Dados.",Eng. Vanessa Cristina Ramos
838,Curso Completo de Controle de Acesso Baseado em Papéis (RBAC): Da Teoria à Prática,Curso,Segurança & Governança,Avançado,1795,2026-01-29,"Neste curso aprofundado, você aprenderá de forma estruturada sobre Controle de Acesso Baseado em Papéis (RBAC). O treinamento abrange tópicos de nível avançado, exercícios práticos e construção de projetos completos. Indicado para profissionais que desejam dominar ferramentas modernas e padrões consolidados em Segurança & Governança.",Dr. Fernando Zanin Pacheco
839,Masterclass de Modelagem Dimensional Star Schema e Snowflake para Projetos Reais,Curso,Engenharia de Dados,Básico,515,2024-06-05,"Neste curso aprofundado, você aprenderá de forma estruturada sobre Modelagem Dimensional Star Schema e Snowflake. O treinamento abrange tópicos de nível básico, exercícios práticos e construção de projetos completos. Indicado para profissionais que desejam dominar ferramentas modernas e padrões consolidados em Engenharia de Dados.",Profa. Carla Antunes Silveira
840,Solucionando Desafios do Dia a Dia em Machine Learning Supervisionado com Scikit-Learn,Vídeo,Ciência de Dados,Intermediário,48,2025-06-27,"Vídeo prático e objetivo apresentando a aplicação de Machine Learning Supervisionado com Scikit-Learn. Em formato hands-on com nível intermediário, o conteúdo demonstra resolução de problemas reais, passo a passo detalhado e dicas essenciais de implementação para acelerar seu domínio em Ciência de Dados.",Dr. André Luiz Carvalho
841,Masterclass de Otimização de Consultas SQL com EXPLAIN ANALYZE para Projetos Reais,Curso,Banco de Dados,Avançado,2940,2025-05-31,"Neste curso aprofundado, você aprenderá de forma estruturada sobre Otimização de Consultas SQL com EXPLAIN ANALYZE. O treinamento abrange tópicos de nível avançado, exercícios práticos e construção de projetos completos. Indicado para profissionais que desejam dominar ferramentas modernas e padrões consolidados em Banco de Dados.",Dra. Juliana Martins Fontes
842,Construindo Aplicações Robustas com Criptografia de Dados em Repouso e em Trânsito,Curso,Segurança & Governança,Intermediário,741,2024-06-04,"Neste curso aprofundado, você aprenderá de forma estruturada sobre Criptografia de Dados em Repouso e em Trânsito. O treinamento abrange tópicos de nível intermediário, exercícios práticos e construção de projetos completos. Indicado para profissionais que desejam dominar ferramentas modernas e padrões consolidados em Segurança & Governança.",Eng. Thiago Pinheiro Borges
843,Arquitetura & Código Ep. 47: Inovações em Armazenamento de Documentos com MongoDB,Podcast,Banco de Dados,Básico,25,2025-06-29,"Episódio enriquecedor com debates aprofundados sobre Armazenamento de Documentos com MongoDB. Nesta gravação para o público de nível básico, especialistas compartilham experiências práticas, desafios reais do mercado e reflexões sobre impactos estratégicos e técnicos em Banco de Dados.",Eng. Patrícia Moreira Viana
844,Princípios Essenciais e Arquitetura de Processamento de Linguagem Natural (PLN),Artigo,Inteligência Artificial,Intermediário,25,2025-02-04,"Artigo técnico detalhado que explora Processamento de Linguagem Natural (PLN) sob uma ótica técnica e conceitual. Focado em nível intermediário, aborda trade-offs arquiteturais, vantagens competitivas, padrões recomendados e diretrizes fundamentais para especialistas que atuam em Inteligência Artificial.",Eng. Rodrigo Alves Mendonça
845,Como Obter Alta Performance Utilizando Dashboards Estratégicos no Apache Superset,Artigo,Business Intelligence,Intermediário,24,2025-12-26,"Artigo técnico detalhado que explora Dashboards Estratégicos no Apache Superset sob uma ótica técnica e conceitual. Focado em nível intermediário, aborda trade-offs arquiteturais, vantagens competitivas, padrões recomendados e diretrizes fundamentais para especialistas que atuam em Business Intelligence.",Prof. Lucas Fernandes Prado
846,Estudo Técnico e Decisões de Arquitetura em Clusterização e Segmentação de Perfis,Artigo,Ciência de Dados,Intermediário,10,2025-09-11,"Artigo técnico detalhado que explora Clusterização e Segmentação de Perfis sob uma ótica técnica e conceitual. Focado em nível intermediário, aborda trade-offs arquiteturais, vantagens competitivas, padrões recomendados e diretrizes fundamentais para especialistas que atuam em Ciência de Dados.",Dra. Mariana Vasconcelos
847,Como Obter Alta Performance Utilizando Sistemas de Recomendação por Similaridade,Artigo,Inteligência Artificial,Avançado,13,2025-11-08,"Artigo técnico detalhado que explora Sistemas de Recomendação por Similaridade sob uma ótica técnica e conceitual. Focado em nível avançado, aborda trade-offs arquiteturais, vantagens competitivas, padrões recomendados e diretrizes fundamentais para especialistas que atuam em Inteligência Artificial.",Profa. Carla Antunes Silveira
848,Papo de Dados Ep. 64: Desvendando Auditoria e Monitoramento de Logs de Acesso,Podcast,Segurança & Governança,Intermediário,62,2026-01-01,"Episódio enriquecedor com debates aprofundados sobre Auditoria e Monitoramento de Logs de Acesso. Nesta gravação para o público de nível intermediário, especialistas compartilham experiências práticas, desafios reais do mercado e reflexões sobre impactos estratégicos e técnicos em Segurança & Governança.",Profa. Carla Antunes Silveira
849,Tech Talk Ep. 90: Melhores Práticas em Clusterização e Segmentação de Perfis,Podcast,Ciência de Dados,Intermediário,82,2025-07-01,"Episódio enriquecedor com debates aprofundados sobre Clusterização e Segmentação de Perfis. Nesta gravação para o público de nível intermediário, especialistas compartilham experiências práticas, desafios reais do mercado e reflexões sobre impactos estratégicos e técnicos em Ciência de Dados.",Dr. Marcelo Silveira Neves
850,Solucionando Desafios do Dia a Dia em Mensageria e Streaming com Apache Kafka,Vídeo,Engenharia de Dados,Avançado,114,2024-10-11,"Vídeo prático e objetivo apresentando a aplicação de Mensageria e Streaming com Apache Kafka. Em formato hands-on com nível avançado, o conteúdo demonstra resolução de problemas reais, passo a passo detalhado e dicas essenciais de implementação para acelerar seu domínio em Engenharia de Dados.",Prof. Lucas Fernandes Prado
851,Masterclass de Governança de Dados para Aplicações de IA para Projetos Reais,Curso,Segurança & Governança,Básico,674,2024-06-18,"Neste curso aprofundado, você aprenderá de forma estruturada sobre Governança de Dados para Aplicações de IA. O treinamento abrange tópicos de nível básico, exercícios práticos e construção de projetos completos. Indicado para profissionais que desejam dominar ferramentas modernas e padrões consolidados em Segurança & Governança.",Profa. Beatriz Helena Nogueira
852,Melhores Práticas e Arquitetura de Concorrência e Assincronismo com Asyncio,Vídeo,Programação & Software,Intermediário,69,2026-05-24,"Vídeo prático e objetivo apresentando a aplicação de Concorrência e Assincronismo com Asyncio. Em formato hands-on com nível intermediário, o conteúdo demonstra resolução de problemas reais, passo a passo detalhado e dicas essenciais de implementação para acelerar seu domínio em Programação & Software.",Eng. Patrícia Moreira Viana
853,Papo de Dados Ep. 36: Desvendando Orquestração de Microsserviços com Kubernetes,Podcast,DevOps & Cloud,Intermediário,25,2024-09-25,"Episódio enriquecedor com debates aprofundados sobre Orquestração de Microsserviços com Kubernetes. Nesta gravação para o público de nível intermediário, especialistas compartilham experiências práticas, desafios reais do mercado e reflexões sobre impactos estratégicos e técnicos em DevOps & Cloud.",Dr. Marcelo Silveira Neves
854,Análise Prática e Demonstração de Modelagem Dimensional Star Schema e Snowflake,Vídeo,Engenharia de Dados,Avançado,88,2026-02-04,"Vídeo prático e objetivo apresentando a aplicação de Modelagem Dimensional Star Schema e Snowflake. Em formato hands-on com nível avançado, o conteúdo demonstra resolução de problemas reais, passo a passo detalhado e dicas essenciais de implementação para acelerar seu domínio em Engenharia de Dados.",Dra. Camila Guimarães Rocha
855,Análise Prática e Demonstração de Consultas e Índices GIN com JSONB no PostgreSQL,Vídeo,Banco de Dados,Avançado,81,2024-12-31,"Vídeo prático e objetivo apresentando a aplicação de Consultas e Índices GIN com JSONB no PostgreSQL. Em formato hands-on com nível avançado, o conteúdo demonstra resolução de problemas reais, passo a passo detalhado e dicas essenciais de implementação para acelerar seu domínio em Banco de Dados.",Eng. Vanessa Cristina Ramos
856,Deep Dive Ep. 39: Casos de Sucesso em Modelagem Relacional Avançada no PostgreSQL,Podcast,Banco de Dados,Básico,86,2024-06-20,"Episódio enriquecedor com debates aprofundados sobre Modelagem Relacional Avançada no PostgreSQL. Nesta gravação para o público de nível básico, especialistas compartilham experiências práticas, desafios reais do mercado e reflexões sobre impactos estratégicos e técnicos em Banco de Dados.",Dra. Juliana Martins Fontes
857,Papo de Dados Ep. 146: Desvendando Criptografia de Dados em Repouso e em Trânsito,Podcast,Segurança & Governança,Avançado,61,2026-05-16,"Episódio enriquecedor com debates aprofundados sobre Criptografia de Dados em Repouso e em Trânsito. Nesta gravação para o público de nível avançado, especialistas compartilham experiências práticas, desafios reais do mercado e reflexões sobre impactos estratégicos e técnicos em Segurança & Governança.",Profa. Beatriz Helena Nogueira
858,Análise Comparativa e Padrões Recomendados em Orquestração de Workflows com Apache Airflow,Artigo,Engenharia de Dados,Intermediário,12,2025-10-27,"Artigo técnico detalhado que explora Orquestração de Workflows com Apache Airflow sob uma ótica técnica e conceitual. Focado em nível intermediário, aborda trade-offs arquiteturais, vantagens competitivas, padrões recomendados e diretrizes fundamentais para especialistas que atuam em Engenharia de Dados.",Prof. Lucas Fernandes Prado
859,Melhores Práticas e Arquitetura de Testes Automatizados e TDD com Pytest,Vídeo,Programação & Software,Intermediário,45,2024-07-20,"Vídeo prático e objetivo apresentando a aplicação de Testes Automatizados e TDD com Pytest. Em formato hands-on com nível intermediário, o conteúdo demonstra resolução de problemas reais, passo a passo detalhado e dicas essenciais de implementação para acelerar seu domínio em Programação & Software.",Eng. Thiago Pinheiro Borges
860,Especialização em Otimização de Consultas SQL com EXPLAIN ANALYZE com Projetos Práticos,Curso,Banco de Dados,Intermediário,1157,2025-12-16,"Neste curso aprofundado, você aprenderá de forma estruturada sobre Otimização de Consultas SQL com EXPLAIN ANALYZE. O treinamento abrange tópicos de nível intermediário, exercícios práticos e construção de projetos completos. Indicado para profissionais que desejam dominar ferramentas modernas e padrões consolidados em Banco de Dados.",Profa. Beatriz Helena Nogueira
861,Melhores Práticas e Arquitetura de Automação de Servidores Linux e Acesso SSH,Vídeo,DevOps & Cloud,Básico,39,2025-09-27,"Vídeo prático e objetivo apresentando a aplicação de Automação de Servidores Linux e Acesso SSH. Em formato hands-on com nível básico, o conteúdo demonstra resolução de problemas reais, passo a passo detalhado e dicas essenciais de implementação para acelerar seu domínio em DevOps & Cloud.",Eng. Thiago Pinheiro Borges
862,Tech Talk Ep. 74: Melhores Práticas em Técnicas de Anonimização e Pseudonimização,Podcast,Segurança & Governança,Avançado,52,2026-05-30,"Episódio enriquecedor com debates aprofundados sobre Técnicas de Anonimização e Pseudonimização. Nesta gravação para o público de nível avançado, especialistas compartilham experiências práticas, desafios reais do mercado e reflexões sobre impactos estratégicos e técnicos em Segurança & Governança.",Eng. Felipe Siqueira Castro
863,Data Insights Ep. 59: Experiências Reais com Estratégias de Indexação e Performance de Bancos,Podcast,Banco de Dados,Básico,30,2024-09-02,"Episódio enriquecedor com debates aprofundados sobre Estratégias de Indexação e Performance de Bancos. Nesta gravação para o público de nível básico, especialistas compartilham experiências práticas, desafios reais do mercado e reflexões sobre impactos estratégicos e técnicos em Banco de Dados.",Eng. Felipe Siqueira Castro
864,Solucionando Desafios do Dia a Dia em Visão Computacional e Processamento de Imagens,Vídeo,Inteligência Artificial,Básico,10,2024-04-19,"Vídeo prático e objetivo apresentando a aplicação de Visão Computacional e Processamento de Imagens. Em formato hands-on com nível básico, o conteúdo demonstra resolução de problemas reais, passo a passo detalhado e dicas essenciais de implementação para acelerar seu domínio em Inteligência Artificial.",Eng. Thiago Pinheiro Borges
865,Como Obter Alta Performance Utilizando Tipagem Estática e Boas Práticas com Mypy,Artigo,Programação & Software,Básico,16,2024-02-12,"Artigo técnico detalhado que explora Tipagem Estática e Boas Práticas com Mypy sob uma ótica técnica e conceitual. Focado em nível básico, aborda trade-offs arquiteturais, vantagens competitivas, padrões recomendados e diretrizes fundamentais para especialistas que atuam em Programação & Software.",Dra. Camila Guimarães Rocha
866,Melhores Práticas e Arquitetura de Governança e Padronização de Painéis de Indicadores,Vídeo,Business Intelligence,Intermediário,74,2025-03-12,"Vídeo prático e objetivo apresentando a aplicação de Governança e Padronização de Painéis de Indicadores. Em formato hands-on com nível intermediário, o conteúdo demonstra resolução de problemas reais, passo a passo detalhado e dicas essenciais de implementação para acelerar seu domínio em Business Intelligence.",Eng. Bruno César Pires
867,Deep Dive Ep. 93: Casos de Sucesso em Transações ACID e Controle de Concorrência,Podcast,Banco de Dados,Intermediário,44,2026-06-04,"Episódio enriquecedor com debates aprofundados sobre Transações ACID e Controle de Concorrência. Nesta gravação para o público de nível intermediário, especialistas compartilham experiências práticas, desafios reais do mercado e reflexões sobre impactos estratégicos e técnicos em Banco de Dados.",Eng. Vanessa Cristina Ramos
868,Curso Completo de Análise Exploratória de Dados com Pandas: Da Teoria à Prática,Curso,Ciência de Dados,Avançado,1587,2024-09-28,"Neste curso aprofundado, você aprenderá de forma estruturada sobre Análise Exploratória de Dados com Pandas. O treinamento abrange tópicos de nível avançado, exercícios práticos e construção de projetos completos. Indicado para profissionais que desejam dominar ferramentas modernas e padrões consolidados em Ciência de Dados.",Prof. Elmo Batista de Faria
869,Como Obter Alta Performance Utilizando Visão Computacional e Processamento de Imagens,Artigo,Inteligência Artificial,Intermediário,24,2024-03-24,"Artigo técnico detalhado que explora Visão Computacional e Processamento de Imagens sob uma ótica técnica e conceitual. Focado em nível intermediário, aborda trade-offs arquiteturais, vantagens competitivas, padrões recomendados e diretrizes fundamentais para especialistas que atuam em Inteligência Artificial.",Eng. Rodrigo Alves Mendonça
870,Deep Dive Ep. 74: Casos de Sucesso em Experimentação e Testes A/B Orientados a Dados,Podcast,Ciência de Dados,Básico,78,2024-02-27,"Episódio enriquecedor com debates aprofundados sobre Experimentação e Testes A/B Orientados a Dados. Nesta gravação para o público de nível básico, especialistas compartilham experiências práticas, desafios reais do mercado e reflexões sobre impactos estratégicos e técnicos em Ciência de Dados.",Dra. Juliana Martins Fontes
871,Curso Completo de Clusterização e Segmentação de Perfis: Da Teoria à Prática,Curso,Ciência de Dados,Intermediário,1300,2024-04-26,"Neste curso aprofundado, você aprenderá de forma estruturada sobre Clusterização e Segmentação de Perfis. O treinamento abrange tópicos de nível intermediário, exercícios práticos e construção de projetos completos. Indicado para profissionais que desejam dominar ferramentas modernas e padrões consolidados em Ciência de Dados.",Profa. Larissa Duarte Toledo
872,Estudo Técnico e Decisões de Arquitetura em Governança e Padronização de Painéis de Indicadores,Artigo,Business Intelligence,Intermediário,11,2026-05-23,"Artigo técnico detalhado que explora Governança e Padronização de Painéis de Indicadores sob uma ótica técnica e conceitual. Focado em nível intermediário, aborda trade-offs arquiteturais, vantagens competitivas, padrões recomendados e diretrizes fundamentais para especialistas que atuam em Business Intelligence.",Prof. Elmo Batista de Faria
873,Guia Definitivo e Boas Práticas sobre Monitoramento de Performance e Acompanhamento de Metas,Artigo,Business Intelligence,Básico,9,2025-10-25,"Artigo técnico detalhado que explora Monitoramento de Performance e Acompanhamento de Metas sob uma ótica técnica e conceitual. Focado em nível básico, aborda trade-offs arquiteturais, vantagens competitivas, padrões recomendados e diretrizes fundamentais para especialistas que atuam em Business Intelligence.",Profa. Beatriz Helena Nogueira
874,Masterclass de Dashboards Estratégicos no Apache Superset para Projetos Reais,Curso,Business Intelligence,Básico,500,2025-12-31,"Neste curso aprofundado, você aprenderá de forma estruturada sobre Dashboards Estratégicos no Apache Superset. O treinamento abrange tópicos de nível básico, exercícios práticos e construção de projetos completos. Indicado para profissionais que desejam dominar ferramentas modernas e padrões consolidados em Business Intelligence.",Eng. Thiago Pinheiro Borges
875,Arquitetura & Código Ep. 99: Inovações em Modelagem Relacional Avançada no PostgreSQL,Podcast,Banco de Dados,Avançado,70,2025-02-19,"Episódio enriquecedor com debates aprofundados sobre Modelagem Relacional Avançada no PostgreSQL. Nesta gravação para o público de nível avançado, especialistas compartilham experiências práticas, desafios reais do mercado e reflexões sobre impactos estratégicos e técnicos em Banco de Dados.",Eng. Patrícia Moreira Viana
876,"Data Insights Ep. 21: Experiências Reais com Python Avançado: POO, Decorators e Geradores",Podcast,Programação & Software,Básico,31,2024-08-09,"Episódio enriquecedor com debates aprofundados sobre Python Avançado: POO, Decorators e Geradores. Nesta gravação para o público de nível básico, especialistas compartilham experiências práticas, desafios reais do mercado e reflexões sobre impactos estratégicos e técnicos em Programação & Software.",Dr. André Luiz Carvalho
877,Análise Prática e Demonstração de Infraestrutura como Código com Terraform,Vídeo,DevOps & Cloud,Básico,41,2024-03-14,"Vídeo prático e objetivo apresentando a aplicação de Infraestrutura como Código com Terraform. Em formato hands-on com nível básico, o conteúdo demonstra resolução de problemas reais, passo a passo detalhado e dicas essenciais de implementação para acelerar seu domínio em DevOps & Cloud.",Dra. Mariana Vasconcelos
878,Curso Completo de Gestão de Metadados e Qualidade de Dados Mestres: Da Teoria à Prática,Curso,Segurança & Governança,Básico,425,2024-01-01,"Neste curso aprofundado, você aprenderá de forma estruturada sobre Gestão de Metadados e Qualidade de Dados Mestres. O treinamento abrange tópicos de nível básico, exercícios práticos e construção de projetos completos. Indicado para profissionais que desejam dominar ferramentas modernas e padrões consolidados em Segurança & Governança.",Dr. Marcelo Silveira Neves
879,Formação Prática em Particionamento e Alta Disponibilidade em Bancos: Fundamentos e Aplicação,Curso,Banco de Dados,Intermediário,890,2024-01-20,"Neste curso aprofundado, você aprenderá de forma estruturada sobre Particionamento e Alta Disponibilidade em Bancos. O treinamento abrange tópicos de nível intermediário, exercícios práticos e construção de projetos completos. Indicado para profissionais que desejam dominar ferramentas modernas e padrões consolidados em Banco de Dados.",Profa. Larissa Duarte Toledo
880,Deep Dive Ep. 60: Casos de Sucesso em Práticas de DataOps e Qualidade de Dados,Podcast,Engenharia de Dados,Intermediário,50,2024-04-12,"Episódio enriquecedor com debates aprofundados sobre Práticas de DataOps e Qualidade de Dados. Nesta gravação para o público de nível intermediário, especialistas compartilham experiências práticas, desafios reais do mercado e reflexões sobre impactos estratégicos e técnicos em Engenharia de Dados.",Dra. Mariana Vasconcelos
881,Data Insights Ep. 56: Experiências Reais com Dashboards Estratégicos no Apache Superset,Podcast,Business Intelligence,Intermediário,74,2025-03-03,"Episódio enriquecedor com debates aprofundados sobre Dashboards Estratégicos no Apache Superset. Nesta gravação para o público de nível intermediário, especialistas compartilham experiências práticas, desafios reais do mercado e reflexões sobre impactos estratégicos e técnicos em Business Intelligence.",Profa. Larissa Duarte Toledo
882,Princípios Essenciais e Arquitetura de Design de Dashboards e Eliminação de Chartjunk,Artigo,Business Intelligence,Básico,7,2024-07-29,"Artigo técnico detalhado que explora Design de Dashboards e Eliminação de Chartjunk sob uma ótica técnica e conceitual. Focado em nível básico, aborda trade-offs arquiteturais, vantagens competitivas, padrões recomendados e diretrizes fundamentais para especialistas que atuam em Business Intelligence.",Dr. Marcelo Silveira Neves
883,Formação Prática em Linhagem de Dados e Rastreabilidade de Origem: Fundamentos e Aplicação,Curso,Segurança & Governança,Básico,653,2024-01-30,"Neste curso aprofundado, você aprenderá de forma estruturada sobre Linhagem de Dados e Rastreabilidade de Origem. O treinamento abrange tópicos de nível básico, exercícios práticos e construção de projetos completos. Indicado para profissionais que desejam dominar ferramentas modernas e padrões consolidados em Segurança & Governança.",Eng. Rodrigo Alves Mendonça
884,Solucionando Desafios do Dia a Dia em Visualizações com Big Numbers e Gráficos Eficazes,Vídeo,Business Intelligence,Avançado,52,2025-02-16,"Vídeo prático e objetivo apresentando a aplicação de Visualizações com Big Numbers e Gráficos Eficazes. Em formato hands-on com nível avançado, o conteúdo demonstra resolução de problemas reais, passo a passo detalhado e dicas essenciais de implementação para acelerar seu domínio em Business Intelligence.",Eng. Thiago Pinheiro Borges
885,Estudo Técnico e Decisões de Arquitetura em Prevenção contra Vazamentos e Segurança em APIs,Artigo,Segurança & Governança,Intermediário,26,2024-10-17,"Artigo técnico detalhado que explora Prevenção contra Vazamentos e Segurança em APIs sob uma ótica técnica e conceitual. Focado em nível intermediário, aborda trade-offs arquiteturais, vantagens competitivas, padrões recomendados e diretrizes fundamentais para especialistas que atuam em Segurança & Governança.",Eng. Thiago Pinheiro Borges
886,Solucionando Desafios do Dia a Dia em Filtros Interativos e Exploração Granular em BI,Vídeo,Business Intelligence,Intermediário,62,2025-10-30,"Vídeo prático e objetivo apresentando a aplicação de Filtros Interativos e Exploração Granular em BI. Em formato hands-on com nível intermediário, o conteúdo demonstra resolução de problemas reais, passo a passo detalhado e dicas essenciais de implementação para acelerar seu domínio em Business Intelligence.",Dra. Camila Guimarães Rocha
887,Solucionando Desafios do Dia a Dia em Segurança de Redes e Controle de Acesso,Vídeo,DevOps & Cloud,Intermediário,72,2024-02-06,"Vídeo prático e objetivo apresentando a aplicação de Segurança de Redes e Controle de Acesso. Em formato hands-on com nível intermediário, o conteúdo demonstra resolução de problemas reais, passo a passo detalhado e dicas essenciais de implementação para acelerar seu domínio em DevOps & Cloud.",Profa. Larissa Duarte Toledo
888,Como Obter Alta Performance Utilizando Catálogo de Dados Corporativo e Glossário,Artigo,Segurança & Governança,Básico,7,2025-12-06,"Artigo técnico detalhado que explora Catálogo de Dados Corporativo e Glossário sob uma ótica técnica e conceitual. Focado em nível básico, aborda trade-offs arquiteturais, vantagens competitivas, padrões recomendados e diretrizes fundamentais para especialistas que atuam em Segurança & Governança.",Prof. Lucas Fernandes Prado
889,Data Insights Ep. 108: Experiências Reais com Fundamentos de Deep Learning com PyTorch,Podcast,Inteligência Artificial,Intermediário,40,2024-03-12,"Episódio enriquecedor com debates aprofundados sobre Fundamentos de Deep Learning com PyTorch. Nesta gravação para o público de nível intermediário, especialistas compartilham experiências práticas, desafios reais do mercado e reflexões sobre impactos estratégicos e técnicos em Inteligência Artificial.",Profa. Carla Antunes Silveira
890,Solucionando Desafios do Dia a Dia em Busca Vetorial com pgvector e Índices HNSW,Vídeo,Banco de Dados,Intermediário,40,2025-06-06,"Vídeo prático e objetivo apresentando a aplicação de Busca Vetorial com pgvector e Índices HNSW. Em formato hands-on com nível intermediário, o conteúdo demonstra resolução de problemas reais, passo a passo detalhado e dicas essenciais de implementação para acelerar seu domínio em Banco de Dados.",Prof. Lucas Fernandes Prado
891,Guia Definitivo e Boas Práticas sobre Filtros Interativos e Exploração Granular em BI,Artigo,Business Intelligence,Avançado,8,2025-01-21,"Artigo técnico detalhado que explora Filtros Interativos e Exploração Granular em BI sob uma ótica técnica e conceitual. Focado em nível avançado, aborda trade-offs arquiteturais, vantagens competitivas, padrões recomendados e diretrizes fundamentais para especialistas que atuam em Business Intelligence.",Profa. Carla Antunes Silveira
892,Solucionando Desafios do Dia a Dia em Pipelines de CI/CD para Engenharia de Dados,Vídeo,DevOps & Cloud,Avançado,70,2025-04-01,"Vídeo prático e objetivo apresentando a aplicação de Pipelines de CI/CD para Engenharia de Dados. Em formato hands-on com nível avançado, o conteúdo demonstra resolução de problemas reais, passo a passo detalhado e dicas essenciais de implementação para acelerar seu domínio em DevOps & Cloud.",Dr. Marcelo Silveira Neves
893,Masterclass de Data Lakehouse e Armazenamento Delta Lake para Projetos Reais,Curso,Engenharia de Dados,Intermediário,1025,2025-11-03,"Neste curso aprofundado, você aprenderá de forma estruturada sobre Data Lakehouse e Armazenamento Delta Lake. O treinamento abrange tópicos de nível intermediário, exercícios práticos e construção de projetos completos. Indicado para profissionais que desejam dominar ferramentas modernas e padrões consolidados em Engenharia de Dados.",Dr. Fernando Zanin Pacheco
894,Arquitetura & Código Ep. 51: Inovações em Modelagem e Agregações Analíticas no SQL Lab,Podcast,Business Intelligence,Avançado,78,2025-05-04,"Episódio enriquecedor com debates aprofundados sobre Modelagem e Agregações Analíticas no SQL Lab. Nesta gravação para o público de nível avançado, especialistas compartilham experiências práticas, desafios reais do mercado e reflexões sobre impactos estratégicos e técnicos em Business Intelligence.",Dra. Juliana Martins Fontes
895,Guia Rápido e Hands-on: Padrões de Projeto para Engenharia de Software,Vídeo,Programação & Software,Básico,25,2024-10-03,"Vídeo prático e objetivo apresentando a aplicação de Padrões de Projeto para Engenharia de Software. Em formato hands-on com nível básico, o conteúdo demonstra resolução de problemas reais, passo a passo detalhado e dicas essenciais de implementação para acelerar seu domínio em Programação & Software.",Dra. Camila Guimarães Rocha
896,Especialização em Transações ACID e Controle de Concorrência com Projetos Práticos,Curso,Banco de Dados,Avançado,3484,2024-02-03,"Neste curso aprofundado, você aprenderá de forma estruturada sobre Transações ACID e Controle de Concorrência. O treinamento abrange tópicos de nível avançado, exercícios práticos e construção de projetos completos. Indicado para profissionais que desejam dominar ferramentas modernas e padrões consolidados em Banco de Dados.",Eng. Bruno César Pires
897,Curso Completo de Fine-Tuning de Modelos Fundacionais: Da Teoria à Prática,Curso,Inteligência Artificial,Intermediário,1436,2025-06-06,"Neste curso aprofundado, você aprenderá de forma estruturada sobre Fine-Tuning de Modelos Fundacionais. O treinamento abrange tópicos de nível intermediário, exercícios práticos e construção de projetos completos. Indicado para profissionais que desejam dominar ferramentas modernas e padrões consolidados em Inteligência Artificial.",Profa. Larissa Duarte Toledo
898,Melhores Práticas e Arquitetura de Visão Computacional e Processamento de Imagens,Vídeo,Inteligência Artificial,Avançado,50,2026-05-19,"Vídeo prático e objetivo apresentando a aplicação de Visão Computacional e Processamento de Imagens. Em formato hands-on com nível avançado, o conteúdo demonstra resolução de problemas reais, passo a passo detalhado e dicas essenciais de implementação para acelerar seu domínio em Inteligência Artificial.",Prof. Gabriel Santana Ribeiro
899,Curso Completo de Práticas de DataOps e Qualidade de Dados: Da Teoria à Prática,Curso,Engenharia de Dados,Intermediário,1040,2026-01-18,"Neste curso aprofundado, você aprenderá de forma estruturada sobre Práticas de DataOps e Qualidade de Dados. O treinamento abrange tópicos de nível intermediário, exercícios práticos e construção de projetos completos. Indicado para profissionais que desejam dominar ferramentas modernas e padrões consolidados em Engenharia de Dados.",Prof. Diego Henrique Barros
900,"Formação Prática em Python Avançado: POO, Decorators e Geradores: Fundamentos e Aplicação",Curso,Programação & Software,Intermediário,1340,2024-05-12,"Neste curso aprofundado, você aprenderá de forma estruturada sobre Python Avançado: POO, Decorators e Geradores. O treinamento abrange tópicos de nível intermediário, exercícios práticos e construção de projetos completos. Indicado para profissionais que desejam dominar ferramentas modernas e padrões consolidados em Programação & Software.",Prof. Elmo Batista de Faria
901,Curso Completo de Modelagem Relacional Avançada no PostgreSQL: Da Teoria à Prática,Curso,Banco de Dados,Básico,186,2024-03-28,"Neste curso aprofundado, você aprenderá de forma estruturada sobre Modelagem Relacional Avançada no PostgreSQL. O treinamento abrange tópicos de nível básico, exercícios práticos e construção de projetos completos. Indicado para profissionais que desejam dominar ferramentas modernas e padrões consolidados em Banco de Dados.",Prof. Diego Henrique Barros
902,Solucionando Desafios do Dia a Dia em Mensageria e Streaming com Apache Kafka,Vídeo,Engenharia de Dados,Intermediário,44,2025-11-20,"Vídeo prático e objetivo apresentando a aplicação de Mensageria e Streaming com Apache Kafka. Em formato hands-on com nível intermediário, o conteúdo demonstra resolução de problemas reais, passo a passo detalhado e dicas essenciais de implementação para acelerar seu domínio em Engenharia de Dados.",Eng. Felipe Siqueira Castro
903,Estudo Técnico e Decisões de Arquitetura em Mensageria e Streaming com Apache Kafka,Artigo,Engenharia de Dados,Avançado,9,2026-05-08,"Artigo técnico detalhado que explora Mensageria e Streaming com Apache Kafka sob uma ótica técnica e conceitual. Focado em nível avançado, aborda trade-offs arquiteturais, vantagens competitivas, padrões recomendados e diretrizes fundamentais para especialistas que atuam em Engenharia de Dados.",Eng. Vanessa Cristina Ramos
904,"Data Insights Ep. 128: Experiências Reais com Python Avançado: POO, Decorators e Geradores",Podcast,Programação & Software,Avançado,74,2025-02-28,"Episódio enriquecedor com debates aprofundados sobre Python Avançado: POO, Decorators e Geradores. Nesta gravação para o público de nível avançado, especialistas compartilham experiências práticas, desafios reais do mercado e reflexões sobre impactos estratégicos e técnicos em Programação & Software.",Profa. Carla Antunes Silveira
905,Princípios Essenciais e Arquitetura de Padrões de Projeto para Engenharia de Software,Artigo,Programação & Software,Intermediário,8,2024-11-21,"Artigo técnico detalhado que explora Padrões de Projeto para Engenharia de Software sob uma ótica técnica e conceitual. Focado em nível intermediário, aborda trade-offs arquiteturais, vantagens competitivas, padrões recomendados e diretrizes fundamentais para especialistas que atuam em Programação & Software.",Prof. Diego Henrique Barros
906,Construindo Aplicações Robustas com Engenharia de Recursos e Pré-processamento,Curso,Ciência de Dados,Intermediário,1278,2026-05-17,"Neste curso aprofundado, você aprenderá de forma estruturada sobre Engenharia de Recursos e Pré-processamento. O treinamento abrange tópicos de nível intermediário, exercícios práticos e construção de projetos completos. Indicado para profissionais que desejam dominar ferramentas modernas e padrões consolidados em Ciência de Dados.",Prof. Diego Henrique Barros
907,Papo de Dados Ep. 71: Desvendando Orquestração de Workflows com Apache Airflow,Podcast,Engenharia de Dados,Avançado,28,2025-09-16,"Episódio enriquecedor com debates aprofundados sobre Orquestração de Workflows com Apache Airflow. Nesta gravação para o público de nível avançado, especialistas compartilham experiências práticas, desafios reais do mercado e reflexões sobre impactos estratégicos e técnicos em Engenharia de Dados.",Eng. Bruno César Pires
908,Deep Dive Ep. 122: Casos de Sucesso em Pipelines e Transformações com Apache Hop,Podcast,Engenharia de Dados,Avançado,47,2026-03-12,"Episódio enriquecedor com debates aprofundados sobre Pipelines e Transformações com Apache Hop. Nesta gravação para o público de nível avançado, especialistas compartilham experiências práticas, desafios reais do mercado e reflexões sobre impactos estratégicos e técnicos em Engenharia de Dados.",Prof. Elmo Batista de Faria
909,Análise Comparativa e Padrões Recomendados em Modelos de Linguagem de Larga Escala (LLMs),Artigo,Inteligência Artificial,Básico,12,2025-02-04,"Artigo técnico detalhado que explora Modelos de Linguagem de Larga Escala (LLMs) sob uma ótica técnica e conceitual. Focado em nível básico, aborda trade-offs arquiteturais, vantagens competitivas, padrões recomendados e diretrizes fundamentais para especialistas que atuam em Inteligência Artificial.",Eng. Thiago Pinheiro Borges
910,Como Obter Alta Performance Utilizando Machine Learning Supervisionado com Scikit-Learn,Artigo,Ciência de Dados,Avançado,24,2024-03-22,"Artigo técnico detalhado que explora Machine Learning Supervisionado com Scikit-Learn sob uma ótica técnica e conceitual. Focado em nível avançado, aborda trade-offs arquiteturais, vantagens competitivas, padrões recomendados e diretrizes fundamentais para especialistas que atuam em Ciência de Dados.",Profa. Larissa Duarte Toledo
911,Análise Comparativa e Padrões Recomendados em APIs RESTful de Alta Performance com FastAPI,Artigo,Programação & Software,Básico,16,2025-12-24,"Artigo técnico detalhado que explora APIs RESTful de Alta Performance com FastAPI sob uma ótica técnica e conceitual. Focado em nível básico, aborda trade-offs arquiteturais, vantagens competitivas, padrões recomendados e diretrizes fundamentais para especialistas que atuam em Programação & Software.",Eng. Rodrigo Alves Mendonça
912,Data Insights Ep. 117: Experiências Reais com Arquitetura de Dados Resiliente e Tolerante a Falhas,Podcast,Engenharia de Dados,Avançado,25,2025-01-30,"Episódio enriquecedor com debates aprofundados sobre Arquitetura de Dados Resiliente e Tolerante a Falhas. Nesta gravação para o público de nível avançado, especialistas compartilham experiências práticas, desafios reais do mercado e reflexões sobre impactos estratégicos e técnicos em Engenharia de Dados.",Dra. Mariana Vasconcelos
913,Especialização em Automação de Servidores Linux e Acesso SSH com Projetos Práticos,Curso,DevOps & Cloud,Avançado,2125,2025-01-12,"Neste curso aprofundado, você aprenderá de forma estruturada sobre Automação de Servidores Linux e Acesso SSH. O treinamento abrange tópicos de nível avançado, exercícios práticos e construção de projetos completos. Indicado para profissionais que desejam dominar ferramentas modernas e padrões consolidados em DevOps & Cloud.",Profa. Carla Antunes Silveira
914,Construindo Aplicações Robustas com Infraestrutura como Código com Terraform,Curso,DevOps & Cloud,Intermediário,1434,2026-01-01,"Neste curso aprofundado, você aprenderá de forma estruturada sobre Infraestrutura como Código com Terraform. O treinamento abrange tópicos de nível intermediário, exercícios práticos e construção de projetos completos. Indicado para profissionais que desejam dominar ferramentas modernas e padrões consolidados em DevOps & Cloud.",Profa. Larissa Duarte Toledo
915,Estudo Técnico e Decisões de Arquitetura em Testes Automatizados e TDD com Pytest,Artigo,Programação & Software,Básico,13,2024-08-26,"Artigo técnico detalhado que explora Testes Automatizados e TDD com Pytest sob uma ótica técnica e conceitual. Focado em nível básico, aborda trade-offs arquiteturais, vantagens competitivas, padrões recomendados e diretrizes fundamentais para especialistas que atuam em Programação & Software.",Prof. Diego Henrique Barros
916,Formação Prática em Pipelines de Ingestão Batch e Streaming: Fundamentos e Aplicação,Curso,Engenharia de Dados,Avançado,1589,2025-04-27,"Neste curso aprofundado, você aprenderá de forma estruturada sobre Pipelines de Ingestão Batch e Streaming. O treinamento abrange tópicos de nível avançado, exercícios práticos e construção de projetos completos. Indicado para profissionais que desejam dominar ferramentas modernas e padrões consolidados em Engenharia de Dados.",Eng. Felipe Siqueira Castro
917,Arquitetura & Código Ep. 118: Inovações em Orquestração de Workflows com Apache Airflow,Podcast,Engenharia de Dados,Avançado,73,2025-03-15,"Episódio enriquecedor com debates aprofundados sobre Orquestração de Workflows com Apache Airflow. Nesta gravação para o público de nível avançado, especialistas compartilham experiências práticas, desafios reais do mercado e reflexões sobre impactos estratégicos e técnicos em Engenharia de Dados.",Profa. Beatriz Helena Nogueira
918,"Construindo Aplicações Robustas com Python Avançado: POO, Decorators e Geradores",Curso,Programação & Software,Básico,628,2024-04-28,"Neste curso aprofundado, você aprenderá de forma estruturada sobre Python Avançado: POO, Decorators e Geradores. O treinamento abrange tópicos de nível básico, exercícios práticos e construção de projetos completos. Indicado para profissionais que desejam dominar ferramentas modernas e padrões consolidados em Programação & Software.",Profa. Beatriz Helena Nogueira
919,Análise Comparativa e Padrões Recomendados em Adequação à LGPD e Proteção de Dados Pessoais,Artigo,Segurança & Governança,Avançado,22,2026-06-10,"Artigo técnico detalhado que explora Adequação à LGPD e Proteção de Dados Pessoais sob uma ótica técnica e conceitual. Focado em nível avançado, aborda trade-offs arquiteturais, vantagens competitivas, padrões recomendados e diretrizes fundamentais para especialistas que atuam em Segurança & Governança.",Eng. Rodrigo Alves Mendonça
920,Estudo Técnico e Decisões de Arquitetura em Fine-Tuning de Modelos Fundacionais,Artigo,Inteligência Artificial,Básico,30,2024-07-13,"Artigo técnico detalhado que explora Fine-Tuning de Modelos Fundacionais sob uma ótica técnica e conceitual. Focado em nível básico, aborda trade-offs arquiteturais, vantagens competitivas, padrões recomendados e diretrizes fundamentais para especialistas que atuam em Inteligência Artificial.",Dra. Juliana Martins Fontes
921,Guia Definitivo e Boas Práticas sobre Orquestração de Microsserviços com Kubernetes,Artigo,DevOps & Cloud,Intermediário,14,2024-10-15,"Artigo técnico detalhado que explora Orquestração de Microsserviços com Kubernetes sob uma ótica técnica e conceitual. Focado em nível intermediário, aborda trade-offs arquiteturais, vantagens competitivas, padrões recomendados e diretrizes fundamentais para especialistas que atuam em DevOps & Cloud.",Dr. Marcelo Silveira Neves
922,Guia Definitivo e Boas Práticas sobre Particionamento e Alta Disponibilidade em Bancos,Artigo,Banco de Dados,Básico,16,2025-06-09,"Artigo técnico detalhado que explora Particionamento e Alta Disponibilidade em Bancos sob uma ótica técnica e conceitual. Focado em nível básico, aborda trade-offs arquiteturais, vantagens competitivas, padrões recomendados e diretrizes fundamentais para especialistas que atuam em Banco de Dados.",Profa. Beatriz Helena Nogueira
923,Papo de Dados Ep. 60: Desvendando Pipelines de CI/CD para Engenharia de Dados,Podcast,DevOps & Cloud,Avançado,56,2026-01-09,"Episódio enriquecedor com debates aprofundados sobre Pipelines de CI/CD para Engenharia de Dados. Nesta gravação para o público de nível avançado, especialistas compartilham experiências práticas, desafios reais do mercado e reflexões sobre impactos estratégicos e técnicos em DevOps & Cloud.",Profa. Beatriz Helena Nogueira
924,Como Obter Alta Performance Utilizando Definição de KPIs e Métricas Orientadas a Decisão,Artigo,Business Intelligence,Avançado,13,2026-04-14,"Artigo técnico detalhado que explora Definição de KPIs e Métricas Orientadas a Decisão sob uma ótica técnica e conceitual. Focado em nível avançado, aborda trade-offs arquiteturais, vantagens competitivas, padrões recomendados e diretrizes fundamentais para especialistas que atuam em Business Intelligence.",Eng. Rodrigo Alves Mendonça
925,Estudo Técnico e Decisões de Arquitetura em Particionamento e Alta Disponibilidade em Bancos,Artigo,Banco de Dados,Intermediário,5,2024-03-07,"Artigo técnico detalhado que explora Particionamento e Alta Disponibilidade em Bancos sob uma ótica técnica e conceitual. Focado em nível intermediário, aborda trade-offs arquiteturais, vantagens competitivas, padrões recomendados e diretrizes fundamentais para especialistas que atuam em Banco de Dados.",Prof. Lucas Fernandes Prado
926,Melhores Práticas e Arquitetura de Estatística Descritiva e Inferencial para Decisão,Vídeo,Ciência de Dados,Intermediário,52,2025-02-23,"Vídeo prático e objetivo apresentando a aplicação de Estatística Descritiva e Inferencial para Decisão. Em formato hands-on com nível intermediário, o conteúdo demonstra resolução de problemas reais, passo a passo detalhado e dicas essenciais de implementação para acelerar seu domínio em Ciência de Dados.",Dra. Renata Figueiredo Melo
927,Arquitetura & Código Ep. 27: Inovações em Segurança de Redes e Controle de Acesso,Podcast,DevOps & Cloud,Básico,46,2024-12-23,"Episódio enriquecedor com debates aprofundados sobre Segurança de Redes e Controle de Acesso. Nesta gravação para o público de nível básico, especialistas compartilham experiências práticas, desafios reais do mercado e reflexões sobre impactos estratégicos e técnicos em DevOps & Cloud.",Eng. Vanessa Cristina Ramos
928,Solucionando Desafios do Dia a Dia em Pipelines de CI/CD para Engenharia de Dados,Vídeo,DevOps & Cloud,Avançado,93,2025-09-19,"Vídeo prático e objetivo apresentando a aplicação de Pipelines de CI/CD para Engenharia de Dados. Em formato hands-on com nível avançado, o conteúdo demonstra resolução de problemas reais, passo a passo detalhado e dicas essenciais de implementação para acelerar seu domínio em DevOps & Cloud.",Dra. Renata Figueiredo Melo
929,Guia Definitivo e Boas Práticas sobre Criptografia de Dados em Repouso e em Trânsito,Artigo,Segurança & Governança,Intermediário,20,2026-06-30,"Artigo técnico detalhado que explora Criptografia de Dados em Repouso e em Trânsito sob uma ótica técnica e conceitual. Focado em nível intermediário, aborda trade-offs arquiteturais, vantagens competitivas, padrões recomendados e diretrizes fundamentais para especialistas que atuam em Segurança & Governança.",Eng. Patrícia Moreira Viana
930,Guia Definitivo e Boas Práticas sobre Embeddings Vetoriais e Representação Semântica,Artigo,Inteligência Artificial,Avançado,29,2025-05-07,"Artigo técnico detalhado que explora Embeddings Vetoriais e Representação Semântica sob uma ótica técnica e conceitual. Focado em nível avançado, aborda trade-offs arquiteturais, vantagens competitivas, padrões recomendados e diretrizes fundamentais para especialistas que atuam em Inteligência Artificial.",Eng. Thiago Pinheiro Borges
931,Guia Definitivo e Boas Práticas sobre Governança de Dados para Aplicações de IA,Artigo,Segurança & Governança,Avançado,27,2025-08-04,"Artigo técnico detalhado que explora Governança de Dados para Aplicações de IA sob uma ótica técnica e conceitual. Focado em nível avançado, aborda trade-offs arquiteturais, vantagens competitivas, padrões recomendados e diretrizes fundamentais para especialistas que atuam em Segurança & Governança.",Eng. Rodrigo Alves Mendonça
932,Papo de Dados Ep. 27: Desvendando Estatística Descritiva e Inferencial para Decisão,Podcast,Ciência de Dados,Intermediário,37,2024-03-28,"Episódio enriquecedor com debates aprofundados sobre Estatística Descritiva e Inferencial para Decisão. Nesta gravação para o público de nível intermediário, especialistas compartilham experiências práticas, desafios reais do mercado e reflexões sobre impactos estratégicos e técnicos em Ciência de Dados.",Dra. Juliana Martins Fontes
933,Guia Rápido e Hands-on: Governança e Ética em Sistemas de IA,Vídeo,Inteligência Artificial,Básico,12,2025-09-15,"Vídeo prático e objetivo apresentando a aplicação de Governança e Ética em Sistemas de IA. Em formato hands-on com nível básico, o conteúdo demonstra resolução de problemas reais, passo a passo detalhado e dicas essenciais de implementação para acelerar seu domínio em Inteligência Artificial.",Dra. Juliana Martins Fontes
934,Análise Comparativa e Padrões Recomendados em Pipelines de Ingestão Batch e Streaming,Artigo,Engenharia de Dados,Intermediário,14,2025-10-31,"Artigo técnico detalhado que explora Pipelines de Ingestão Batch e Streaming sob uma ótica técnica e conceitual. Focado em nível intermediário, aborda trade-offs arquiteturais, vantagens competitivas, padrões recomendados e diretrizes fundamentais para especialistas que atuam em Engenharia de Dados.",Profa. Larissa Duarte Toledo
935,Deep Dive Ep. 74: Casos de Sucesso em Design de Dashboards e Eliminação de Chartjunk,Podcast,Business Intelligence,Intermediário,77,2024-05-14,"Episódio enriquecedor com debates aprofundados sobre Design de Dashboards e Eliminação de Chartjunk. Nesta gravação para o público de nível intermediário, especialistas compartilham experiências práticas, desafios reais do mercado e reflexões sobre impactos estratégicos e técnicos em Business Intelligence.",Eng. Vanessa Cristina Ramos
936,Solucionando Desafios do Dia a Dia em Escalabilidade e Gestão de Custos em Cloud,Vídeo,DevOps & Cloud,Básico,14,2025-11-26,"Vídeo prático e objetivo apresentando a aplicação de Escalabilidade e Gestão de Custos em Cloud. Em formato hands-on com nível básico, o conteúdo demonstra resolução de problemas reais, passo a passo detalhado e dicas essenciais de implementação para acelerar seu domínio em DevOps & Cloud.",Profa. Larissa Duarte Toledo
937,Solucionando Desafios do Dia a Dia em Controle de Acesso Baseado em Papéis (RBAC),Vídeo,Segurança & Governança,Intermediário,36,2026-04-21,"Vídeo prático e objetivo apresentando a aplicação de Controle de Acesso Baseado em Papéis (RBAC). Em formato hands-on com nível intermediário, o conteúdo demonstra resolução de problemas reais, passo a passo detalhado e dicas essenciais de implementação para acelerar seu domínio em Segurança & Governança.",Prof. Lucas Fernandes Prado
938,Formação Prática em Consultas e Índices GIN com JSONB no PostgreSQL: Fundamentos e Aplicação,Curso,Banco de Dados,Básico,613,2024-06-15,"Neste curso aprofundado, você aprenderá de forma estruturada sobre Consultas e Índices GIN com JSONB no PostgreSQL. O treinamento abrange tópicos de nível básico, exercícios práticos e construção de projetos completos. Indicado para profissionais que desejam dominar ferramentas modernas e padrões consolidados em Banco de Dados.",Eng. Patrícia Moreira Viana
939,Tech Talk Ep. 37: Melhores Práticas em Arquitetura Limpa e Princípios SOLID,Podcast,Programação & Software,Avançado,26,2025-05-02,"Episódio enriquecedor com debates aprofundados sobre Arquitetura Limpa e Princípios SOLID. Nesta gravação para o público de nível avançado, especialistas compartilham experiências práticas, desafios reais do mercado e reflexões sobre impactos estratégicos e técnicos em Programação & Software.",Prof. Diego Henrique Barros
940,Como Implementar Monitoramento com Prometheus e Grafana Passo a Passo,Vídeo,DevOps & Cloud,Avançado,58,2025-11-13,"Vídeo prático e objetivo apresentando a aplicação de Monitoramento com Prometheus e Grafana. Em formato hands-on com nível avançado, o conteúdo demonstra resolução de problemas reais, passo a passo detalhado e dicas essenciais de implementação para acelerar seu domínio em DevOps & Cloud.",Dra. Renata Figueiredo Melo
941,Deep Dive Ep. 30: Casos de Sucesso em Orquestração de Workflows com Apache Airflow,Podcast,Engenharia de Dados,Avançado,72,2024-03-29,"Episódio enriquecedor com debates aprofundados sobre Orquestração de Workflows com Apache Airflow. Nesta gravação para o público de nível avançado, especialistas compartilham experiências práticas, desafios reais do mercado e reflexões sobre impactos estratégicos e técnicos em Engenharia de Dados.",Profa. Larissa Duarte Toledo
942,Masterclass de Conteinerização com Docker e Docker Compose para Projetos Reais,Curso,DevOps & Cloud,Intermediário,819,2026-03-18,"Neste curso aprofundado, você aprenderá de forma estruturada sobre Conteinerização com Docker e Docker Compose. O treinamento abrange tópicos de nível intermediário, exercícios práticos e construção de projetos completos. Indicado para profissionais que desejam dominar ferramentas modernas e padrões consolidados em DevOps & Cloud.",Prof. Gabriel Santana Ribeiro
943,Solucionando Desafios do Dia a Dia em Orquestração de Workflows com Apache Airflow,Vídeo,Engenharia de Dados,Avançado,112,2024-03-13,"Vídeo prático e objetivo apresentando a aplicação de Orquestração de Workflows com Apache Airflow. Em formato hands-on com nível avançado, o conteúdo demonstra resolução de problemas reais, passo a passo detalhado e dicas essenciais de implementação para acelerar seu domínio em Engenharia de Dados.",Dra. Juliana Martins Fontes
944,Tech Talk Ep. 94: Melhores Práticas em Governança e Ética em Sistemas de IA,Podcast,Inteligência Artificial,Básico,36,2025-09-14,"Episódio enriquecedor com debates aprofundados sobre Governança e Ética em Sistemas de IA. Nesta gravação para o público de nível básico, especialistas compartilham experiências práticas, desafios reais do mercado e reflexões sobre impactos estratégicos e técnicos em Inteligência Artificial.",Profa. Carla Antunes Silveira
945,Masterclass de Dashboards Estratégicos no Apache Superset para Projetos Reais,Curso,Business Intelligence,Intermediário,1205,2025-03-16,"Neste curso aprofundado, você aprenderá de forma estruturada sobre Dashboards Estratégicos no Apache Superset. O treinamento abrange tópicos de nível intermediário, exercícios práticos e construção de projetos completos. Indicado para profissionais que desejam dominar ferramentas modernas e padrões consolidados em Business Intelligence.",Prof. Lucas Fernandes Prado
946,Solucionando Desafios do Dia a Dia em Governança de Dados para Aplicações de IA,Vídeo,Segurança & Governança,Avançado,109,2025-03-20,"Vídeo prático e objetivo apresentando a aplicação de Governança de Dados para Aplicações de IA. Em formato hands-on com nível avançado, o conteúdo demonstra resolução de problemas reais, passo a passo detalhado e dicas essenciais de implementação para acelerar seu domínio em Segurança & Governança.",Dr. Marcelo Silveira Neves
947,Especialização em Particionamento e Alta Disponibilidade em Bancos com Projetos Práticos,Curso,Banco de Dados,Avançado,2060,2025-07-29,"Neste curso aprofundado, você aprenderá de forma estruturada sobre Particionamento e Alta Disponibilidade em Bancos. O treinamento abrange tópicos de nível avançado, exercícios práticos e construção de projetos completos. Indicado para profissionais que desejam dominar ferramentas modernas e padrões consolidados em Banco de Dados.",Eng. Vanessa Cristina Ramos
948,Princípios Essenciais e Arquitetura de Engenharia de Prompts e Agentes Inteligentes,Artigo,Inteligência Artificial,Avançado,28,2024-03-06,"Artigo técnico detalhado que explora Engenharia de Prompts e Agentes Inteligentes sob uma ótica técnica e conceitual. Focado em nível avançado, aborda trade-offs arquiteturais, vantagens competitivas, padrões recomendados e diretrizes fundamentais para especialistas que atuam em Inteligência Artificial.",Prof. Diego Henrique Barros
949,Como Obter Alta Performance Utilizando Particionamento e Alta Disponibilidade em Bancos,Artigo,Banco de Dados,Básico,20,2025-04-11,"Artigo técnico detalhado que explora Particionamento e Alta Disponibilidade em Bancos sob uma ótica técnica e conceitual. Focado em nível básico, aborda trade-offs arquiteturais, vantagens competitivas, padrões recomendados e diretrizes fundamentais para especialistas que atuam em Banco de Dados.",Eng. Thiago Pinheiro Borges
950,Como Implementar Detecção de Anomalias em Grandes Volumes Passo a Passo,Vídeo,Ciência de Dados,Básico,36,2024-09-27,"Vídeo prático e objetivo apresentando a aplicação de Detecção de Anomalias em Grandes Volumes. Em formato hands-on com nível básico, o conteúdo demonstra resolução de problemas reais, passo a passo detalhado e dicas essenciais de implementação para acelerar seu domínio em Ciência de Dados.",Prof. Elmo Batista de Faria
951,Como Implementar Ambientes Reprodutíveis para Aplicações de Dados Passo a Passo,Vídeo,DevOps & Cloud,Intermediário,43,2024-09-28,"Vídeo prático e objetivo apresentando a aplicação de Ambientes Reprodutíveis para Aplicações de Dados. Em formato hands-on com nível intermediário, o conteúdo demonstra resolução de problemas reais, passo a passo detalhado e dicas essenciais de implementação para acelerar seu domínio em DevOps & Cloud.",Profa. Carla Antunes Silveira
952,Análise Prática e Demonstração de Refatoração de Código e Padrões PEP 8,Vídeo,Programação & Software,Intermediário,46,2024-07-22,"Vídeo prático e objetivo apresentando a aplicação de Refatoração de Código e Padrões PEP 8. Em formato hands-on com nível intermediário, o conteúdo demonstra resolução de problemas reais, passo a passo detalhado e dicas essenciais de implementação para acelerar seu domínio em Programação & Software.",Profa. Carla Antunes Silveira
953,Construindo Aplicações Robustas com Tipagem Estática e Boas Práticas com Mypy,Curso,Programação & Software,Avançado,1940,2025-08-21,"Neste curso aprofundado, você aprenderá de forma estruturada sobre Tipagem Estática e Boas Práticas com Mypy. O treinamento abrange tópicos de nível avançado, exercícios práticos e construção de projetos completos. Indicado para profissionais que desejam dominar ferramentas modernas e padrões consolidados em Programação & Software.",Dra. Camila Guimarães Rocha
954,"Especialização em Métricas de Engajamento, Retenção e Conversão com Projetos Práticos",Curso,Business Intelligence,Básico,589,2025-09-22,"Neste curso aprofundado, você aprenderá de forma estruturada sobre Métricas de Engajamento, Retenção e Conversão. O treinamento abrange tópicos de nível básico, exercícios práticos e construção de projetos completos. Indicado para profissionais que desejam dominar ferramentas modernas e padrões consolidados em Business Intelligence.",Profa. Larissa Duarte Toledo
955,Deep Dive Ep. 104: Casos de Sucesso em Embeddings Vetoriais e Representação Semântica,Podcast,Inteligência Artificial,Intermediário,57,2024-10-13,"Episódio enriquecedor com debates aprofundados sobre Embeddings Vetoriais e Representação Semântica. Nesta gravação para o público de nível intermediário, especialistas compartilham experiências práticas, desafios reais do mercado e reflexões sobre impactos estratégicos e técnicos em Inteligência Artificial.",Eng. Thiago Pinheiro Borges
956,Deep Dive Ep. 105: Casos de Sucesso em Engenharia de Prompts e Agentes Inteligentes,Podcast,Inteligência Artificial,Intermediário,36,2024-04-29,"Episódio enriquecedor com debates aprofundados sobre Engenharia de Prompts e Agentes Inteligentes. Nesta gravação para o público de nível intermediário, especialistas compartilham experiências práticas, desafios reais do mercado e reflexões sobre impactos estratégicos e técnicos em Inteligência Artificial.",Dra. Renata Figueiredo Melo
957,Guia Rápido e Hands-on: Replicação e Tolerância a Falhas no PostgreSQL,Vídeo,Banco de Dados,Intermediário,70,2024-10-13,"Vídeo prático e objetivo apresentando a aplicação de Replicação e Tolerância a Falhas no PostgreSQL. Em formato hands-on com nível intermediário, o conteúdo demonstra resolução de problemas reais, passo a passo detalhado e dicas essenciais de implementação para acelerar seu domínio em Banco de Dados.",Profa. Carla Antunes Silveira
958,Masterclass de Automação de Servidores Linux e Acesso SSH para Projetos Reais,Curso,DevOps & Cloud,Básico,568,2024-01-15,"Neste curso aprofundado, você aprenderá de forma estruturada sobre Automação de Servidores Linux e Acesso SSH. O treinamento abrange tópicos de nível básico, exercícios práticos e construção de projetos completos. Indicado para profissionais que desejam dominar ferramentas modernas e padrões consolidados em DevOps & Cloud.",Eng. Thiago Pinheiro Borges
959,Curso Completo de Design de Dashboards e Eliminação de Chartjunk: Da Teoria à Prática,Curso,Business Intelligence,Básico,378,2026-02-14,"Neste curso aprofundado, você aprenderá de forma estruturada sobre Design de Dashboards e Eliminação de Chartjunk. O treinamento abrange tópicos de nível básico, exercícios práticos e construção de projetos completos. Indicado para profissionais que desejam dominar ferramentas modernas e padrões consolidados em Business Intelligence.",Profa. Larissa Duarte Toledo
960,Deep Dive Ep. 37: Casos de Sucesso em Segurança de Redes e Controle de Acesso,Podcast,DevOps & Cloud,Intermediário,26,2024-11-22,"Episódio enriquecedor com debates aprofundados sobre Segurança de Redes e Controle de Acesso. Nesta gravação para o público de nível intermediário, especialistas compartilham experiências práticas, desafios reais do mercado e reflexões sobre impactos estratégicos e técnicos em DevOps & Cloud.",Dra. Camila Guimarães Rocha
961,"Deep Dive Ep. 110: Casos de Sucesso em Python Avançado: POO, Decorators e Geradores",Podcast,Programação & Software,Intermediário,82,2024-05-24,"Episódio enriquecedor com debates aprofundados sobre Python Avançado: POO, Decorators e Geradores. Nesta gravação para o público de nível intermediário, especialistas compartilham experiências práticas, desafios reais do mercado e reflexões sobre impactos estratégicos e técnicos em Programação & Software.",Eng. Vanessa Cristina Ramos
962,Arquitetura & Código Ep. 93: Inovações em Replicação e Tolerância a Falhas no PostgreSQL,Podcast,Banco de Dados,Intermediário,82,2025-05-08,"Episódio enriquecedor com debates aprofundados sobre Replicação e Tolerância a Falhas no PostgreSQL. Nesta gravação para o público de nível intermediário, especialistas compartilham experiências práticas, desafios reais do mercado e reflexões sobre impactos estratégicos e técnicos em Banco de Dados.",Dra. Camila Guimarães Rocha
963,Arquitetura & Código Ep. 117: Inovações em Design de Dashboards e Eliminação de Chartjunk,Podcast,Business Intelligence,Intermediário,63,2024-02-13,"Episódio enriquecedor com debates aprofundados sobre Design de Dashboards e Eliminação de Chartjunk. Nesta gravação para o público de nível intermediário, especialistas compartilham experiências práticas, desafios reais do mercado e reflexões sobre impactos estratégicos e técnicos em Business Intelligence.",Dr. André Luiz Carvalho
964,Solucionando Desafios do Dia a Dia em Auditoria e Monitoramento de Logs de Acesso,Vídeo,Segurança & Governança,Avançado,46,2024-07-04,"Vídeo prático e objetivo apresentando a aplicação de Auditoria e Monitoramento de Logs de Acesso. Em formato hands-on com nível avançado, o conteúdo demonstra resolução de problemas reais, passo a passo detalhado e dicas essenciais de implementação para acelerar seu domínio em Segurança & Governança.",Eng. Rodrigo Alves Mendonça
965,Como Obter Alta Performance Utilizando Ambientes Reprodutíveis para Aplicações de Dados,Artigo,DevOps & Cloud,Avançado,9,2024-09-18,"Artigo técnico detalhado que explora Ambientes Reprodutíveis para Aplicações de Dados sob uma ótica técnica e conceitual. Focado em nível avançado, aborda trade-offs arquiteturais, vantagens competitivas, padrões recomendados e diretrizes fundamentais para especialistas que atuam em DevOps & Cloud.",Profa. Carla Antunes Silveira
966,Análise Comparativa e Padrões Recomendados em Auditoria e Monitoramento de Logs de Acesso,Artigo,Segurança & Governança,Intermediário,12,2026-03-08,"Artigo técnico detalhado que explora Auditoria e Monitoramento de Logs de Acesso sob uma ótica técnica e conceitual. Focado em nível intermediário, aborda trade-offs arquiteturais, vantagens competitivas, padrões recomendados e diretrizes fundamentais para especialistas que atuam em Segurança & Governança.",Dra. Renata Figueiredo Melo
967,Como Implementar Machine Learning Supervisionado com Scikit-Learn Passo a Passo,Vídeo,Ciência de Dados,Básico,28,2024-11-19,"Vídeo prático e objetivo apresentando a aplicação de Machine Learning Supervisionado com Scikit-Learn. Em formato hands-on com nível básico, o conteúdo demonstra resolução de problemas reais, passo a passo detalhado e dicas essenciais de implementação para acelerar seu domínio em Ciência de Dados.",Dra. Camila Guimarães Rocha
968,"Como Implementar Python Avançado: POO, Decorators e Geradores Passo a Passo",Vídeo,Programação & Software,Intermediário,41,2024-05-06,"Vídeo prático e objetivo apresentando a aplicação de Python Avançado: POO, Decorators e Geradores. Em formato hands-on com nível intermediário, o conteúdo demonstra resolução de problemas reais, passo a passo detalhado e dicas essenciais de implementação para acelerar seu domínio em Programação & Software.",Prof. Lucas Fernandes Prado
969,Melhores Práticas e Arquitetura de Arquitetura RAG e Recuperação Semântica,Vídeo,Inteligência Artificial,Básico,37,2026-01-29,"Vídeo prático e objetivo apresentando a aplicação de Arquitetura RAG e Recuperação Semântica. Em formato hands-on com nível básico, o conteúdo demonstra resolução de problemas reais, passo a passo detalhado e dicas essenciais de implementação para acelerar seu domínio em Inteligência Artificial.",Eng. Vanessa Cristina Ramos
970,Solucionando Desafios do Dia a Dia em Pipelines de CI/CD para Engenharia de Dados,Vídeo,DevOps & Cloud,Intermediário,45,2025-11-11,"Vídeo prático e objetivo apresentando a aplicação de Pipelines de CI/CD para Engenharia de Dados. Em formato hands-on com nível intermediário, o conteúdo demonstra resolução de problemas reais, passo a passo detalhado e dicas essenciais de implementação para acelerar seu domínio em DevOps & Cloud.",Dra. Mariana Vasconcelos
971,Guia Rápido e Hands-on: Controle de Acesso Baseado em Papéis (RBAC),Vídeo,Segurança & Governança,Básico,40,2024-09-03,"Vídeo prático e objetivo apresentando a aplicação de Controle de Acesso Baseado em Papéis (RBAC). Em formato hands-on com nível básico, o conteúdo demonstra resolução de problemas reais, passo a passo detalhado e dicas essenciais de implementação para acelerar seu domínio em Segurança & Governança.",Profa. Beatriz Helena Nogueira
972,Análise Prática e Demonstração de Ambientes Reprodutíveis para Aplicações de Dados,Vídeo,DevOps & Cloud,Avançado,54,2024-02-15,"Vídeo prático e objetivo apresentando a aplicação de Ambientes Reprodutíveis para Aplicações de Dados. Em formato hands-on com nível avançado, o conteúdo demonstra resolução de problemas reais, passo a passo detalhado e dicas essenciais de implementação para acelerar seu domínio em DevOps & Cloud.",Dr. Marcelo Silveira Neves
973,Guia Definitivo e Boas Práticas sobre Auditoria e Monitoramento de Logs de Acesso,Artigo,Segurança & Governança,Básico,12,2026-05-01,"Artigo técnico detalhado que explora Auditoria e Monitoramento de Logs de Acesso sob uma ótica técnica e conceitual. Focado em nível básico, aborda trade-offs arquiteturais, vantagens competitivas, padrões recomendados e diretrizes fundamentais para especialistas que atuam em Segurança & Governança.",Profa. Beatriz Helena Nogueira
974,Como Implementar Machine Learning Supervisionado com Scikit-Learn Passo a Passo,Vídeo,Ciência de Dados,Avançado,71,2025-10-04,"Vídeo prático e objetivo apresentando a aplicação de Machine Learning Supervisionado com Scikit-Learn. Em formato hands-on com nível avançado, o conteúdo demonstra resolução de problemas reais, passo a passo detalhado e dicas essenciais de implementação para acelerar seu domínio em Ciência de Dados.",Dr. Fernando Zanin Pacheco
975,Tech Talk Ep. 145: Melhores Práticas em Técnicas de Anonimização e Pseudonimização,Podcast,Segurança & Governança,Avançado,71,2025-03-22,"Episódio enriquecedor com debates aprofundados sobre Técnicas de Anonimização e Pseudonimização. Nesta gravação para o público de nível avançado, especialistas compartilham experiências práticas, desafios reais do mercado e reflexões sobre impactos estratégicos e técnicos em Segurança & Governança.",Dra. Renata Figueiredo Melo
976,Princípios Essenciais e Arquitetura de Pipelines de CI/CD para Engenharia de Dados,Artigo,DevOps & Cloud,Básico,28,2024-05-25,"Artigo técnico detalhado que explora Pipelines de CI/CD para Engenharia de Dados sob uma ótica técnica e conceitual. Focado em nível básico, aborda trade-offs arquiteturais, vantagens competitivas, padrões recomendados e diretrizes fundamentais para especialistas que atuam em DevOps & Cloud.",Dra. Camila Guimarães Rocha
977,Estudo Técnico e Decisões de Arquitetura em Estratégias de Indexação e Performance de Bancos,Artigo,Banco de Dados,Básico,9,2025-02-08,"Artigo técnico detalhado que explora Estratégias de Indexação e Performance de Bancos sob uma ótica técnica e conceitual. Focado em nível básico, aborda trade-offs arquiteturais, vantagens competitivas, padrões recomendados e diretrizes fundamentais para especialistas que atuam em Banco de Dados.",Prof. Gabriel Santana Ribeiro
978,Princípios Essenciais e Arquitetura de Integração Híbrida PostgreSQL e NoSQL MongoDB,Artigo,Banco de Dados,Avançado,12,2024-08-14,"Artigo técnico detalhado que explora Integração Híbrida PostgreSQL e NoSQL MongoDB sob uma ótica técnica e conceitual. Focado em nível avançado, aborda trade-offs arquiteturais, vantagens competitivas, padrões recomendados e diretrizes fundamentais para especialistas que atuam em Banco de Dados.",Profa. Beatriz Helena Nogueira
979,Data Insights Ep. 97: Experiências Reais com Modelagem Dimensional Star Schema e Snowflake,Podcast,Engenharia de Dados,Avançado,36,2025-06-09,"Episódio enriquecedor com debates aprofundados sobre Modelagem Dimensional Star Schema e Snowflake. Nesta gravação para o público de nível avançado, especialistas compartilham experiências práticas, desafios reais do mercado e reflexões sobre impactos estratégicos e técnicos em Engenharia de Dados.",Dr. Marcelo Silveira Neves
980,Curso Completo de Experimentação e Testes A/B Orientados a Dados: Da Teoria à Prática,Curso,Ciência de Dados,Avançado,2978,2025-02-26,"Neste curso aprofundado, você aprenderá de forma estruturada sobre Experimentação e Testes A/B Orientados a Dados. O treinamento abrange tópicos de nível avançado, exercícios práticos e construção de projetos completos. Indicado para profissionais que desejam dominar ferramentas modernas e padrões consolidados em Ciência de Dados.",Profa. Larissa Duarte Toledo
981,"Como Obter Alta Performance Utilizando Métricas de Engajamento, Retenção e Conversão",Artigo,Business Intelligence,Básico,11,2025-11-03,"Artigo técnico detalhado que explora Métricas de Engajamento, Retenção e Conversão sob uma ótica técnica e conceitual. Focado em nível básico, aborda trade-offs arquiteturais, vantagens competitivas, padrões recomendados e diretrizes fundamentais para especialistas que atuam em Business Intelligence.",Dra. Mariana Vasconcelos
982,Análise Prática e Demonstração de Embeddings Vetoriais e Representação Semântica,Vídeo,Inteligência Artificial,Intermediário,39,2025-11-01,"Vídeo prático e objetivo apresentando a aplicação de Embeddings Vetoriais e Representação Semântica. Em formato hands-on com nível intermediário, o conteúdo demonstra resolução de problemas reais, passo a passo detalhado e dicas essenciais de implementação para acelerar seu domínio em Inteligência Artificial.",Dr. Fernando Zanin Pacheco
983,Estudo Técnico e Decisões de Arquitetura em Ambientes Reprodutíveis para Aplicações de Dados,Artigo,DevOps & Cloud,Básico,6,2024-09-01,"Artigo técnico detalhado que explora Ambientes Reprodutíveis para Aplicações de Dados sob uma ótica técnica e conceitual. Focado em nível básico, aborda trade-offs arquiteturais, vantagens competitivas, padrões recomendados e diretrizes fundamentais para especialistas que atuam em DevOps & Cloud.",Prof. Diego Henrique Barros
984,Guia Definitivo e Boas Práticas sobre Previsão de Séries Temporais e Tendências,Artigo,Ciência de Dados,Intermediário,24,2025-03-31,"Artigo técnico detalhado que explora Previsão de Séries Temporais e Tendências sob uma ótica técnica e conceitual. Focado em nível intermediário, aborda trade-offs arquiteturais, vantagens competitivas, padrões recomendados e diretrizes fundamentais para especialistas que atuam em Ciência de Dados.",Profa. Larissa Duarte Toledo
985,Como Obter Alta Performance Utilizando Tipagem Estática e Boas Práticas com Mypy,Artigo,Programação & Software,Intermediário,22,2024-02-25,"Artigo técnico detalhado que explora Tipagem Estática e Boas Práticas com Mypy sob uma ótica técnica e conceitual. Focado em nível intermediário, aborda trade-offs arquiteturais, vantagens competitivas, padrões recomendados e diretrizes fundamentais para especialistas que atuam em Programação & Software.",Profa. Beatriz Helena Nogueira
986,Especialização em Controle de Acesso Baseado em Papéis (RBAC) com Projetos Práticos,Curso,Segurança & Governança,Intermediário,648,2024-10-09,"Neste curso aprofundado, você aprenderá de forma estruturada sobre Controle de Acesso Baseado em Papéis (RBAC). O treinamento abrange tópicos de nível intermediário, exercícios práticos e construção de projetos completos. Indicado para profissionais que desejam dominar ferramentas modernas e padrões consolidados em Segurança & Governança.",Eng. Thiago Pinheiro Borges
987,Solucionando Desafios do Dia a Dia em Pipelines de CI/CD para Engenharia de Dados,Vídeo,DevOps & Cloud,Avançado,72,2025-07-09,"Vídeo prático e objetivo apresentando a aplicação de Pipelines de CI/CD para Engenharia de Dados. Em formato hands-on com nível avançado, o conteúdo demonstra resolução de problemas reais, passo a passo detalhado e dicas essenciais de implementação para acelerar seu domínio em DevOps & Cloud.",Eng. Patrícia Moreira Viana
988,Guia Definitivo e Boas Práticas sobre Linhagem de Dados e Rastreabilidade de Origem,Artigo,Segurança & Governança,Intermediário,13,2024-12-15,"Artigo técnico detalhado que explora Linhagem de Dados e Rastreabilidade de Origem sob uma ótica técnica e conceitual. Focado em nível intermediário, aborda trade-offs arquiteturais, vantagens competitivas, padrões recomendados e diretrizes fundamentais para especialistas que atuam em Segurança & Governança.",Dr. André Luiz Carvalho
989,Solucionando Desafios do Dia a Dia em Design de Dashboards e Eliminação de Chartjunk,Vídeo,Business Intelligence,Intermediário,73,2024-05-05,"Vídeo prático e objetivo apresentando a aplicação de Design de Dashboards e Eliminação de Chartjunk. Em formato hands-on com nível intermediário, o conteúdo demonstra resolução de problemas reais, passo a passo detalhado e dicas essenciais de implementação para acelerar seu domínio em Business Intelligence.",Eng. Vanessa Cristina Ramos
990,Construindo Aplicações Robustas com Concorrência e Assincronismo com Asyncio,Curso,Programação & Software,Básico,682,2024-08-22,"Neste curso aprofundado, você aprenderá de forma estruturada sobre Concorrência e Assincronismo com Asyncio. O treinamento abrange tópicos de nível básico, exercícios práticos e construção de projetos completos. Indicado para profissionais que desejam dominar ferramentas modernas e padrões consolidados em Programação & Software.",Dr. Fernando Zanin Pacheco
991,Masterclass de Segurança de Redes e Controle de Acesso para Projetos Reais,Curso,DevOps & Cloud,Intermediário,774,2024-04-28,"Neste curso aprofundado, você aprenderá de forma estruturada sobre Segurança de Redes e Controle de Acesso. O treinamento abrange tópicos de nível intermediário, exercícios práticos e construção de projetos completos. Indicado para profissionais que desejam dominar ferramentas modernas e padrões consolidados em DevOps & Cloud.",Prof. Diego Henrique Barros
992,Estudo Técnico e Decisões de Arquitetura em Métricas de Avaliação de Modelos Preditivos,Artigo,Ciência de Dados,Básico,16,2026-06-11,"Artigo técnico detalhado que explora Métricas de Avaliação de Modelos Preditivos sob uma ótica técnica e conceitual. Focado em nível básico, aborda trade-offs arquiteturais, vantagens competitivas, padrões recomendados e diretrizes fundamentais para especialistas que atuam em Ciência de Dados.",Eng. Rodrigo Alves Mendonça
993,Princípios Essenciais e Arquitetura de Orquestração de Microsserviços com Kubernetes,Artigo,DevOps & Cloud,Básico,17,2024-03-16,"Artigo técnico detalhado que explora Orquestração de Microsserviços com Kubernetes sob uma ótica técnica e conceitual. Focado em nível básico, aborda trade-offs arquiteturais, vantagens competitivas, padrões recomendados e diretrizes fundamentais para especialistas que atuam em DevOps & Cloud.",Profa. Carla Antunes Silveira
994,Estudo Técnico e Decisões de Arquitetura em Arquitetura de Dados Resiliente e Tolerante a Falhas,Artigo,Engenharia de Dados,Avançado,15,2026-04-08,"Artigo técnico detalhado que explora Arquitetura de Dados Resiliente e Tolerante a Falhas sob uma ótica técnica e conceitual. Focado em nível avançado, aborda trade-offs arquiteturais, vantagens competitivas, padrões recomendados e diretrizes fundamentais para especialistas que atuam em Engenharia de Dados.",Prof. Elmo Batista de Faria
995,Como Implementar Governança e Ética em Sistemas de IA Passo a Passo,Vídeo,Inteligência Artificial,Intermediário,34,2024-10-08,"Vídeo prático e objetivo apresentando a aplicação de Governança e Ética em Sistemas de IA. Em formato hands-on com nível intermediário, o conteúdo demonstra resolução de problemas reais, passo a passo detalhado e dicas essenciais de implementação para acelerar seu domínio em Inteligência Artificial.",Eng. Patrícia Moreira Viana
996,Solucionando Desafios do Dia a Dia em Métricas de Avaliação de Modelos Preditivos,Vídeo,Ciência de Dados,Avançado,75,2024-02-20,"Vídeo prático e objetivo apresentando a aplicação de Métricas de Avaliação de Modelos Preditivos. Em formato hands-on com nível avançado, o conteúdo demonstra resolução de problemas reais, passo a passo detalhado e dicas essenciais de implementação para acelerar seu domínio em Ciência de Dados.",Profa. Larissa Duarte Toledo
997,"Arquitetura & Código Ep. 82: Inovações em Métricas de Engajamento, Retenção e Conversão",Podcast,Business Intelligence,Avançado,71,2024-10-17,"Episódio enriquecedor com debates aprofundados sobre Métricas de Engajamento, Retenção e Conversão. Nesta gravação para o público de nível avançado, especialistas compartilham experiências práticas, desafios reais do mercado e reflexões sobre impactos estratégicos e técnicos em Business Intelligence.",Eng. Vanessa Cristina Ramos
998,Como Obter Alta Performance Utilizando Consultas e Índices GIN com JSONB no PostgreSQL,Artigo,Banco de Dados,Avançado,29,2025-06-20,"Artigo técnico detalhado que explora Consultas e Índices GIN com JSONB no PostgreSQL sob uma ótica técnica e conceitual. Focado em nível avançado, aborda trade-offs arquiteturais, vantagens competitivas, padrões recomendados e diretrizes fundamentais para especialistas que atuam em Banco de Dados.",Eng. Thiago Pinheiro Borges
999,Solucionando Desafios do Dia a Dia em Técnicas de Anonimização e Pseudonimização,Vídeo,Segurança & Governança,Avançado,50,2024-10-05,"Vídeo prático e objetivo apresentando a aplicação de Técnicas de Anonimização e Pseudonimização. Em formato hands-on com nível avançado, o conteúdo demonstra resolução de problemas reais, passo a passo detalhado e dicas essenciais de implementação para acelerar seu domínio em Segurança & Governança.",Eng. Bruno César Pires
1000,"Como Implementar Python Avançado: POO, Decorators e Geradores Passo a Passo",Vídeo,Programação & Software,Intermediário,54,2025-04-02,"Vídeo prático e objetivo apresentando a aplicação de Python Avançado: POO, Decorators e Geradores. Em formato hands-on com nível intermediário, o conteúdo demonstra resolução de problemas reais, passo a passo detalhado e dicas essenciais de implementação para acelerar seu domínio em Programação & Software.",Dra. Renata Figueiredo Melo
